INFO 2025-04-21 15:55:05,944 autoreload Watching for file changes with StatReloader
DEBUG 2025-04-21 15:55:05,946 autoreload Waiting for apps ready_event.
DEBUG 2025-04-21 15:55:05,965 autoreload Apps ready_event triggered. Sending autoreload_started signal.
DEBUG 2025-04-21 15:55:05,983 autoreload Watching dir /home/karim/CREM_Webapp/templates with glob **/*.
DEBUG 2025-04-21 15:55:05,983 autoreload Watching dir /home/karim/CREM_Webapp/locale with glob **/*.mo.
DEBUG 2025-04-21 15:55:05,983 autoreload Watching dir /home/karim/CREM_Webapp/contact/locale with glob **/*.mo.
DEBUG 2025-04-21 15:55:05,983 autoreload Watching dir /home/karim/CREM_Webapp/front_app/locale with glob **/*.mo.
DEBUG 2025-04-21 15:55:05,983 autoreload Watching dir /home/karim/CREM_Webapp/instrumentation/locale with glob **/*.mo.
DEBUG 2025-04-21 15:55:06,054 utils (0.001) 
            SELECT name, type FROM sqlite_master
            WHERE type in ('table', 'view') AND NOT name='sqlite_sequence'
            ORDER BY name; args=None; alias=default
DEBUG 2025-04-21 15:55:06,058 utils (0.000) SELECT "django_migrations"."id", "django_migrations"."app", "django_migrations"."name", "django_migrations"."applied" FROM "django_migrations"; args=(); alias=default
DEBUG 2025-04-21 15:55:06,086 autoreload File /home/karim/.local/lib/python3.10/site-packages/django/contrib/admin/__init__.py first seen with mtime 1741778993.5580328
DEBUG 2025-04-21 15:55:06,086 autoreload File /home/karim/.local/lib/python3.10/site-packages/django/http/multipartparser.py first seen with mtime 1741778994.0500336
DEBUG 2025-04-21 15:55:06,086 autoreload File /home/karim/.local/lib/python3.10/site-packages/django/utils/asyncio.py first seen with mtime 1741778994.0590336
DEBUG 2025-04-21 15:55:06,086 autoreload File /usr/lib/python3.10/stat.py first seen with mtime 1738681056.0
DEBUG 2025-04-21 15:55:06,086 autoreload File /home/karim/.local/lib/python3.10/site-packages/django/core/files/__init__.py first seen with mtime 1741778994.0060334
DEBUG 2025-04-21 15:55:06,086 autoreload File /usr/lib/python3.10/sysconfig.py first seen with mtime 1738681056.0
DEBUG 2025-04-21 15:55:06,086 autoreload File /home/karim/.local/lib/python3.10/site-packages/django/core/exceptions.py first seen with mtime 1741778994.0020335
DEBUG 2025-04-21 15:55:06,087 autoreload File /home/karim/CREM_Webapp/contact/views.py first seen with mtime 1744905431.7052162
DEBUG 2025-04-21 15:55:06,087 autoreload File /usr/lib/python3.10/asyncio/sslproto.py first seen with mtime 1738681056.0
DEBUG 2025-04-21 15:55:06,087 autoreload File /usr/lib/python3.10/datetime.py first seen with mtime 1738681056.0
DEBUG 2025-04-21 15:55:06,087 autoreload File /usr/lib/python3.10/asyncio/events.py first seen with mtime 1738681056.0
DEBUG 2025-04-21 15:55:06,087 autoreload File /usr/lib/python3.10/email/message.py first seen with mtime 1738681056.0
DEBUG 2025-04-21 15:55:06,087 autoreload File /home/karim/.local/lib/python3.10/site-packages/django/contrib/admin/utils.py first seen with mtime 1741778993.5610328
DEBUG 2025-04-21 15:55:06,087 autoreload File /usr/lib/python3.10/email/mime/multipart.py first seen with mtime 1738681056.0
DEBUG 2025-04-21 15:55:06,087 autoreload File /home/karim/.local/lib/python3.10/site-packages/django/contrib/auth/hashers.py first seen with mtime 1741778993.7010329
DEBUG 2025-04-21 15:55:06,087 autoreload File /home/karim/CREM_Webapp/front_app/admin.py first seen with mtime 1742568234.011488
DEBUG 2025-04-21 15:55:06,087 autoreload File /home/karim/.local/lib/python3.10/site-packages/django/core/files/utils.py first seen with mtime 1741778994.0070333
DEBUG 2025-04-21 15:55:06,087 autoreload File /home/karim/.local/lib/python3.10/site-packages/django/db/backends/signals.py first seen with mtime 1741778994.0170336
DEBUG 2025-04-21 15:55:06,087 autoreload File /home/karim/.local/lib/python3.10/site-packages/django/views/decorators/cache.py first seen with mtime 1741778994.0670335
DEBUG 2025-04-21 15:55:06,087 autoreload File /home/karim/.local/lib/python3.10/site-packages/django/template/loaders/filesystem.py first seen with mtime 1741778994.0550334
DEBUG 2025-04-21 15:55:06,087 autoreload File /home/karim/.local/lib/python3.10/site-packages/django/core/handlers/__init__.py first seen with mtime 1741778994.0080335
DEBUG 2025-04-21 15:55:06,087 autoreload File /usr/lib/python3.10/contextvars.py first seen with mtime 1738681056.0
DEBUG 2025-04-21 15:55:06,087 autoreload File /usr/lib/python3.10/lib-dynload/_ssl.cpython-310-x86_64-linux-gnu.so first seen with mtime 1738681056.0
DEBUG 2025-04-21 15:55:06,087 autoreload File /usr/lib/python3.10/os.py first seen with mtime 1738681056.0
DEBUG 2025-04-21 15:55:06,088 autoreload File /home/karim/.local/lib/python3.10/site-packages/django/middleware/csrf.py first seen with mtime 1741778994.0510335
DEBUG 2025-04-21 15:55:06,088 autoreload File /usr/lib/python3.10/lzma.py first seen with mtime 1738681056.0
DEBUG 2025-04-21 15:55:06,088 autoreload File /usr/lib/python3.10/hmac.py first seen with mtime 1738681056.0
DEBUG 2025-04-21 15:55:06,088 autoreload File /home/karim/.local/lib/python3.10/site-packages/django/shortcuts.py first seen with mtime 1741778993.4780326
DEBUG 2025-04-21 15:55:06,088 autoreload File /usr/lib/python3.10/quopri.py first seen with mtime 1738681056.0
DEBUG 2025-04-21 15:55:06,088 autoreload File /home/karim/.local/lib/python3.10/site-packages/django/utils/deconstruct.py first seen with mtime 1741778994.0610335
DEBUG 2025-04-21 15:55:06,088 autoreload File /usr/lib/python3.10/random.py first seen with mtime 1738681056.0
DEBUG 2025-04-21 15:55:06,088 autoreload File /home/karim/.local/lib/python3.10/site-packages/asgiref/local.py first seen with mtime 1724687074.4167829
DEBUG 2025-04-21 15:55:06,088 autoreload File /home/karim/.local/lib/python3.10/site-packages/django/db/models/fields/proxy.py first seen with mtime 1741778994.0330334
DEBUG 2025-04-21 15:55:06,088 autoreload File /usr/lib/python3.10/email/generator.py first seen with mtime 1738681056.0
DEBUG 2025-04-21 15:55:06,088 autoreload File /home/karim/.local/lib/python3.10/site-packages/django/core/checks/async_checks.py first seen with mtime 1741778994.0040333
DEBUG 2025-04-21 15:55:06,088 autoreload File /usr/lib/python3.10/pathlib.py first seen with mtime 1738681056.0
DEBUG 2025-04-21 15:55:06,088 autoreload File /usr/lib/python3.10/logging/__init__.py first seen with mtime 1738681056.0
DEBUG 2025-04-21 15:55:06,088 autoreload File /home/karim/.local/lib/python3.10/site-packages/django/contrib/auth/admin.py first seen with mtime 1741778993.700033
DEBUG 2025-04-21 15:55:06,088 autoreload File /usr/lib/python3.10/heapq.py first seen with mtime 1738681056.0
DEBUG 2025-04-21 15:55:06,088 autoreload File /usr/lib/python3.10/multiprocessing/context.py first seen with mtime 1738681056.0
DEBUG 2025-04-21 15:55:06,088 autoreload File /home/karim/.local/lib/python3.10/site-packages/django/db/backends/ddl_references.py first seen with mtime 1741778994.0170336
DEBUG 2025-04-21 15:55:06,088 autoreload File /home/karim/.local/lib/python3.10/site-packages/django/forms/renderers.py first seen with mtime 1741778994.0390334
DEBUG 2025-04-21 15:55:06,088 autoreload File /usr/lib/python3/dist-packages/colorama/winterm.py first seen with mtime 1602564393.0
DEBUG 2025-04-21 15:55:06,089 autoreload File /home/karim/.local/lib/python3.10/site-packages/django/utils/connection.py first seen with mtime 1741778994.0600336
DEBUG 2025-04-21 15:55:06,089 autoreload File /usr/lib/python3.10/http/__init__.py first seen with mtime 1738681056.0
DEBUG 2025-04-21 15:55:06,089 autoreload File /home/karim/.local/lib/python3.10/site-packages/django/core/wsgi.py first seen with mtime 1741778994.0020335
DEBUG 2025-04-21 15:55:06,089 autoreload File /usr/lib/python3.10/urllib/parse.py first seen with mtime 1738681056.0
DEBUG 2025-04-21 15:55:06,089 autoreload File /home/karim/.local/lib/python3.10/site-packages/django/core/checks/caches.py first seen with mtime 1741778994.0040333
DEBUG 2025-04-21 15:55:06,089 autoreload File /home/karim/.local/lib/python3.10/site-packages/django/contrib/admin/filters.py first seen with mtime 1741778993.5590327
DEBUG 2025-04-21 15:55:06,089 autoreload File /home/karim/.local/lib/python3.10/site-packages/django/db/models/utils.py first seen with mtime 1741778994.0320334
DEBUG 2025-04-21 15:55:06,089 autoreload File /usr/lib/python3.10/pickle.py first seen with mtime 1738681056.0
DEBUG 2025-04-21 15:55:06,089 autoreload File /home/karim/.local/lib/python3.10/site-packages/django/db/backends/sqlite3/client.py first seen with mtime 1741778994.0240335
DEBUG 2025-04-21 15:55:06,089 autoreload File /home/karim/.local/lib/python3.10/site-packages/django/conf/global_settings.py first seen with mtime 1741778993.4790325
DEBUG 2025-04-21 15:55:06,089 autoreload File /home/karim/.local/lib/python3.10/site-packages/django/core/files/move.py first seen with mtime 1741778994.0060334
DEBUG 2025-04-21 15:55:06,089 autoreload File /home/karim/.local/lib/python3.10/site-packages/django/utils/functional.py first seen with mtime 1741778994.0620337
DEBUG 2025-04-21 15:55:06,089 autoreload File /usr/lib/python3.10/email/_policybase.py first seen with mtime 1738681056.0
DEBUG 2025-04-21 15:55:06,089 autoreload File /home/karim/.local/lib/python3.10/site-packages/django/contrib/staticfiles/finders.py first seen with mtime 1741778993.9990335
DEBUG 2025-04-21 15:55:06,089 autoreload File /home/karim/.local/lib/python3.10/site-packages/django/utils/lorem_ipsum.py first seen with mtime 1741778994.0630336
DEBUG 2025-04-21 15:55:06,089 autoreload File /home/karim/.local/lib/python3.10/site-packages/django/templatetags/__init__.py first seen with mtime 1741778994.0550334
DEBUG 2025-04-21 15:55:06,089 autoreload File /home/karim/.local/lib/python3.10/site-packages/sqlparse/filters/others.py first seen with mtime 1724687074.3807824
DEBUG 2025-04-21 15:55:06,089 autoreload File /home/karim/.local/lib/python3.10/site-packages/asgiref/current_thread_executor.py first seen with mtime 1724687074.4167829
DEBUG 2025-04-21 15:55:06,089 autoreload File /home/karim/CREM_Webapp/contact/urls.py first seen with mtime 1744904312.5719054
DEBUG 2025-04-21 15:55:06,089 autoreload File /usr/lib/python3.10/email/feedparser.py first seen with mtime 1738681056.0
DEBUG 2025-04-21 15:55:06,089 autoreload File /usr/lib/python3.10/zoneinfo/_tzpath.py first seen with mtime 1738681056.0
DEBUG 2025-04-21 15:55:06,089 autoreload File /usr/lib/python3.10/importlib/machinery.py first seen with mtime 1738681056.0
DEBUG 2025-04-21 15:55:06,089 autoreload File /usr/lib/python3.10/lib-dynload/_lzma.cpython-310-x86_64-linux-gnu.so first seen with mtime 1738681056.0
DEBUG 2025-04-21 15:55:06,089 autoreload File /usr/lib/python3.10/sre_parse.py first seen with mtime 1738681056.0
DEBUG 2025-04-21 15:55:06,089 autoreload File /usr/lib/python3.10/sqlite3/dbapi2.py first seen with mtime 1738681056.0
DEBUG 2025-04-21 15:55:06,090 autoreload File /home/karim/.local/lib/python3.10/site-packages/django/contrib/auth/__init__.py first seen with mtime 1741778993.700033
DEBUG 2025-04-21 15:55:06,090 autoreload File /home/karim/.local/lib/python3.10/site-packages/django/core/cache/backends/base.py first seen with mtime 1741778994.0030334
DEBUG 2025-04-21 15:55:06,090 autoreload File /usr/lib/python3.10/email/mime/__init__.py first seen with mtime 1738681056.0
DEBUG 2025-04-21 15:55:06,090 autoreload File /home/karim/.local/lib/python3.10/site-packages/sqlparse/filters/aligned_indent.py first seen with mtime 1724687074.3807824
DEBUG 2025-04-21 15:55:06,090 autoreload File /home/karim/.local/lib/python3.10/site-packages/django/views/generic/edit.py first seen with mtime 1741778994.0680335
DEBUG 2025-04-21 15:55:06,090 autoreload File /usr/lib/python3.10/copy.py first seen with mtime 1738681056.0
DEBUG 2025-04-21 15:55:06,090 autoreload File /home/karim/.local/lib/python3.10/site-packages/django/core/files/storage/handler.py first seen with mtime 1741778994.0070333
DEBUG 2025-04-21 15:55:06,090 autoreload File /usr/lib/python3.10/dataclasses.py first seen with mtime 1738681056.0
DEBUG 2025-04-21 15:55:06,090 autoreload File /home/karim/.local/lib/python3.10/site-packages/django/db/models/manager.py first seen with mtime 1741778994.0310335
DEBUG 2025-04-21 15:55:06,090 autoreload File /home/karim/.local/lib/python3.10/site-packages/django/template/base.py first seen with mtime 1741778994.0520334
DEBUG 2025-04-21 15:55:06,090 autoreload File /usr/lib/python3/dist-packages/colorama/__init__.py first seen with mtime 1602564393.0
DEBUG 2025-04-21 15:55:06,090 autoreload File /home/karim/.local/lib/python3.10/site-packages/sqlparse/cli.py first seen with mtime 1724687074.3767824
DEBUG 2025-04-21 15:55:06,090 autoreload File /home/karim/.local/lib/python3.10/site-packages/django/contrib/sites/__init__.py first seen with mtime 1741778993.9700334
DEBUG 2025-04-21 15:55:06,090 autoreload File /home/karim/.local/lib/python3.10/site-packages/django/contrib/sessions/apps.py first seen with mtime 1741778993.9400334
DEBUG 2025-04-21 15:55:06,090 autoreload File /home/karim/.local/lib/python3.10/site-packages/django/utils/dateparse.py first seen with mtime 1741778994.0610335
DEBUG 2025-04-21 15:55:06,090 autoreload File /home/karim/.local/lib/python3.10/site-packages/django/core/cache/__init__.py first seen with mtime 1741778994.0020335
DEBUG 2025-04-21 15:55:06,090 autoreload File /home/karim/.local/lib/python3.10/site-packages/django/core/checks/files.py first seen with mtime 1741778994.0040333
DEBUG 2025-04-21 15:55:06,090 autoreload File /usr/lib/python3.10/tempfile.py first seen with mtime 1738681056.0
DEBUG 2025-04-21 15:55:06,090 autoreload File /home/karim/.local/lib/python3.10/site-packages/django/contrib/staticfiles/apps.py first seen with mtime 1741778993.9990335
DEBUG 2025-04-21 15:55:06,090 autoreload File /home/karim/.local/lib/python3.10/site-packages/django/forms/utils.py first seen with mtime 1741778994.0390334
DEBUG 2025-04-21 15:55:06,090 autoreload File /home/karim/.local/lib/python3.10/site-packages/django/db/models/sql/__init__.py first seen with mtime 1741778994.0350335
DEBUG 2025-04-21 15:55:06,090 autoreload File /home/karim/.local/lib/python3.10/site-packages/django/utils/timezone.py first seen with mtime 1741778994.0640335
DEBUG 2025-04-21 15:55:06,090 autoreload File /usr/lib/python3.10/email/_encoded_words.py first seen with mtime 1738681056.0
DEBUG 2025-04-21 15:55:06,090 autoreload File /home/karim/.local/lib/python3.10/site-packages/django/core/files/storage/memory.py first seen with mtime 1741778994.0080335
DEBUG 2025-04-21 15:55:06,090 autoreload File /usr/lib/python3.10/concurrent/futures/__init__.py first seen with mtime 1738681056.0
DEBUG 2025-04-21 15:55:06,090 autoreload File /home/karim/.local/lib/python3.10/site-packages/django/contrib/admin/sites.py first seen with mtime 1741778993.5610328
DEBUG 2025-04-21 15:55:06,090 autoreload File /home/karim/.local/lib/python3.10/site-packages/django/core/checks/templates.py first seen with mtime 1741778994.0050335
DEBUG 2025-04-21 15:55:06,091 autoreload File /home/karim/.local/lib/python3.10/site-packages/django/utils/crypto.py first seen with mtime 1741778994.0600336
DEBUG 2025-04-21 15:55:06,091 autoreload File /usr/lib/python3.10/subprocess.py first seen with mtime 1738681056.0
DEBUG 2025-04-21 15:55:06,091 autoreload File /usr/lib/python3.10/asyncio/mixins.py first seen with mtime 1738681056.0
DEBUG 2025-04-21 15:55:06,091 autoreload File /home/karim/.local/lib/python3.10/site-packages/django/views/__init__.py first seen with mtime 1741778994.0660336
DEBUG 2025-04-21 15:55:06,091 autoreload File /usr/lib/python3.10/asyncio/selector_events.py first seen with mtime 1738681056.0
DEBUG 2025-04-21 15:55:06,091 autoreload File /usr/lib/python3.10/re.py first seen with mtime 1738681056.0
DEBUG 2025-04-21 15:55:06,091 autoreload File /usr/lib/python3.10/asyncio/constants.py first seen with mtime 1738681056.0
DEBUG 2025-04-21 15:55:06,091 autoreload File /home/karim/.local/lib/python3.10/site-packages/django/core/handlers/asgi.py first seen with mtime 1741778994.0080335
DEBUG 2025-04-21 15:55:06,091 autoreload File /home/karim/.local/lib/python3.10/site-packages/django/templatetags/cache.py first seen with mtime 1741778994.0560336
DEBUG 2025-04-21 15:55:06,091 autoreload File /home/karim/.local/lib/python3.10/site-packages/django/utils/module_loading.py first seen with mtime 1741778994.0630336
DEBUG 2025-04-21 15:55:06,091 autoreload File /usr/lib/python3.10/concurrent/futures/thread.py first seen with mtime 1738681056.0
DEBUG 2025-04-21 15:55:06,091 autoreload File /usr/lib/python3.10/bisect.py first seen with mtime 1738681056.0
DEBUG 2025-04-21 15:55:06,091 autoreload File /home/karim/.local/lib/python3.10/site-packages/django/core/checks/compatibility/__init__.py first seen with mtime 1741778994.0050335
DEBUG 2025-04-21 15:55:06,091 autoreload File /home/karim/.local/lib/python3.10/site-packages/django/template/response.py first seen with mtime 1741778994.0540335
DEBUG 2025-04-21 15:55:06,091 autoreload File /home/karim/.local/lib/python3.10/site-packages/django/db/models/sql/constants.py first seen with mtime 1741778994.0360334
DEBUG 2025-04-21 15:55:06,091 autoreload File /home/karim/.local/lib/python3.10/site-packages/django/template/smartif.py first seen with mtime 1741778994.0540335
DEBUG 2025-04-21 15:55:06,091 autoreload File /home/karim/.local/lib/python3.10/site-packages/django/contrib/admin/actions.py first seen with mtime 1741778993.5590327
DEBUG 2025-04-21 15:55:06,091 autoreload File /home/karim/.local/lib/python3.10/site-packages/django/contrib/admin/apps.py first seen with mtime 1741778993.5590327
DEBUG 2025-04-21 15:55:06,091 autoreload File /home/karim/.local/lib/python3.10/site-packages/sqlparse/filters/right_margin.py first seen with mtime 1724687074.3807824
DEBUG 2025-04-21 15:55:06,091 autoreload File /home/karim/.local/lib/python3.10/site-packages/django/db/backends/sqlite3/introspection.py first seen with mtime 1741778994.0250335
DEBUG 2025-04-21 15:55:06,091 autoreload File /usr/lib/python3.10/asyncio/streams.py first seen with mtime 1738681056.0
DEBUG 2025-04-21 15:55:06,091 autoreload File /home/karim/.local/lib/python3.10/site-packages/django/template/defaulttags.py first seen with mtime 1741778994.0530336
DEBUG 2025-04-21 15:55:06,091 autoreload File /usr/lib/python3.10/_compat_pickle.py first seen with mtime 1738681056.0
DEBUG 2025-04-21 15:55:06,091 autoreload File /home/karim/CREM_Webapp/instrumentation/models.py first seen with mtime 1742568234.013488
DEBUG 2025-04-21 15:55:06,091 autoreload File /home/karim/.local/lib/python3.10/site-packages/django/contrib/messages/utils.py first seen with mtime 1741778993.8800333
DEBUG 2025-04-21 15:55:06,092 autoreload File /usr/lib/python3.10/functools.py first seen with mtime 1738681056.0
DEBUG 2025-04-21 15:55:06,092 autoreload File /home/karim/.local/lib/python3.10/site-packages/django/views/decorators/debug.py first seen with mtime 1741778994.0670335
DEBUG 2025-04-21 15:55:06,092 autoreload File /usr/lib/python3.10/lib-dynload/_opcode.cpython-310-x86_64-linux-gnu.so first seen with mtime 1738681056.0
DEBUG 2025-04-21 15:55:06,092 autoreload File /usr/lib/python3.10/getpass.py first seen with mtime 1738681056.0
DEBUG 2025-04-21 15:55:06,092 autoreload File /home/karim/.local/lib/python3.10/site-packages/django/core/files/storage/base.py first seen with mtime 1741778994.0070333
DEBUG 2025-04-21 15:55:06,092 autoreload File /home/karim/.local/lib/python3.10/site-packages/django/db/models/enums.py first seen with mtime 1741778994.0300336
DEBUG 2025-04-21 15:55:06,092 autoreload File /home/karim/CREM_Webapp/front_app/models.py first seen with mtime 1742568234.011488
DEBUG 2025-04-21 15:55:06,092 autoreload File /home/karim/.local/lib/python3.10/site-packages/django/db/transaction.py first seen with mtime 1741778994.0160334
DEBUG 2025-04-21 15:55:06,092 autoreload File /home/karim/.local/lib/python3.10/site-packages/django/views/decorators/common.py first seen with mtime 1741778994.0670335
DEBUG 2025-04-21 15:55:06,092 autoreload File /usr/lib/python3.10/logging/config.py first seen with mtime 1738681056.0
DEBUG 2025-04-21 15:55:06,092 autoreload File /home/karim/.local/lib/python3.10/site-packages/django/contrib/messages/api.py first seen with mtime 1741778993.8790333
DEBUG 2025-04-21 15:55:06,092 autoreload File /usr/lib/python3.10/json/encoder.py first seen with mtime 1738681056.0
DEBUG 2025-04-21 15:55:06,092 autoreload File /home/karim/.local/lib/python3.10/site-packages/django/forms/widgets.py first seen with mtime 1741778994.0390334
DEBUG 2025-04-21 15:55:06,092 autoreload File /home/karim/.local/lib/python3.10/site-packages/django/db/__init__.py first seen with mtime 1741778994.0160334
DEBUG 2025-04-21 15:55:06,092 autoreload File /home/karim/.local/lib/python3.10/site-packages/django/forms/boundfield.py first seen with mtime 1741778994.0380335
DEBUG 2025-04-21 15:55:06,092 autoreload File /home/karim/.local/lib/python3.10/site-packages/django/contrib/sites/shortcuts.py first seen with mtime 1741778993.9710333
DEBUG 2025-04-21 15:55:06,092 autoreload File /home/karim/.local/lib/python3.10/site-packages/django/contrib/admin/templatetags/__init__.py first seen with mtime 1741778993.664033
DEBUG 2025-04-21 15:55:06,092 autoreload File /usr/lib/python3.10/asyncio/staggered.py first seen with mtime 1738681056.0
DEBUG 2025-04-21 15:55:06,092 autoreload File /usr/lib/python3.10/_markupbase.py first seen with mtime 1738681056.0
DEBUG 2025-04-21 15:55:06,092 autoreload File /usr/lib/python3.10/pkgutil.py first seen with mtime 1738681056.0
DEBUG 2025-04-21 15:55:06,092 autoreload File /usr/lib/python3.10/email/contentmanager.py first seen with mtime 1738681056.0
DEBUG 2025-04-21 15:55:06,092 autoreload File /home/karim/.local/lib/python3.10/site-packages/sqlparse/tokens.py first seen with mtime 1724687074.3807824
DEBUG 2025-04-21 15:55:06,092 autoreload File /usr/lib/python3.10/gettext.py first seen with mtime 1738681056.0
DEBUG 2025-04-21 15:55:06,092 autoreload File /usr/lib/python3.10/asyncio/transports.py first seen with mtime 1738681056.0
DEBUG 2025-04-21 15:55:06,092 autoreload File /usr/lib/python3.10/ast.py first seen with mtime 1738681056.0
DEBUG 2025-04-21 15:55:06,093 autoreload File /home/karim/.local/lib/python3.10/site-packages/django/middleware/cache.py first seen with mtime 1741778994.0500336
DEBUG 2025-04-21 15:55:06,093 autoreload File /home/karim/.local/lib/python3.10/site-packages/django/db/utils.py first seen with mtime 1741778994.0160334
DEBUG 2025-04-21 15:55:06,093 autoreload File /home/karim/.local/lib/python3.10/site-packages/django/utils/translation/reloader.py first seen with mtime 1741778994.0650334
DEBUG 2025-04-21 15:55:06,093 autoreload File /usr/lib/python3.10/asyncio/subprocess.py first seen with mtime 1738681056.0
DEBUG 2025-04-21 15:55:06,093 autoreload File /home/karim/.local/lib/python3.10/site-packages/django/db/models/base.py first seen with mtime 1741778994.0290334
DEBUG 2025-04-21 15:55:06,093 autoreload File /usr/lib/python3.10/ntpath.py first seen with mtime 1738681056.0
DEBUG 2025-04-21 15:55:06,093 autoreload File /usr/lib/python3.10/sre_constants.py first seen with mtime 1738681056.0
DEBUG 2025-04-21 15:55:06,093 autoreload File /home/karim/CREM_Webapp/front_app/apps.py first seen with mtime 1742568234.011488
DEBUG 2025-04-21 15:55:06,093 autoreload File /home/karim/.local/lib/python3.10/site-packages/django/template/loaders/base.py first seen with mtime 1741778994.0550334
DEBUG 2025-04-21 15:55:06,093 autoreload File /home/karim/.local/lib/python3.10/site-packages/django/template/loader.py first seen with mtime 1741778994.0530336
DEBUG 2025-04-21 15:55:06,093 autoreload File /usr/lib/python3.10/_sitebuiltins.py first seen with mtime 1738681056.0
DEBUG 2025-04-21 15:55:06,093 autoreload File /usr/lib/python3.10/posixpath.py first seen with mtime 1738681056.0
DEBUG 2025-04-21 15:55:06,093 autoreload File /home/karim/CREM_Webapp/CREM_Webapp/settings.py first seen with mtime 1745234251.9341745
DEBUG 2025-04-21 15:55:06,093 autoreload File /home/karim/.local/lib/python3.10/site-packages/django/contrib/contenttypes/admin.py first seen with mtime 1741778993.740033
DEBUG 2025-04-21 15:55:06,093 autoreload File /home/karim/.local/lib/python3.10/site-packages/django/core/cache/backends/__init__.py first seen with mtime 1741778994.0030334
DEBUG 2025-04-21 15:55:06,094 autoreload File /usr/lib/python3.10/html/entities.py first seen with mtime 1738681056.0
DEBUG 2025-04-21 15:55:06,094 autoreload File /usr/lib/python3.10/locale.py first seen with mtime 1738681056.0
DEBUG 2025-04-21 15:55:06,094 autoreload File /home/karim/.local/lib/python3.10/site-packages/django/db/models/fields/files.py first seen with mtime 1741778994.0330334
DEBUG 2025-04-21 15:55:06,094 autoreload File /usr/lib/python3.10/types.py first seen with mtime 1738681056.0
DEBUG 2025-04-21 15:55:06,094 autoreload File /home/karim/.local/lib/python3.10/site-packages/django/forms/models.py first seen with mtime 1741778994.0390334
DEBUG 2025-04-21 15:55:06,094 autoreload File /usr/lib/python3.10/wsgiref/simple_server.py first seen with mtime 1738681056.0
DEBUG 2025-04-21 15:55:06,094 autoreload File /home/karim/.local/lib/python3.10/site-packages/django/core/paginator.py first seen with mtime 1741778994.0020335
DEBUG 2025-04-21 15:55:06,094 autoreload File /home/karim/.local/lib/python3.10/site-packages/django/template/__init__.py first seen with mtime 1741778994.0510335
DEBUG 2025-04-21 15:55:06,094 autoreload File /usr/lib/python3.10/bz2.py first seen with mtime 1738681056.0
DEBUG 2025-04-21 15:55:06,094 autoreload File /home/karim/.local/lib/python3.10/site-packages/django/templatetags/i18n.py first seen with mtime 1741778994.0560336
DEBUG 2025-04-21 15:55:06,094 autoreload File /usr/lib/python3.10/urllib/__init__.py first seen with mtime 1738681056.0
DEBUG 2025-04-21 15:55:06,094 autoreload File /usr/lib/python3.10/email/mime/nonmultipart.py first seen with mtime 1738681056.0
DEBUG 2025-04-21 15:55:06,094 autoreload File /home/karim/.local/lib/python3.10/site-packages/django/core/management/color.py first seen with mtime 1741778994.0100334
DEBUG 2025-04-21 15:55:06,094 autoreload File /home/karim/.local/lib/python3.10/site-packages/django/core/management/commands/__init__.py first seen with mtime 1741778994.0110335
DEBUG 2025-04-21 15:55:06,095 autoreload File /home/karim/.local/lib/python3.10/site-packages/django/db/backends/utils.py first seen with mtime 1741778994.0170336
DEBUG 2025-04-21 15:55:06,095 autoreload File /home/karim/.local/lib/python3.10/site-packages/django/utils/dateformat.py first seen with mtime 1741778994.0600336
DEBUG 2025-04-21 15:55:06,095 autoreload File /usr/lib/python3/dist-packages/colorama/initialise.py first seen with mtime 1602564393.0
DEBUG 2025-04-21 15:55:06,095 autoreload File /usr/lib/python3/dist-packages/colorama/win32.py first seen with mtime 1602564393.0
DEBUG 2025-04-21 15:55:06,095 autoreload File /usr/lib/python3.10/email/_parseaddr.py first seen with mtime 1738681056.0
DEBUG 2025-04-21 15:55:06,095 autoreload File /home/karim/.local/lib/python3.10/site-packages/django/utils/tree.py first seen with mtime 1741778994.0640335
DEBUG 2025-04-21 15:55:06,095 autoreload File /home/karim/.local/lib/python3.10/site-packages/django/utils/datastructures.py first seen with mtime 1741778994.0600336
DEBUG 2025-04-21 15:55:06,095 autoreload File /home/karim/.local/lib/python3.10/site-packages/django/contrib/admin/templatetags/admin_modify.py first seen with mtime 1741778993.664033
DEBUG 2025-04-21 15:55:06,095 autoreload File /usr/lib/python3.10/contextlib.py first seen with mtime 1738681056.0
DEBUG 2025-04-21 15:55:06,095 autoreload File /home/karim/.local/lib/python3.10/site-packages/django/utils/version.py first seen with mtime 1741778994.0650334
DEBUG 2025-04-21 15:55:06,095 autoreload File /home/karim/.local/lib/python3.10/site-packages/django/db/models/functions/text.py first seen with mtime 1741778994.0350335
DEBUG 2025-04-21 15:55:06,095 autoreload File /home/karim/.local/lib/python3.10/site-packages/django/contrib/admin/views/__init__.py first seen with mtime 1741778993.6650329
DEBUG 2025-04-21 15:55:06,095 autoreload File /home/karim/.local/lib/python3.10/site-packages/django/db/migrations/operations/fields.py first seen with mtime 1741778994.0280335
DEBUG 2025-04-21 15:55:06,095 autoreload File /home/karim/.local/lib/python3.10/site-packages/django/urls/exceptions.py first seen with mtime 1741778994.0580335
DEBUG 2025-04-21 15:55:06,095 autoreload File /home/karim/.local/lib/python3.10/site-packages/django/contrib/auth/apps.py first seen with mtime 1741778993.700033
DEBUG 2025-04-21 15:55:06,095 autoreload File /home/karim/.local/lib/python3.10/site-packages/django/db/backends/base/introspection.py first seen with mtime 1741778994.0180335
DEBUG 2025-04-21 15:55:06,095 autoreload File /usr/lib/python3.10/genericpath.py first seen with mtime 1738681056.0
DEBUG 2025-04-21 15:55:06,096 autoreload File /home/karim/.local/lib/python3.10/site-packages/django/core/cache/backends/filebased.py first seen with mtime 1741778994.0030334
DEBUG 2025-04-21 15:55:06,096 autoreload File /usr/lib/python3/dist-packages/PIL/_version.py first seen with mtime 1643848543.0
DEBUG 2025-04-21 15:55:06,096 autoreload File /usr/lib/python3.10/collections/__init__.py first seen with mtime 1738681056.0
DEBUG 2025-04-21 15:55:06,096 autoreload File /home/karim/.local/lib/python3.10/site-packages/django/contrib/contenttypes/__init__.py first seen with mtime 1741778993.740033
DEBUG 2025-04-21 15:55:06,096 autoreload File /home/karim/.local/lib/python3.10/site-packages/django/contrib/auth/validators.py first seen with mtime 1741778993.702033
DEBUG 2025-04-21 15:55:06,096 autoreload File /home/karim/.local/lib/python3.10/site-packages/django/core/checks/__init__.py first seen with mtime 1741778994.0040333
DEBUG 2025-04-21 15:55:06,096 autoreload File /usr/lib/python3.10/weakref.py first seen with mtime 1738681056.0
DEBUG 2025-04-21 15:55:06,096 autoreload File /home/karim/.local/lib/python3.10/site-packages/django/core/management/commands/runserver.py first seen with mtime 1741778994.0130334
DEBUG 2025-04-21 15:55:06,096 autoreload File /home/karim/.local/lib/python3.10/site-packages/django/db/migrations/exceptions.py first seen with mtime 1741778994.0260334
DEBUG 2025-04-21 15:55:06,096 autoreload File /home/karim/.local/lib/python3.10/site-packages/django/db/models/fields/reverse_related.py first seen with mtime 1741778994.0340335
DEBUG 2025-04-21 15:55:06,096 autoreload File /home/karim/.local/lib/python3.10/site-packages/django/utils/inspect.py first seen with mtime 1741778994.0620337
DEBUG 2025-04-21 15:55:06,096 autoreload File /usr/lib/python3.10/difflib.py first seen with mtime 1738681056.0
DEBUG 2025-04-21 15:55:06,096 autoreload File /home/karim/.local/lib/python3.10/site-packages/django/utils/timesince.py first seen with mtime 1741778994.0640335
DEBUG 2025-04-21 15:55:06,096 autoreload File /usr/lib/python3/dist-packages/PIL/__init__.py first seen with mtime 1643848538.0
DEBUG 2025-04-21 15:55:06,097 autoreload File /usr/lib/python3.10/collections/abc.py first seen with mtime 1738681056.0
DEBUG 2025-04-21 15:55:06,097 autoreload File /home/karim/CREM_Webapp/instrumentation/admin.py first seen with mtime 1742568234.012488
DEBUG 2025-04-21 15:55:06,097 autoreload File /home/karim/.local/lib/python3.10/site-packages/django/db/backends/base/features.py first seen with mtime 1741778994.0180335
DEBUG 2025-04-21 15:55:06,097 autoreload File /home/karim/.local/lib/python3.10/site-packages/django/views/generic/list.py first seen with mtime 1741778994.0680335
DEBUG 2025-04-21 15:55:06,097 autoreload File /home/karim/.local/lib/python3.10/site-packages/django/db/models/expressions.py first seen with mtime 1741778994.0300336
DEBUG 2025-04-21 15:55:06,097 autoreload File /usr/lib/python3.10/asyncio/base_futures.py first seen with mtime 1738681056.0
DEBUG 2025-04-21 15:55:06,097 autoreload File /home/karim/.local/lib/python3.10/site-packages/django/views/i18n.py first seen with mtime 1741778994.0660336
DEBUG 2025-04-21 15:55:06,097 autoreload File /home/karim/.local/lib/python3.10/site-packages/django/utils/dates.py first seen with mtime 1741778994.0610335
DEBUG 2025-04-21 15:55:06,097 autoreload File /usr/lib/python3.10/lib-dynload/_uuid.cpython-310-x86_64-linux-gnu.so first seen with mtime 1738681056.0
DEBUG 2025-04-21 15:55:06,097 autoreload File /home/karim/.local/lib/python3.10/site-packages/django/utils/__init__.py first seen with mtime 1741778994.0590336
DEBUG 2025-04-21 15:55:06,097 autoreload File /usr/lib/python3.10/tokenize.py first seen with mtime 1738681056.0
DEBUG 2025-04-21 15:55:06,097 autoreload File /usr/lib/python3.10/lib-dynload/termios.cpython-310-x86_64-linux-gnu.so first seen with mtime 1738681056.0
DEBUG 2025-04-21 15:55:06,097 autoreload File /home/karim/.local/lib/python3.10/site-packages/django/db/backends/base/base.py first seen with mtime 1741778994.0170336
DEBUG 2025-04-21 15:55:06,097 autoreload File /home/karim/.local/lib/python3.10/site-packages/django/core/checks/security/csrf.py first seen with mtime 1741778994.0060334
DEBUG 2025-04-21 15:55:06,097 autoreload File /home/karim/.local/lib/python3.10/site-packages/django/core/files/storage/__init__.py first seen with mtime 1741778994.0070333
DEBUG 2025-04-21 15:55:06,098 autoreload File /home/karim/.local/lib/python3.10/site-packages/django/contrib/messages/apps.py first seen with mtime 1741778993.8790333
DEBUG 2025-04-21 15:55:06,098 autoreload File /usr/lib/python3.10/lib-dynload/_asyncio.cpython-310-x86_64-linux-gnu.so first seen with mtime 1738681056.0
DEBUG 2025-04-21 15:55:06,098 autoreload File /home/karim/.local/lib/python3.10/site-packages/django/urls/base.py first seen with mtime 1741778994.0580335
DEBUG 2025-04-21 15:55:06,098 autoreload File /usr/lib/python3.10/sqlite3/__init__.py first seen with mtime 1738681056.0
DEBUG 2025-04-21 15:55:06,098 autoreload File /usr/lib/python3.10/fractions.py first seen with mtime 1738681056.0
DEBUG 2025-04-21 15:55:06,098 autoreload File /usr/lib/python3.10/email/charset.py first seen with mtime 1738681056.0
DEBUG 2025-04-21 15:55:06,098 autoreload File /home/karim/.local/lib/python3.10/site-packages/django/core/serializers/json.py first seen with mtime 1741778994.0150335
DEBUG 2025-04-21 15:55:06,098 autoreload File /usr/lib/python3.10/asyncio/log.py first seen with mtime 1738681056.0
DEBUG 2025-04-21 15:55:06,098 autoreload File /home/karim/.local/lib/python3.10/site-packages/sqlparse/filters/reindent.py first seen with mtime 1724687074.3807824
DEBUG 2025-04-21 15:55:06,098 autoreload File /home/karim/.local/lib/python3.10/site-packages/django/core/files/storage/mixins.py first seen with mtime 1741778994.0080335
DEBUG 2025-04-21 15:55:06,098 autoreload File /usr/lib/python3.10/enum.py first seen with mtime 1738681056.0
DEBUG 2025-04-21 15:55:06,098 autoreload File /home/karim/CREM_Webapp/instrumentation/__init__.py first seen with mtime 1742568234.012488
DEBUG 2025-04-21 15:55:06,098 autoreload File /etc/python3.10/sitecustomize.py first seen with mtime 1648890259.0
DEBUG 2025-04-21 15:55:06,098 autoreload File /usr/lib/python3/dist-packages/PIL/TiffTags.py first seen with mtime 1643848538.0
DEBUG 2025-04-21 15:55:06,098 autoreload File /usr/lib/python3.10/encodings/aliases.py first seen with mtime 1738681056.0
DEBUG 2025-04-21 15:55:06,099 autoreload File /home/karim/.local/lib/python3.10/site-packages/django/db/models/__init__.py first seen with mtime 1741778994.0290334
DEBUG 2025-04-21 15:55:06,099 autoreload File /usr/lib/python3.10/_collections_abc.py first seen with mtime 1738681056.0
DEBUG 2025-04-21 15:55:06,099 autoreload File /home/karim/.local/lib/python3.10/site-packages/django/views/debug.py first seen with mtime 1741778994.0660336
DEBUG 2025-04-21 15:55:06,099 autoreload File /home/karim/CREM_Webapp/front_app/__init__.py first seen with mtime 1742568234.011488
DEBUG 2025-04-21 15:55:06,099 autoreload File /usr/lib/python3.10/asyncio/unix_events.py first seen with mtime 1738681056.0
DEBUG 2025-04-21 15:55:06,099 autoreload File /home/karim/.local/lib/python3.10/site-packages/django/template/loaders/__init__.py first seen with mtime 1741778994.0550334
DEBUG 2025-04-21 15:55:06,099 autoreload File /home/karim/.local/lib/python3.10/site-packages/django/db/models/fields/related.py first seen with mtime 1741778994.0340335
DEBUG 2025-04-21 15:55:06,099 autoreload File /home/karim/.local/lib/python3.10/site-packages/django/template/loaders/app_directories.py first seen with mtime 1741778994.0550334
DEBUG 2025-04-21 15:55:06,099 autoreload File /usr/lib/python3.10/json/scanner.py first seen with mtime 1738681056.0
DEBUG 2025-04-21 15:55:06,099 autoreload File /home/karim/.local/lib/python3.10/site-packages/django/views/defaults.py first seen with mtime 1741778994.0660336
DEBUG 2025-04-21 15:55:06,099 autoreload File /home/karim/CREM_Webapp/front_app/urls.py first seen with mtime 1742568234.011488
DEBUG 2025-04-21 15:55:06,099 autoreload File /home/karim/.local/lib/python3.10/site-packages/sqlparse/exceptions.py first seen with mtime 1724687074.3767824
DEBUG 2025-04-21 15:55:06,100 autoreload File /usr/lib/python3.10/zoneinfo/__init__.py first seen with mtime 1738681056.0
DEBUG 2025-04-21 15:55:06,100 autoreload File /home/karim/.local/lib/python3.10/site-packages/django/forms/formsets.py first seen with mtime 1741778994.0380335
DEBUG 2025-04-21 15:55:06,100 autoreload File /home/karim/.local/lib/python3.10/site-packages/django/http/__init__.py first seen with mtime 1741778994.0490334
DEBUG 2025-04-21 15:55:06,100 autoreload File /home/karim/.local/lib/python3.10/site-packages/django/utils/cache.py first seen with mtime 1741778994.0600336
DEBUG 2025-04-21 15:55:06,100 autoreload File /home/karim/.local/lib/python3.10/site-packages/django/utils/hashable.py first seen with mtime 1741778994.0620337
DEBUG 2025-04-21 15:55:06,100 autoreload File /usr/lib/python3.10/ctypes/_endian.py first seen with mtime 1738681056.0
DEBUG 2025-04-21 15:55:06,100 autoreload File /home/karim/.local/lib/python3.10/site-packages/django/db/models/constants.py first seen with mtime 1741778994.0290334
DEBUG 2025-04-21 15:55:06,100 autoreload File /home/karim/.local/lib/python3.10/site-packages/django/core/files/temp.py first seen with mtime 1741778994.0060334
DEBUG 2025-04-21 15:55:06,100 autoreload File /home/karim/.local/lib/python3.10/site-packages/django/templatetags/tz.py first seen with mtime 1741778994.0560336
DEBUG 2025-04-21 15:55:06,100 autoreload File /usr/lib/python3.10/json/decoder.py first seen with mtime 1738681056.0
DEBUG 2025-04-21 15:55:06,100 autoreload File /home/karim/.local/lib/python3.10/site-packages/django/db/models/sql/datastructures.py first seen with mtime 1741778994.0360334
DEBUG 2025-04-21 15:55:06,100 autoreload File /home/karim/.local/lib/python3.10/site-packages/sqlparse/engine/statement_splitter.py first seen with mtime 1724687074.3807824
DEBUG 2025-04-21 15:55:06,100 autoreload File /usr/lib/python3.10/asyncio/base_tasks.py first seen with mtime 1738681056.0
DEBUG 2025-04-21 15:55:06,100 autoreload File /home/karim/.local/lib/python3.10/site-packages/django/db/backends/sqlite3/creation.py first seen with mtime 1741778994.0240335
DEBUG 2025-04-21 15:55:06,100 autoreload File /home/karim/.local/lib/python3.10/site-packages/django/db/models/deletion.py first seen with mtime 1741778994.0300336
DEBUG 2025-04-21 15:55:06,100 autoreload File /home/karim/.local/lib/python3.10/site-packages/django/apps/__init__.py first seen with mtime 1741778993.4780326
DEBUG 2025-04-21 15:55:06,101 autoreload File /home/karim/CREM_Webapp/contact/admin.py first seen with mtime 1742568234.008488
DEBUG 2025-04-21 15:55:06,101 autoreload File /home/karim/.local/lib/python3.10/site-packages/django/templatetags/static.py first seen with mtime 1741778994.0560336
DEBUG 2025-04-21 15:55:06,101 autoreload File /usr/lib/python3.10/_compression.py first seen with mtime 1738681056.0
DEBUG 2025-04-21 15:55:06,101 autoreload File /home/karim/.local/lib/python3.10/site-packages/django/db/models/fields/__init__.py first seen with mtime 1741778994.0320334
DEBUG 2025-04-21 15:55:06,101 autoreload File /usr/lib/python3.10/logging/handlers.py first seen with mtime 1738681056.0
DEBUG 2025-04-21 15:55:06,101 autoreload File /usr/lib/python3.10/fnmatch.py first seen with mtime 1738681056.0
DEBUG 2025-04-21 15:55:06,101 autoreload File /home/karim/.local/lib/python3.10/site-packages/django/contrib/contenttypes/models.py first seen with mtime 1741778993.741033
DEBUG 2025-04-21 15:55:06,101 autoreload File /home/karim/.local/lib/python3.10/site-packages/django/contrib/auth/tokens.py first seen with mtime 1741778993.702033
DEBUG 2025-04-21 15:55:06,101 autoreload File /usr/lib/python3.10/_sysconfigdata__x86_64-linux-gnu.py first seen with mtime 1738681056.0
DEBUG 2025-04-21 15:55:06,101 autoreload File /home/karim/.local/lib/python3.10/site-packages/django/forms/__init__.py first seen with mtime 1741778994.0380335
DEBUG 2025-04-21 15:55:06,101 autoreload File /home/karim/CREM_Webapp/manage.py first seen with mtime 1742568234.015488
DEBUG 2025-04-21 15:55:06,101 autoreload File /home/karim/.local/lib/python3.10/site-packages/django/db/migrations/operations/special.py first seen with mtime 1741778994.0280335
DEBUG 2025-04-21 15:55:06,101 autoreload File /home/karim/.local/lib/python3.10/site-packages/django/core/checks/security/sessions.py first seen with mtime 1741778994.0060334
DEBUG 2025-04-21 15:55:06,101 autoreload File /home/karim/.local/lib/python3.10/site-packages/django/db/models/fields/mixins.py first seen with mtime 1741778994.0330334
DEBUG 2025-04-21 15:55:06,101 autoreload File /usr/lib/python3.10/secrets.py first seen with mtime 1738681056.0
DEBUG 2025-04-21 15:55:06,101 autoreload File /home/karim/.local/lib/python3.10/site-packages/sqlparse/filters/output.py first seen with mtime 1724687074.3807824
DEBUG 2025-04-21 15:55:06,101 autoreload File /home/karim/.local/lib/python3.10/site-packages/django/contrib/admin/templatetags/log.py first seen with mtime 1741778993.6650329
DEBUG 2025-04-21 15:55:06,101 autoreload File /usr/lib/python3.10/email/__init__.py first seen with mtime 1738681056.0
DEBUG 2025-04-21 15:55:06,101 autoreload File /usr/lib/python3.10/asyncio/runners.py first seen with mtime 1738681056.0
DEBUG 2025-04-21 15:55:06,101 autoreload File /usr/lib/python3/dist-packages/apport_python_hook.py first seen with mtime 1720612581.0
DEBUG 2025-04-21 15:55:06,101 autoreload File /home/karim/.local/lib/python3.10/site-packages/django/template/defaultfilters.py first seen with mtime 1741778994.0520334
DEBUG 2025-04-21 15:55:06,101 autoreload File /usr/lib/python3.10/asyncio/tasks.py first seen with mtime 1738681056.0
DEBUG 2025-04-21 15:55:06,101 autoreload File /usr/lib/python3.10/typing.py first seen with mtime 1738681056.0
DEBUG 2025-04-21 15:55:06,101 autoreload File /usr/lib/python3.10/codecs.py first seen with mtime 1738681056.0
DEBUG 2025-04-21 15:55:06,101 autoreload File /usr/lib/python3.10/http/server.py first seen with mtime 1738681056.0
DEBUG 2025-04-21 15:55:06,101 autoreload File /home/karim/.local/lib/python3.10/site-packages/django/contrib/contenttypes/apps.py first seen with mtime 1741778993.740033
DEBUG 2025-04-21 15:55:06,101 autoreload File /usr/lib/python3.10/email/utils.py first seen with mtime 1738681056.0
DEBUG 2025-04-21 15:55:06,102 autoreload File /home/karim/.local/lib/python3.10/site-packages/django/db/backends/base/__init__.py first seen with mtime 1741778994.0170336
DEBUG 2025-04-21 15:55:06,102 autoreload File /home/karim/.local/lib/python3.10/site-packages/django/core/signing.py first seen with mtime 1741778994.0020335
DEBUG 2025-04-21 15:55:06,102 autoreload File /home/karim/.local/lib/python3.10/site-packages/django/contrib/messages/__init__.py first seen with mtime 1741778993.8790333
DEBUG 2025-04-21 15:55:06,102 autoreload File /home/karim/.local/lib/python3.10/site-packages/django/template/autoreload.py first seen with mtime 1741778994.0520334
DEBUG 2025-04-21 15:55:06,102 autoreload File /home/karim/.local/lib/python3.10/site-packages/django/db/models/sql/query.py first seen with mtime 1741778994.0370336
DEBUG 2025-04-21 15:55:06,102 autoreload File /home/karim/.local/lib/python3.10/site-packages/django/views/generic/base.py first seen with mtime 1741778994.0680335
DEBUG 2025-04-21 15:55:06,102 autoreload File /usr/lib/python3.10/importlib/__init__.py first seen with mtime 1738681056.0
DEBUG 2025-04-21 15:55:06,102 autoreload File /home/karim/.local/lib/python3.10/site-packages/django/views/static.py first seen with mtime 1741778994.0660336
DEBUG 2025-04-21 15:55:06,102 autoreload File /usr/lib/python3.10/ctypes/__init__.py first seen with mtime 1738681056.0
DEBUG 2025-04-21 15:55:06,102 autoreload File /home/karim/.local/lib/python3.10/site-packages/django/templatetags/l10n.py first seen with mtime 1741778994.0560336
DEBUG 2025-04-21 15:55:06,102 autoreload File /home/karim/.local/lib/python3.10/site-packages/django/urls/__init__.py first seen with mtime 1741778994.0580335
DEBUG 2025-04-21 15:55:06,102 autoreload File /home/karim/.local/lib/python3.10/site-packages/django/middleware/__init__.py first seen with mtime 1741778994.0500336
DEBUG 2025-04-21 15:55:06,102 autoreload File /home/karim/.local/lib/python3.10/site-packages/django/db/models/fields/related_descriptors.py first seen with mtime 1741778994.0340335
DEBUG 2025-04-21 15:55:06,102 autoreload File /home/karim/.local/lib/python3.10/site-packages/django/utils/translation/__init__.py first seen with mtime 1741778994.0650334
DEBUG 2025-04-21 15:55:06,102 autoreload File /home/karim/.local/lib/python3.10/site-packages/django/contrib/admin/exceptions.py first seen with mtime 1741778993.5590327
DEBUG 2025-04-21 15:55:06,102 autoreload File /usr/lib/python3.10/http/client.py first seen with mtime 1738681056.0
DEBUG 2025-04-21 15:55:06,102 autoreload File /home/karim/.local/lib/python3.10/site-packages/sqlparse/formatter.py first seen with mtime 1724687074.3767824
DEBUG 2025-04-21 15:55:06,102 autoreload File /home/karim/.local/lib/python3.10/site-packages/django/db/models/functions/__init__.py first seen with mtime 1741778994.0340335
DEBUG 2025-04-21 15:55:06,102 autoreload File /home/karim/.local/lib/python3.10/site-packages/django/core/servers/__init__.py first seen with mtime 1741778994.0160334
DEBUG 2025-04-21 15:55:06,102 autoreload File /usr/lib/python3.10/asyncio/queues.py first seen with mtime 1738681056.0
DEBUG 2025-04-21 15:55:06,102 autoreload File /usr/lib/python3.10/lib-dynload/_decimal.cpython-310-x86_64-linux-gnu.so first seen with mtime 1738681056.0
DEBUG 2025-04-21 15:55:06,102 autoreload File /usr/lib/python3.10/pprint.py first seen with mtime 1738681056.0
DEBUG 2025-04-21 15:55:06,102 autoreload File /usr/lib/python3.10/urllib/response.py first seen with mtime 1738681056.0
DEBUG 2025-04-21 15:55:06,102 autoreload File /home/karim/.local/lib/python3.10/site-packages/django/core/mail/message.py first seen with mtime 1741778994.0090334
DEBUG 2025-04-21 15:55:06,102 autoreload File /usr/lib/python3.10/email/encoders.py first seen with mtime 1738681056.0
DEBUG 2025-04-21 15:55:06,102 autoreload File /usr/lib/python3.10/email/headerregistry.py first seen with mtime 1738681056.0
DEBUG 2025-04-21 15:55:06,102 autoreload File /usr/lib/python3.10/html/__init__.py first seen with mtime 1738681056.0
DEBUG 2025-04-21 15:55:06,103 autoreload File /usr/lib/python3.10/asyncio/coroutines.py first seen with mtime 1738681056.0
DEBUG 2025-04-21 15:55:06,103 autoreload File /home/karim/.local/lib/python3.10/site-packages/django/contrib/messages/constants.py first seen with mtime 1741778993.8790333
DEBUG 2025-04-21 15:55:06,103 autoreload File /usr/lib/python3.10/sre_compile.py first seen with mtime 1738681056.0
DEBUG 2025-04-21 15:55:06,103 autoreload File /usr/lib/python3.10/lib-dynload/_json.cpython-310-x86_64-linux-gnu.so first seen with mtime 1738681056.0
DEBUG 2025-04-21 15:55:06,103 autoreload File /home/karim/.local/lib/python3.10/site-packages/django/db/migrations/__init__.py first seen with mtime 1741778994.0250335
DEBUG 2025-04-21 15:55:06,103 autoreload File /home/karim/.local/lib/python3.10/site-packages/django/urls/utils.py first seen with mtime 1741778994.0590336
DEBUG 2025-04-21 15:55:06,103 autoreload File /usr/lib/python3.10/selectors.py first seen with mtime 1738681056.0
DEBUG 2025-04-21 15:55:06,103 autoreload File /usr/lib/python3.10/asyncio/locks.py first seen with mtime 1738681056.0
DEBUG 2025-04-21 15:55:06,103 autoreload File /usr/lib/python3.10/platform.py first seen with mtime 1738681056.0
DEBUG 2025-04-21 15:55:06,103 autoreload File /home/karim/.local/lib/python3.10/site-packages/django/contrib/admin/views/autocomplete.py first seen with mtime 1741778993.6650329
DEBUG 2025-04-21 15:55:06,103 autoreload File /usr/lib/python3.10/lib-dynload/_sqlite3.cpython-310-x86_64-linux-gnu.so first seen with mtime 1738681056.0
DEBUG 2025-04-21 15:55:06,103 autoreload File /home/karim/.local/lib/python3.10/site-packages/django/core/__init__.py first seen with mtime 1741778994.0010335
DEBUG 2025-04-21 15:55:06,103 autoreload File /home/karim/.local/lib/python3.10/site-packages/django/contrib/staticfiles/views.py first seen with mtime 1741778994.0000334
DEBUG 2025-04-21 15:55:06,103 autoreload File /usr/lib/python3.10/threading.py first seen with mtime 1738681056.0
DEBUG 2025-04-21 15:55:06,103 autoreload File /home/karim/.local/lib/python3.10/site-packages/django/db/backends/base/creation.py first seen with mtime 1741778994.0170336
DEBUG 2025-04-21 15:55:06,103 autoreload File /home/karim/.local/lib/python3.10/site-packages/django/contrib/staticfiles/checks.py first seen with mtime 1741778993.9990335
DEBUG 2025-04-21 15:55:06,103 autoreload File /home/karim/.local/lib/python3.10/site-packages/django/contrib/auth/forms.py first seen with mtime 1741778993.7010329
DEBUG 2025-04-21 15:55:06,103 autoreload File /home/karim/.local/lib/python3.10/site-packages/django/db/backends/sqlite3/features.py first seen with mtime 1741778994.0250335
DEBUG 2025-04-21 15:55:06,103 autoreload File /usr/lib/python3.10/queue.py first seen with mtime 1738681056.0
DEBUG 2025-04-21 15:55:06,103 autoreload File /home/karim/.local/lib/python3.10/site-packages/django/http/cookie.py first seen with mtime 1741778994.0490334
DEBUG 2025-04-21 15:55:06,103 autoreload File /home/karim/.local/lib/python3.10/site-packages/django/db/migrations/utils.py first seen with mtime 1741778994.0270336
DEBUG 2025-04-21 15:55:06,103 autoreload File /home/karim/.local/lib/python3.10/site-packages/django/dispatch/__init__.py first seen with mtime 1741778994.0370336
DEBUG 2025-04-21 15:55:06,103 autoreload File /home/karim/.local/lib/python3.10/site-packages/django/utils/itercompat.py first seen with mtime 1741778994.0630336
DEBUG 2025-04-21 15:55:06,104 autoreload File /home/karim/.local/lib/python3.10/site-packages/django/db/models/constraints.py first seen with mtime 1741778994.0290334
DEBUG 2025-04-21 15:55:06,104 autoreload File /home/karim/.local/lib/python3.10/site-packages/django/db/backends/sqlite3/base.py first seen with mtime 1741778994.0240335
DEBUG 2025-04-21 15:55:06,104 autoreload File /home/karim/CREM_Webapp/instrumentation/apps.py first seen with mtime 1742568234.012488
DEBUG 2025-04-21 15:55:06,104 autoreload File /usr/lib/python3.10/urllib/request.py first seen with mtime 1738681056.0
DEBUG 2025-04-21 15:55:06,104 autoreload File /home/karim/.local/lib/python3.10/site-packages/django/utils/translation/trans_real.py first seen with mtime 1741778994.0650334
DEBUG 2025-04-21 15:55:06,104 autoreload File /home/karim/.local/lib/python3.10/site-packages/django/utils/autoreload.py first seen with mtime 1741778994.0600336
DEBUG 2025-04-21 15:55:06,104 autoreload File /usr/lib/python3.10/io.py first seen with mtime 1738681056.0
DEBUG 2025-04-21 15:55:06,104 autoreload File /usr/lib/python3.10/lib-dynload/_zoneinfo.cpython-310-x86_64-linux-gnu.so first seen with mtime 1738681056.0
DEBUG 2025-04-21 15:55:06,104 autoreload File /home/karim/.local/lib/python3.10/site-packages/django/apps/config.py first seen with mtime 1741778993.4780326
DEBUG 2025-04-21 15:55:06,104 autoreload File /home/karim/.local/lib/python3.10/site-packages/django/contrib/admin/checks.py first seen with mtime 1741778993.5590327
DEBUG 2025-04-21 15:55:06,104 autoreload File /home/karim/.local/lib/python3.10/site-packages/django/utils/log.py first seen with mtime 1741778994.0630336
DEBUG 2025-04-21 15:55:06,104 autoreload File /home/karim/.local/lib/python3.10/site-packages/django/db/backends/__init__.py first seen with mtime 1741778994.0160334
DEBUG 2025-04-21 15:55:06,104 autoreload File /usr/lib/python3.10/token.py first seen with mtime 1738681056.0
DEBUG 2025-04-21 15:55:06,104 autoreload File /usr/lib/python3.10/asyncio/threads.py first seen with mtime 1738681056.0
DEBUG 2025-04-21 15:55:06,104 autoreload File /home/karim/.local/lib/python3.10/site-packages/django/utils/http.py first seen with mtime 1741778994.0620337
DEBUG 2025-04-21 15:55:06,104 autoreload File /usr/lib/python3.10/linecache.py first seen with mtime 1738681056.0
DEBUG 2025-04-21 15:55:06,104 autoreload File /home/karim/.local/lib/python3.10/site-packages/django/utils/numberformat.py first seen with mtime 1741778994.0630336
DEBUG 2025-04-21 15:55:06,104 autoreload File /home/karim/.local/lib/python3.10/site-packages/django/db/models/aggregates.py first seen with mtime 1741778994.0290334
DEBUG 2025-04-21 15:55:06,105 autoreload File /usr/lib/python3.10/encodings/utf_8.py first seen with mtime 1738681056.0
DEBUG 2025-04-21 15:55:06,105 autoreload File /usr/lib/python3.10/wsgiref/__init__.py first seen with mtime 1738681056.0
DEBUG 2025-04-21 15:55:06,105 autoreload File /home/karim/.local/lib/python3.10/site-packages/django/contrib/auth/signals.py first seen with mtime 1741778993.702033
DEBUG 2025-04-21 15:55:06,105 autoreload File /usr/lib/python3.10/wsgiref/util.py first seen with mtime 1738681056.0
DEBUG 2025-04-21 15:55:06,105 autoreload File /home/karim/.local/lib/python3.10/site-packages/django/utils/ipv6.py first seen with mtime 1741778994.0630336
DEBUG 2025-04-21 15:55:06,105 autoreload File /home/karim/CREM_Webapp/CREM_Webapp/__init__.py first seen with mtime 1742568234.0074878
DEBUG 2025-04-21 15:55:06,105 autoreload File /usr/lib/python3.10/mimetypes.py first seen with mtime 1738681056.0
DEBUG 2025-04-21 15:55:06,105 autoreload File /home/karim/.local/lib/python3.10/site-packages/django/db/models/sql/subqueries.py first seen with mtime 1741778994.0370336
DEBUG 2025-04-21 15:55:06,105 autoreload File /home/karim/CREM_Webapp/contact/models.py first seen with mtime 1742568234.0094879
DEBUG 2025-04-21 15:55:06,105 autoreload File /usr/lib/python3.10/email/mime/text.py first seen with mtime 1738681056.0
DEBUG 2025-04-21 15:55:06,105 autoreload File /home/karim/.local/lib/python3.10/site-packages/django/conf/urls/__init__.py first seen with mtime 1741778993.5580328
DEBUG 2025-04-21 15:55:06,105 autoreload File /home/karim/.local/lib/python3.10/site-packages/django/utils/duration.py first seen with mtime 1741778994.0610335
DEBUG 2025-04-21 15:55:06,105 autoreload File /home/karim/.local/lib/python3.10/site-packages/django/core/handlers/wsgi.py first seen with mtime 1741778994.0080335
DEBUG 2025-04-21 15:55:06,105 autoreload File /usr/lib/python3.10/shutil.py first seen with mtime 1738681056.0
DEBUG 2025-04-21 15:55:06,106 autoreload File /home/karim/.local/lib/python3.10/site-packages/django/contrib/messages/storage/base.py first seen with mtime 1741778993.8800333
DEBUG 2025-04-21 15:55:06,106 autoreload File /home/karim/.local/lib/python3.10/site-packages/django/db/models/fields/related_lookups.py first seen with mtime 1741778994.0340335
DEBUG 2025-04-21 15:55:06,106 autoreload File /home/karim/.local/lib/python3.10/site-packages/django/views/generic/dates.py first seen with mtime 1741778994.0680335
DEBUG 2025-04-21 15:55:06,106 autoreload File /home/karim/.local/lib/python3.10/site-packages/sqlparse/utils.py first seen with mtime 1724687074.3807824
DEBUG 2025-04-21 15:55:06,106 autoreload File /home/karim/.local/lib/python3.10/site-packages/django/utils/html.py first seen with mtime 1741778994.0620337
DEBUG 2025-04-21 15:55:06,106 autoreload File /home/karim/.local/lib/python3.10/site-packages/django/views/generic/__init__.py first seen with mtime 1741778994.0680335
DEBUG 2025-04-21 15:55:06,106 autoreload File /home/karim/CREM_Webapp/front_app/views.py first seen with mtime 1745234307.8414743
DEBUG 2025-04-21 15:55:06,106 autoreload File /usr/lib/python3.10/email/iterators.py first seen with mtime 1738681056.0
DEBUG 2025-04-21 15:55:06,106 autoreload File /usr/lib/python3.10/reprlib.py first seen with mtime 1738681056.0
DEBUG 2025-04-21 15:55:06,106 autoreload File /home/karim/.local/lib/python3.10/site-packages/django/http/response.py first seen with mtime 1741778994.0500336
DEBUG 2025-04-21 15:55:06,106 autoreload File /home/karim/.local/lib/python3.10/site-packages/django/utils/formats.py first seen with mtime 1741778994.0620337
DEBUG 2025-04-21 15:55:06,106 autoreload File /usr/lib/python3.10/lib-dynload/_ctypes.cpython-310-x86_64-linux-gnu.so first seen with mtime 1738681056.0
DEBUG 2025-04-21 15:55:06,106 autoreload File /usr/lib/python3.10/asyncio/exceptions.py first seen with mtime 1738681056.0
DEBUG 2025-04-21 15:55:06,106 autoreload File /usr/lib/python3.10/operator.py first seen with mtime 1738681056.0
DEBUG 2025-04-21 15:55:06,107 autoreload File /usr/lib/python3.10/lib-dynload/_hashlib.cpython-310-x86_64-linux-gnu.so first seen with mtime 1738681056.0
DEBUG 2025-04-21 15:55:06,107 autoreload File /home/karim/.local/lib/python3.10/site-packages/asgiref/sync.py first seen with mtime 1724687074.4167829
DEBUG 2025-04-21 15:55:06,107 autoreload File /usr/lib/python3.10/concurrent/futures/_base.py first seen with mtime 1738681056.0
DEBUG 2025-04-21 15:55:06,107 autoreload File /home/karim/.local/lib/python3.10/site-packages/django/core/checks/urls.py first seen with mtime 1741778994.0050335
DEBUG 2025-04-21 15:55:06,107 autoreload File /usr/lib/python3.10/uu.py first seen with mtime 1738681056.0
DEBUG 2025-04-21 15:55:06,107 autoreload File /home/karim/CREM_Webapp/contact/apps.py first seen with mtime 1742568234.008488
DEBUG 2025-04-21 15:55:06,107 autoreload File /home/karim/.local/lib/python3.10/site-packages/django/contrib/staticfiles/handlers.py first seen with mtime 1741778994.0000334
DEBUG 2025-04-21 15:55:06,107 autoreload File /home/karim/.local/lib/python3.10/site-packages/django/db/models/functions/comparison.py first seen with mtime 1741778994.0340335
DEBUG 2025-04-21 15:55:06,107 autoreload File /home/karim/.local/lib/python3.10/site-packages/django/db/models/fields/generated.py first seen with mtime 1741778994.0330334
DEBUG 2025-04-21 15:55:06,107 autoreload File /home/karim/.local/lib/python3.10/site-packages/django/core/checks/security/base.py first seen with mtime 1741778994.0050335
DEBUG 2025-04-21 15:55:06,107 autoreload File /home/karim/.local/lib/python3.10/site-packages/sqlparse/filters/__init__.py first seen with mtime 1724687074.3807824
DEBUG 2025-04-21 15:55:06,107 autoreload File /home/karim/.local/lib/python3.10/site-packages/django/db/models/sql/where.py first seen with mtime 1741778994.0370336
DEBUG 2025-04-21 15:55:06,107 autoreload File /usr/lib/python3.10/asyncio/format_helpers.py first seen with mtime 1738681056.0
DEBUG 2025-04-21 15:55:06,107 autoreload File /usr/lib/python3.10/asyncio/base_events.py first seen with mtime 1738681056.0
DEBUG 2025-04-21 15:55:06,108 autoreload File /home/karim/.local/lib/python3.10/site-packages/django/template/context.py first seen with mtime 1741778994.0520334
DEBUG 2025-04-21 15:55:06,108 autoreload File /usr/lib/python3.10/site.py first seen with mtime 1738681056.0
DEBUG 2025-04-21 15:55:06,108 autoreload File /home/karim/.local/lib/python3.10/site-packages/sqlparse/engine/__init__.py first seen with mtime 1724687074.3807824
DEBUG 2025-04-21 15:55:06,108 autoreload File /usr/lib/python3.10/asyncio/base_subprocess.py first seen with mtime 1738681056.0
DEBUG 2025-04-21 15:55:06,108 autoreload File /usr/lib/python3.10/socket.py first seen with mtime 1738681056.0
DEBUG 2025-04-21 15:55:06,108 autoreload File /home/karim/.local/lib/python3.10/site-packages/django/contrib/auth/base_user.py first seen with mtime 1741778993.700033
DEBUG 2025-04-21 15:55:06,108 autoreload File /home/karim/.local/lib/python3.10/site-packages/django/urls/conf.py first seen with mtime 1741778994.0580335
DEBUG 2025-04-21 15:55:06,108 autoreload File /usr/lib/python3.10/decimal.py first seen with mtime 1738681056.0
DEBUG 2025-04-21 15:55:06,108 autoreload File /home/karim/.local/lib/python3.10/site-packages/django/contrib/auth/checks.py first seen with mtime 1741778993.700033
DEBUG 2025-04-21 15:55:06,108 autoreload File /usr/lib/python3.10/traceback.py first seen with mtime 1738681056.0
DEBUG 2025-04-21 15:55:06,108 autoreload File /home/karim/.local/lib/python3.10/site-packages/django/contrib/contenttypes/fields.py first seen with mtime 1741778993.741033
DEBUG 2025-04-21 15:55:06,108 autoreload File /home/karim/.local/lib/python3.10/site-packages/sqlparse/engine/filter_stack.py first seen with mtime 1724687074.3807824
DEBUG 2025-04-21 15:55:06,108 autoreload File /home/karim/.local/lib/python3.10/site-packages/django/http/request.py first seen with mtime 1741778994.0500336
DEBUG 2025-04-21 15:55:06,108 autoreload File /home/karim/.local/lib/python3.10/site-packages/django/db/backends/sqlite3/__init__.py first seen with mtime 1741778994.0240335
DEBUG 2025-04-21 15:55:06,109 autoreload File /usr/lib/python3.10/hashlib.py first seen with mtime 1738681056.0
DEBUG 2025-04-21 15:55:06,109 autoreload File /home/karim/.local/lib/python3.10/site-packages/django/template/backends/base.py first seen with mtime 1741778994.0540335
DEBUG 2025-04-21 15:55:06,109 autoreload File /usr/lib/python3.10/email/mime/message.py first seen with mtime 1738681056.0
DEBUG 2025-04-21 15:55:06,109 autoreload File /usr/lib/python3.10/multiprocessing/reduction.py first seen with mtime 1738681056.0
DEBUG 2025-04-21 15:55:06,109 autoreload File /usr/lib/python3.10/multiprocessing/__init__.py first seen with mtime 1738681056.0
DEBUG 2025-04-21 15:55:06,109 autoreload File /usr/lib/python3/dist-packages/colorama/ansi.py first seen with mtime 1602564393.0
DEBUG 2025-04-21 15:55:06,109 autoreload File /home/karim/.local/lib/python3.10/site-packages/django/db/backends/sqlite3/schema.py first seen with mtime 1741778994.0250335
DEBUG 2025-04-21 15:55:06,109 autoreload File /usr/lib/python3.10/html/parser.py first seen with mtime 1738681056.0
DEBUG 2025-04-21 15:55:06,109 autoreload File /home/karim/CREM_Webapp/instrumentation/urls.py first seen with mtime 1742568234.015488
DEBUG 2025-04-21 15:55:06,109 autoreload File /usr/lib/python3.10/statistics.py first seen with mtime 1738681056.0
DEBUG 2025-04-21 15:55:06,109 autoreload File /home/karim/.local/lib/python3.10/site-packages/django/core/files/locks.py first seen with mtime 1741778994.0060334
DEBUG 2025-04-21 15:55:06,109 autoreload File /home/karim/.local/lib/python3.10/site-packages/django/contrib/staticfiles/management/__init__.py first seen with mtime 1741778994.0000334
DEBUG 2025-04-21 15:55:06,109 autoreload File /home/karim/.local/lib/python3.10/site-packages/django/urls/resolvers.py first seen with mtime 1741778994.0590336
DEBUG 2025-04-21 15:55:06,109 autoreload File /home/karim/.local/lib/python3.10/site-packages/django/contrib/admin/templatetags/admin_list.py first seen with mtime 1741778993.664033
DEBUG 2025-04-21 15:55:06,109 autoreload File /usr/lib/python3.10/email/quoprimime.py first seen with mtime 1738681056.0
DEBUG 2025-04-21 15:55:06,109 autoreload File /home/karim/.local/lib/python3.10/site-packages/django/db/models/query.py first seen with mtime 1741778994.0310335
DEBUG 2025-04-21 15:55:06,109 autoreload File /home/karim/.local/lib/python3.10/site-packages/django/core/validators.py first seen with mtime 1741778994.0020335
DEBUG 2025-04-21 15:55:06,109 autoreload File /home/karim/.local/lib/python3.10/site-packages/django/contrib/contenttypes/forms.py first seen with mtime 1741778993.741033
DEBUG 2025-04-21 15:55:06,109 autoreload File /home/karim/.local/lib/python3.10/site-packages/django/views/csrf.py first seen with mtime 1741778994.0660336
DEBUG 2025-04-21 15:55:06,109 autoreload File /home/karim/.local/lib/python3.10/site-packages/django/core/management/base.py first seen with mtime 1741778994.0100334
DEBUG 2025-04-21 15:55:06,109 autoreload File /home/karim/.local/lib/python3.10/site-packages/sqlparse/lexer.py first seen with mtime 1724687074.3807824
DEBUG 2025-04-21 15:55:06,109 autoreload File /usr/lib/python3.10/inspect.py first seen with mtime 1738681056.0
DEBUG 2025-04-21 15:55:06,109 autoreload File /home/karim/.local/lib/python3.10/site-packages/django/contrib/admin/options.py first seen with mtime 1741778993.5600326
DEBUG 2025-04-21 15:55:06,110 autoreload File /home/karim/.local/lib/python3.10/site-packages/django/utils/choices.py first seen with mtime 1741778994.0600336
DEBUG 2025-04-21 15:55:06,110 autoreload File /home/karim/.local/lib/python3.10/site-packages/django/db/models/functions/window.py first seen with mtime 1741778994.0350335
DEBUG 2025-04-21 15:55:06,110 autoreload File /usr/lib/python3.10/uuid.py first seen with mtime 1738681056.0
DEBUG 2025-04-21 15:55:06,110 autoreload File /home/karim/.local/lib/python3.10/site-packages/django/db/migrations/operations/models.py first seen with mtime 1741778994.0280335
DEBUG 2025-04-21 15:55:06,110 autoreload File /home/karim/.local/lib/python3.10/site-packages/django/core/checks/messages.py first seen with mtime 1741778994.0040333
DEBUG 2025-04-21 15:55:06,110 autoreload File /home/karim/.local/lib/python3.10/site-packages/django/core/serializers/base.py first seen with mtime 1741778994.0150335
DEBUG 2025-04-21 15:55:06,110 autoreload File /home/karim/.local/lib/python3.10/site-packages/django/contrib/admin/templatetags/admin_urls.py first seen with mtime 1741778993.6650329
DEBUG 2025-04-21 15:55:06,110 autoreload File /home/karim/.local/lib/python3.10/site-packages/django/contrib/messages/storage/__init__.py first seen with mtime 1741778993.8800333
DEBUG 2025-04-21 15:55:06,110 autoreload File /home/karim/.local/lib/python3.10/site-packages/django/core/servers/basehttp.py first seen with mtime 1741778994.0160334
DEBUG 2025-04-21 15:55:06,110 autoreload File /home/karim/.local/lib/python3.10/site-packages/django/template/exceptions.py first seen with mtime 1741778994.0530336
DEBUG 2025-04-21 15:55:06,110 autoreload File /usr/lib/python3.10/warnings.py first seen with mtime 1738681056.0
DEBUG 2025-04-21 15:55:06,110 autoreload File /home/karim/.local/lib/python3.10/site-packages/django/db/models/functions/datetime.py first seen with mtime 1741778994.0350335
DEBUG 2025-04-21 15:55:06,110 autoreload File /usr/lib/python3/dist-packages/colorama/ansitowin32.py first seen with mtime 1602564393.0
DEBUG 2025-04-21 15:55:06,110 autoreload File /home/karim/.local/lib/python3.10/site-packages/django/contrib/staticfiles/management/commands/__init__.py first seen with mtime 1741778994.0000334
DEBUG 2025-04-21 15:55:06,110 autoreload File /usr/lib/python3.10/abc.py first seen with mtime 1738681056.0
DEBUG 2025-04-21 15:55:06,110 autoreload File /home/karim/.local/lib/python3.10/site-packages/django/core/checks/database.py first seen with mtime 1741778994.0040333
DEBUG 2025-04-21 15:55:06,110 autoreload File /home/karim/.local/lib/python3.10/site-packages/django/db/backends/sqlite3/operations.py first seen with mtime 1741778994.0250335
DEBUG 2025-04-21 15:55:06,111 autoreload File /home/karim/.local/lib/python3.10/site-packages/django/contrib/auth/management/__init__.py first seen with mtime 1741778993.738033
DEBUG 2025-04-21 15:55:06,111 autoreload File /home/karim/.local/lib/python3.10/site-packages/django/contrib/admin/templatetags/base.py first seen with mtime 1741778993.6650329
DEBUG 2025-04-21 15:55:06,111 autoreload File /usr/lib/python3.10/ipaddress.py first seen with mtime 1738681056.0
DEBUG 2025-04-21 15:55:06,111 autoreload File /home/karim/.local/lib/python3.10/site-packages/django/db/migrations/operations/base.py first seen with mtime 1741778994.0280335
DEBUG 2025-04-21 15:55:06,111 autoreload File /home/karim/.local/lib/python3.10/site-packages/django/contrib/admin/widgets.py first seen with mtime 1741778993.5610328
DEBUG 2025-04-21 15:55:06,111 autoreload File /usr/lib/python3.10/zoneinfo/_common.py first seen with mtime 1738681056.0
DEBUG 2025-04-21 15:55:06,111 autoreload File /home/karim/CREM_Webapp/contact/__init__.py first seen with mtime 1742568234.0074878
DEBUG 2025-04-21 15:55:06,111 autoreload File /usr/lib/python3.10/signal.py first seen with mtime 1738681056.0
DEBUG 2025-04-21 15:55:06,111 autoreload File /home/karim/.local/lib/python3.10/site-packages/django/contrib/sessions/models.py first seen with mtime 1741778993.9400334
DEBUG 2025-04-21 15:55:06,111 autoreload File /usr/lib/python3.10/calendar.py first seen with mtime 1738681056.0
DEBUG 2025-04-21 15:55:06,111 autoreload File /home/karim/.local/lib/python3.10/site-packages/django/contrib/contenttypes/management/__init__.py first seen with mtime 1741778993.768033
DEBUG 2025-04-21 15:55:06,111 autoreload File /home/karim/.local/lib/python3.10/site-packages/django/utils/termcolors.py first seen with mtime 1741778994.0640335
DEBUG 2025-04-21 15:55:06,111 autoreload File /usr/lib/python3.10/encodings/__init__.py first seen with mtime 1738681056.0
DEBUG 2025-04-21 15:55:06,111 autoreload File /usr/lib/python3.10/base64.py first seen with mtime 1738681056.0
DEBUG 2025-04-21 15:55:06,111 autoreload File /home/karim/.local/lib/python3.10/site-packages/django/core/checks/security/__init__.py first seen with mtime 1741778994.0050335
DEBUG 2025-04-21 15:55:06,111 autoreload File /home/karim/.local/lib/python3.10/site-packages/django/contrib/sites/requests.py first seen with mtime 1741778993.9710333
DEBUG 2025-04-21 15:55:06,112 autoreload File /usr/lib/python3.10/glob.py first seen with mtime 1738681056.0
DEBUG 2025-04-21 15:55:06,112 autoreload File /home/karim/.local/lib/python3.10/site-packages/django/db/models/options.py first seen with mtime 1741778994.0310335
DEBUG 2025-04-21 15:55:06,112 autoreload File /usr/lib/python3.10/ssl.py first seen with mtime 1738681056.0
DEBUG 2025-04-21 15:55:06,112 autoreload File /usr/lib/python3.10/importlib/util.py first seen with mtime 1738681056.0
DEBUG 2025-04-21 15:55:06,112 autoreload File /home/karim/.local/lib/python3.10/site-packages/django/dispatch/dispatcher.py first seen with mtime 1741778994.0370336
DEBUG 2025-04-21 15:55:06,112 autoreload File /home/karim/.local/lib/python3.10/site-packages/django/template/backends/django.py first seen with mtime 1741778994.0540335
DEBUG 2025-04-21 15:55:06,112 autoreload File /home/karim/.local/lib/python3.10/site-packages/django/core/serializers/python.py first seen with mtime 1741778994.0150335
DEBUG 2025-04-21 15:55:06,112 autoreload File /usr/lib/python3.10/keyword.py first seen with mtime 1738681056.0
DEBUG 2025-04-21 15:55:06,112 autoreload File /home/karim/.local/lib/python3.10/site-packages/sqlparse/keywords.py first seen with mtime 1724687074.3767824
DEBUG 2025-04-21 15:55:06,112 autoreload File /home/karim/.local/lib/python3.10/site-packages/django/conf/__init__.py first seen with mtime 1741778993.4790325
DEBUG 2025-04-21 15:55:06,112 autoreload File /home/karim/.local/lib/python3.10/site-packages/django/db/backends/base/schema.py first seen with mtime 1741778994.0180335
DEBUG 2025-04-21 15:55:06,112 autoreload File /home/karim/.local/lib/python3.10/site-packages/django/contrib/staticfiles/management/commands/runserver.py first seen with mtime 1741778994.0010335
DEBUG 2025-04-21 15:55:06,112 autoreload File /home/karim/.local/lib/python3.10/site-packages/django/utils/encoding.py first seen with mtime 1741778994.0610335
DEBUG 2025-04-21 15:55:06,112 autoreload File /usr/lib/python3.10/dis.py first seen with mtime 1738681056.0
DEBUG 2025-04-21 15:55:06,112 autoreload File /home/karim/.local/lib/python3.10/site-packages/django/utils/text.py first seen with mtime 1741778994.0640335
DEBUG 2025-04-21 15:55:06,113 autoreload File /home/karim/.local/lib/python3.10/site-packages/sqlparse/engine/grouping.py first seen with mtime 1724687074.3807824
DEBUG 2025-04-21 15:55:06,113 autoreload File /home/karim/.local/lib/python3.10/site-packages/django/contrib/admin/models.py first seen with mtime 1741778993.5600326
DEBUG 2025-04-21 15:55:06,113 autoreload File /usr/lib/python3.10/asyncio/__init__.py first seen with mtime 1738681056.0
DEBUG 2025-04-21 15:55:06,113 autoreload File /usr/lib/python3.10/argparse.py first seen with mtime 1738681056.0
DEBUG 2025-04-21 15:55:06,113 autoreload File /home/karim/.local/lib/python3.10/site-packages/django/forms/fields.py first seen with mtime 1741778994.0380335
DEBUG 2025-04-21 15:55:06,113 autoreload File /usr/lib/python3/dist-packages/PIL/ImageMode.py first seen with mtime 1643848543.0
DEBUG 2025-04-21 15:55:06,113 autoreload File /home/karim/.local/lib/python3.10/site-packages/django/template/backends/__init__.py first seen with mtime 1741778994.0540335
DEBUG 2025-04-21 15:55:06,113 autoreload File /home/karim/.local/lib/python3.10/site-packages/django/db/models/functions/mixins.py first seen with mtime 1741778994.0350335
DEBUG 2025-04-21 15:55:06,113 autoreload File /usr/lib/python3.10/string.py first seen with mtime 1738681056.0
DEBUG 2025-04-21 15:55:06,113 autoreload File /home/karim/.local/lib/python3.10/site-packages/django/contrib/auth/password_validation.py first seen with mtime 1741778993.702033
DEBUG 2025-04-21 15:55:06,113 autoreload File /home/karim/.local/lib/python3.10/site-packages/django/template/library.py first seen with mtime 1741778994.0530336
DEBUG 2025-04-21 15:55:06,113 autoreload File /home/karim/.local/lib/python3.10/site-packages/django/contrib/admin/decorators.py first seen with mtime 1741778993.5590327
DEBUG 2025-04-21 15:55:06,113 autoreload File /home/karim/.local/lib/python3.10/site-packages/django/core/handlers/exception.py first seen with mtime 1741778994.0080335
DEBUG 2025-04-21 15:55:06,113 autoreload File /home/karim/.local/lib/python3.10/site-packages/django/db/backends/base/validation.py first seen with mtime 1741778994.0190334
DEBUG 2025-04-21 15:55:06,114 autoreload File /home/karim/.local/lib/python3.10/site-packages/django/utils/regex_helper.py first seen with mtime 1741778994.0640335
DEBUG 2025-04-21 15:55:06,114 autoreload File /home/karim/.local/lib/python3.10/site-packages/django/views/decorators/csrf.py first seen with mtime 1741778994.0670335
DEBUG 2025-04-21 15:55:06,114 autoreload File /home/karim/.local/lib/python3.10/site-packages/django/db/models/lookups.py first seen with mtime 1741778994.0300336
DEBUG 2025-04-21 15:55:06,114 autoreload File /usr/lib/python3.10/asyncio/futures.py first seen with mtime 1738681056.0
DEBUG 2025-04-21 15:55:06,114 autoreload File /home/karim/.local/lib/python3.10/site-packages/django/db/models/signals.py first seen with mtime 1741778994.0320334
DEBUG 2025-04-21 15:55:06,114 autoreload File /home/karim/.local/lib/python3.10/site-packages/django/contrib/contenttypes/views.py first seen with mtime 1741778993.741033
DEBUG 2025-04-21 15:55:06,114 autoreload File /home/karim/.local/lib/python3.10/site-packages/django/core/cache/utils.py first seen with mtime 1741778994.0030334
DEBUG 2025-04-21 15:55:06,114 autoreload File /usr/lib/python3.10/email/errors.py first seen with mtime 1738681056.0
DEBUG 2025-04-21 15:55:06,114 autoreload File /home/karim/.local/lib/python3.10/site-packages/django/forms/forms.py first seen with mtime 1741778994.0380335
DEBUG 2025-04-21 15:55:06,114 autoreload File /usr/lib/python3.10/email/base64mime.py first seen with mtime 1738681056.0
DEBUG 2025-04-21 15:55:06,114 autoreload File /usr/lib/python3.10/wsgiref/headers.py first seen with mtime 1738681056.0
DEBUG 2025-04-21 15:55:06,114 autoreload File /home/karim/.local/lib/python3.10/site-packages/django/contrib/contenttypes/checks.py first seen with mtime 1741778993.740033
DEBUG 2025-04-21 15:55:06,114 autoreload File /usr/lib/python3.10/email/header.py first seen with mtime 1738681056.0
DEBUG 2025-04-21 15:55:06,114 autoreload File /usr/lib/python3.10/graphlib.py first seen with mtime 1738681056.0
DEBUG 2025-04-21 15:55:06,114 autoreload File /home/karim/.local/lib/python3.10/site-packages/django/core/checks/registry.py first seen with mtime 1741778994.0050335
DEBUG 2025-04-21 15:55:06,114 autoreload File /home/karim/.local/lib/python3.10/site-packages/django/core/management/__init__.py first seen with mtime 1741778994.0100334
DEBUG 2025-04-21 15:55:06,114 autoreload File /home/karim/.local/lib/python3.10/site-packages/django/utils/decorators.py first seen with mtime 1741778994.0610335
DEBUG 2025-04-21 15:55:06,115 autoreload File /usr/lib/python3.10/textwrap.py first seen with mtime 1738681056.0
DEBUG 2025-04-21 15:55:06,115 autoreload File /home/karim/.local/lib/python3.10/site-packages/django/core/files/base.py first seen with mtime 1741778994.0060334
DEBUG 2025-04-21 15:55:06,115 autoreload File /home/karim/.local/lib/python3.10/site-packages/django/urls/converters.py first seen with mtime 1741778994.0580335
DEBUG 2025-04-21 15:55:06,115 autoreload File /home/karim/.local/lib/python3.10/site-packages/sqlparse/sql.py first seen with mtime 1724687074.3807824
DEBUG 2025-04-21 15:55:06,115 autoreload File /home/karim/.local/lib/python3.10/site-packages/django/db/models/indexes.py first seen with mtime 1741778994.0300336
DEBUG 2025-04-21 15:55:06,115 autoreload File /usr/lib/python3.10/struct.py first seen with mtime 1738681056.0
DEBUG 2025-04-21 15:55:06,115 autoreload File /home/karim/.local/lib/python3.10/site-packages/django/contrib/admin/helpers.py first seen with mtime 1741778993.5600326
DEBUG 2025-04-21 15:55:06,115 autoreload File /home/karim/.local/lib/python3.10/site-packages/django/core/serializers/__init__.py first seen with mtime 1741778994.0150335
DEBUG 2025-04-21 15:55:06,115 autoreload File /home/karim/.local/lib/python3.10/site-packages/django/db/backends/base/operations.py first seen with mtime 1741778994.0180335
DEBUG 2025-04-21 15:55:06,115 autoreload File /home/karim/.local/lib/python3.10/site-packages/django/db/models/query_utils.py first seen with mtime 1741778994.0320334
DEBUG 2025-04-21 15:55:06,115 autoreload File /home/karim/.local/lib/python3.10/site-packages/django/core/checks/compatibility/django_4_0.py first seen with mtime 1741778994.0050335
DEBUG 2025-04-21 15:55:06,115 autoreload File /home/karim/.local/lib/python3.10/site-packages/django/template/loaders/cached.py first seen with mtime 1741778994.0550334
DEBUG 2025-04-21 15:55:06,115 autoreload File /home/karim/.local/lib/python3.10/site-packages/django/db/backends/base/client.py first seen with mtime 1741778994.0170336
DEBUG 2025-04-21 15:55:06,115 autoreload File /usr/lib/python3.10/_weakrefset.py first seen with mtime 1738681056.0
DEBUG 2025-04-21 15:55:06,115 autoreload File /home/karim/.local/lib/python3.10/site-packages/django/core/files/uploadedfile.py first seen with mtime 1741778994.0070333
DEBUG 2025-04-21 15:55:06,115 autoreload File /home/karim/.local/lib/python3.10/site-packages/django/core/handlers/base.py first seen with mtime 1741778994.0080335
DEBUG 2025-04-21 15:55:06,115 autoreload File /usr/lib/python3.10/opcode.py first seen with mtime 1738681056.0
DEBUG 2025-04-21 15:55:06,115 autoreload File /usr/lib/python3.10/email/policy.py first seen with mtime 1738681056.0
DEBUG 2025-04-21 15:55:06,115 autoreload File /home/karim/.local/lib/python3.10/site-packages/django/db/models/fields/json.py first seen with mtime 1741778994.0330334
DEBUG 2025-04-21 15:55:06,116 autoreload File /home/karim/.local/lib/python3.10/site-packages/django/utils/deprecation.py first seen with mtime 1741778994.0610335
DEBUG 2025-04-21 15:55:06,116 autoreload File /home/karim/.local/lib/python3.10/site-packages/sqlparse/__init__.py first seen with mtime 1724687074.3767824
DEBUG 2025-04-21 15:55:06,116 autoreload File /usr/lib/python3.10/json/__init__.py first seen with mtime 1738681056.0
DEBUG 2025-04-21 15:55:06,116 autoreload File /usr/lib/python3.10/lib-dynload/_queue.cpython-310-x86_64-linux-gnu.so first seen with mtime 1738681056.0
DEBUG 2025-04-21 15:55:06,116 autoreload File /home/karim/.local/lib/python3.10/site-packages/django/db/migrations/operations/__init__.py first seen with mtime 1741778994.0280335
DEBUG 2025-04-21 15:55:06,116 autoreload File /usr/lib/python3.10/asyncio/trsock.py first seen with mtime 1738681056.0
DEBUG 2025-04-21 15:55:06,116 autoreload File /home/karim/.local/lib/python3.10/site-packages/django/core/checks/translation.py first seen with mtime 1741778994.0050335
DEBUG 2025-04-21 15:55:06,116 autoreload File /home/karim/CREM_Webapp/CREM_Webapp/urls.py first seen with mtime 1742568234.0074878
DEBUG 2025-04-21 15:55:06,116 autoreload File /home/karim/CREM_Webapp/instrumentation/views.py first seen with mtime 1742568234.015488
DEBUG 2025-04-21 15:55:06,116 autoreload File /home/karim/.local/lib/python3.10/site-packages/django/conf/urls/static.py first seen with mtime 1741778993.5580328
DEBUG 2025-04-21 15:55:06,116 autoreload File /usr/lib/python3.10/email/_header_value_parser.py first seen with mtime 1738681056.0
DEBUG 2025-04-21 15:55:06,116 autoreload File /home/karim/.local/lib/python3.10/site-packages/django/contrib/__init__.py first seen with mtime 1741778993.5580328
DEBUG 2025-04-21 15:55:06,116 autoreload File /home/karim/.local/lib/python3.10/site-packages/django/utils/safestring.py first seen with mtime 1741778994.0640335
DEBUG 2025-04-21 15:55:06,116 autoreload File /home/karim/.local/lib/python3.10/site-packages/django/contrib/sessions/base_session.py first seen with mtime 1741778993.9400334
DEBUG 2025-04-21 15:55:06,116 autoreload File /home/karim/.local/lib/python3.10/site-packages/asgiref/__init__.py first seen with mtime 1724687074.4167829
DEBUG 2025-04-21 15:55:06,116 autoreload File /home/karim/.local/lib/python3.10/site-packages/django/core/mail/__init__.py first seen with mtime 1741778994.0090334
DEBUG 2025-04-21 15:55:06,116 autoreload File /usr/lib/python3.10/importlib/_abc.py first seen with mtime 1738681056.0
DEBUG 2025-04-21 15:55:06,116 autoreload File /usr/lib/python3.10/http/cookies.py first seen with mtime 1738681056.0
DEBUG 2025-04-21 15:55:06,116 autoreload File /usr/lib/python3.10/gzip.py first seen with mtime 1738681056.0
DEBUG 2025-04-21 15:55:06,116 autoreload File /usr/lib/python3.10/wsgiref/handlers.py first seen with mtime 1738681056.0
DEBUG 2025-04-21 15:55:06,116 autoreload File /home/karim/.local/lib/python3.10/site-packages/django/contrib/auth/models.py first seen with mtime 1741778993.702033
DEBUG 2025-04-21 15:55:06,116 autoreload File /usr/lib/python3/dist-packages/PIL/Image.py first seen with mtime 1643848543.0
DEBUG 2025-04-21 15:55:06,116 autoreload File /home/karim/.local/lib/python3.10/site-packages/django/core/files/images.py first seen with mtime 1741778994.0060334
DEBUG 2025-04-21 15:55:06,116 autoreload File /usr/lib/python3.10/numbers.py first seen with mtime 1738681056.0
DEBUG 2025-04-21 15:55:06,116 autoreload File /home/karim/.local/lib/python3.10/site-packages/django/core/mail/utils.py first seen with mtime 1741778994.0090334
DEBUG 2025-04-21 15:55:06,116 autoreload File /home/karim/.local/lib/python3.10/site-packages/django/db/models/functions/math.py first seen with mtime 1741778994.0350335
DEBUG 2025-04-21 15:55:06,116 autoreload File /usr/lib/python3.10/lib-dynload/_contextvars.cpython-310-x86_64-linux-gnu.so first seen with mtime 1738681056.0
DEBUG 2025-04-21 15:55:06,117 autoreload File /home/karim/.local/lib/python3.10/site-packages/django/__init__.py first seen with mtime 1741778993.4780326
DEBUG 2025-04-21 15:55:06,117 autoreload File /home/karim/.local/lib/python3.10/site-packages/django/db/migrations/migration.py first seen with mtime 1741778994.0260334
DEBUG 2025-04-21 15:55:06,117 autoreload File /usr/lib/python3.10/lib-dynload/_bz2.cpython-310-x86_64-linux-gnu.so first seen with mtime 1738681056.0
DEBUG 2025-04-21 15:55:06,117 autoreload File /home/karim/.local/lib/python3.10/site-packages/django/conf/locale/__init__.py first seen with mtime 1741778993.4800324
DEBUG 2025-04-21 15:55:06,117 autoreload File /home/karim/.local/lib/python3.10/site-packages/django/contrib/sessions/__init__.py first seen with mtime 1741778993.9390333
DEBUG 2025-04-21 15:55:06,117 autoreload File /home/karim/.local/lib/python3.10/site-packages/django/core/files/uploadhandler.py first seen with mtime 1741778994.0070333
DEBUG 2025-04-21 15:55:06,117 autoreload File /usr/lib/python3.10/email/parser.py first seen with mtime 1738681056.0
DEBUG 2025-04-21 15:55:06,117 autoreload File /usr/lib/python3.10/urllib/error.py first seen with mtime 1738681056.0
DEBUG 2025-04-21 15:55:06,117 autoreload File /home/karim/.local/lib/python3.10/site-packages/django/apps/registry.py first seen with mtime 1741778993.4790325
DEBUG 2025-04-21 15:55:06,117 autoreload File /home/karim/.local/lib/python3.10/site-packages/django/views/generic/detail.py first seen with mtime 1741778994.0680335
DEBUG 2025-04-21 15:55:06,117 autoreload File /home/karim/.local/lib/python3.10/site-packages/django/contrib/staticfiles/__init__.py first seen with mtime 1741778993.9990335
DEBUG 2025-04-21 15:55:06,117 autoreload File /home/karim/.local/lib/python3.10/site-packages/sqlparse/filters/tokens.py first seen with mtime 1724687074.3807824
DEBUG 2025-04-21 15:55:06,117 autoreload File /home/karim/.local/lib/python3.10/site-packages/django/views/decorators/__init__.py first seen with mtime 1741778994.0660336
DEBUG 2025-04-21 15:55:06,117 autoreload File /usr/lib/python3.10/socketserver.py first seen with mtime 1738681056.0
DEBUG 2025-04-21 15:55:06,117 autoreload File /home/karim/.local/lib/python3.10/site-packages/django/template/utils.py first seen with mtime 1741778994.0540335
DEBUG 2025-04-21 15:55:06,117 autoreload File /usr/lib/python3.10/email/mime/base.py first seen with mtime 1738681056.0
DEBUG 2025-04-21 15:55:06,117 autoreload File /home/karim/.local/lib/python3.10/site-packages/django/core/checks/model_checks.py first seen with mtime 1741778994.0040333
DEBUG 2025-04-21 15:55:06,117 autoreload File /home/karim/.local/lib/python3.10/site-packages/django/db/migrations/state.py first seen with mtime 1741778994.0270336
DEBUG 2025-04-21 15:55:06,117 autoreload File /usr/lib/python3.10/copyreg.py first seen with mtime 1738681056.0
DEBUG 2025-04-21 15:55:06,117 autoreload File /home/karim/.local/lib/python3.10/site-packages/django/core/signals.py first seen with mtime 1741778994.0020335
DEBUG 2025-04-21 15:55:06,117 autoreload File /home/karim/.local/lib/python3.10/site-packages/django/utils/_os.py first seen with mtime 1741778994.0590336
DEBUG 2025-04-21 15:55:06,117 autoreload File /home/karim/.local/lib/python3.10/site-packages/django/core/files/storage/filesystem.py first seen with mtime 1741778994.0070333
DEBUG 2025-04-21 15:55:06,117 autoreload File /home/karim/.local/lib/python3.10/site-packages/django/contrib/admin/views/main.py first seen with mtime 1741778993.6650329
DEBUG 2025-04-21 15:55:06,117 autoreload File /home/karim/.local/lib/python3.10/site-packages/django/template/loader_tags.py first seen with mtime 1741778994.0530336
DEBUG 2025-04-21 15:55:06,117 autoreload File /home/karim/.local/lib/python3.10/site-packages/django/db/backends/sqlite3/_functions.py first seen with mtime 1741778994.0240335
DEBUG 2025-04-21 15:55:06,117 autoreload File /home/karim/.local/lib/python3.10/site-packages/django/contrib/staticfiles/utils.py first seen with mtime 1741778994.0000334
DEBUG 2025-04-21 15:55:06,117 autoreload File /usr/lib/python3.10/asyncio/protocols.py first seen with mtime 1738681056.0
DEBUG 2025-04-21 15:55:06,117 autoreload File /usr/lib/python3.10/concurrent/__init__.py first seen with mtime 1738681056.0
DEBUG 2025-04-21 15:55:06,118 autoreload File /home/karim/.local/lib/python3.10/site-packages/django/template/engine.py first seen with mtime 1741778994.0530336
DEBUG 2025-04-21 15:55:06,118 autoreload File /usr/lib/python3.10/multiprocessing/process.py first seen with mtime 1738681056.0
DEBUG 2025-04-21 15:55:06,118 autoreload File /home/karim/CREM_Webapp/templates/Contact_EN.html first seen with mtime 1742568238.3015459
DEBUG 2025-04-21 15:55:06,118 autoreload File /home/karim/CREM_Webapp/templates/Home_EN.html first seen with mtime 1742568238.302546
DEBUG 2025-04-21 15:55:06,118 autoreload File /home/karim/CREM_Webapp/templates/emails first seen with mtime 1742568238.302546
DEBUG 2025-04-21 15:55:06,118 autoreload File /home/karim/CREM_Webapp/templates/platforms first seen with mtime 1738425588.7848206
DEBUG 2025-04-21 15:55:06,118 autoreload File /home/karim/CREM_Webapp/templates/includes first seen with mtime 1742568238.303546
DEBUG 2025-04-21 15:55:06,118 autoreload File /home/karim/CREM_Webapp/templates/emails/contactform.html first seen with mtime 1742568238.302546
DEBUG 2025-04-21 15:55:06,118 autoreload File /home/karim/CREM_Webapp/templates/platforms/SAI first seen with mtime 1742568238.311546
DEBUG 2025-04-21 15:55:06,118 autoreload File /home/karim/CREM_Webapp/templates/platforms/ASMP first seen with mtime 1742568238.306546
DEBUG 2025-04-21 15:55:06,118 autoreload File /home/karim/CREM_Webapp/templates/platforms/RESEE first seen with mtime 1742568238.3105462
DEBUG 2025-04-21 15:55:06,118 autoreload File /home/karim/CREM_Webapp/templates/platforms/MSC first seen with mtime 1742568238.308546
DEBUG 2025-04-21 15:55:06,118 autoreload File /home/karim/CREM_Webapp/templates/platforms/PCE first seen with mtime 1742568238.309546
DEBUG 2025-04-21 15:55:06,118 autoreload File /home/karim/CREM_Webapp/templates/platforms/AIDE first seen with mtime 1742568238.3045459
DEBUG 2025-04-21 15:55:06,118 autoreload File /home/karim/CREM_Webapp/templates/platforms/BIO first seen with mtime 1742568238.3075461
DEBUG 2025-04-21 15:55:06,119 autoreload File /home/karim/CREM_Webapp/templates/platforms/SAI/services.html first seen with mtime 1742568238.311546
DEBUG 2025-04-21 15:55:06,119 autoreload File /home/karim/CREM_Webapp/templates/platforms/SAI/innovation.html first seen with mtime 1742568238.311546
DEBUG 2025-04-21 15:55:06,119 autoreload File /home/karim/CREM_Webapp/templates/platforms/SAI/infrastructure.html first seen with mtime 1742568238.311546
DEBUG 2025-04-21 15:55:06,119 autoreload File /home/karim/CREM_Webapp/templates/platforms/SAI/index.html first seen with mtime 1742568238.311546
DEBUG 2025-04-21 15:55:06,119 autoreload File /home/karim/CREM_Webapp/templates/platforms/ASMP/services.html first seen with mtime 1742568238.306546
DEBUG 2025-04-21 15:55:06,119 autoreload File /home/karim/CREM_Webapp/templates/platforms/ASMP/innovation.html first seen with mtime 1742568238.305546
DEBUG 2025-04-21 15:55:06,119 autoreload File /home/karim/CREM_Webapp/templates/platforms/ASMP/infrastructure.html first seen with mtime 1742568238.305546
DEBUG 2025-04-21 15:55:06,119 autoreload File /home/karim/CREM_Webapp/templates/platforms/ASMP/index.html first seen with mtime 1742568238.3045459
DEBUG 2025-04-21 15:55:06,119 autoreload File /home/karim/CREM_Webapp/templates/platforms/RESEE/services.html first seen with mtime 1742568238.3105462
DEBUG 2025-04-21 15:55:06,119 autoreload File /home/karim/CREM_Webapp/templates/platforms/RESEE/innovation.html first seen with mtime 1742568238.3105462
DEBUG 2025-04-21 15:55:06,119 autoreload File /home/karim/CREM_Webapp/templates/platforms/RESEE/infrastructure.html first seen with mtime 1742568238.3105462
DEBUG 2025-04-21 15:55:06,119 autoreload File /home/karim/CREM_Webapp/templates/platforms/RESEE/index.html first seen with mtime 1742568238.3105462
DEBUG 2025-04-21 15:55:06,119 autoreload File /home/karim/CREM_Webapp/templates/platforms/MSC/services.html first seen with mtime 1742568238.308546
DEBUG 2025-04-21 15:55:06,119 autoreload File /home/karim/CREM_Webapp/templates/platforms/MSC/innovation.html first seen with mtime 1742568238.308546
DEBUG 2025-04-21 15:55:06,119 autoreload File /home/karim/CREM_Webapp/templates/platforms/MSC/infrastructure.html first seen with mtime 1742568238.308546
DEBUG 2025-04-21 15:55:06,119 autoreload File /home/karim/CREM_Webapp/templates/platforms/MSC/index.html first seen with mtime 1742568238.3075461
DEBUG 2025-04-21 15:55:06,119 autoreload File /home/karim/CREM_Webapp/templates/platforms/PCE/services.html first seen with mtime 1742568238.309546
DEBUG 2025-04-21 15:55:06,120 autoreload File /home/karim/CREM_Webapp/templates/platforms/PCE/innovation.html first seen with mtime 1742568238.309546
DEBUG 2025-04-21 15:55:06,120 autoreload File /home/karim/CREM_Webapp/templates/platforms/PCE/infrastructure.html first seen with mtime 1742568238.308546
DEBUG 2025-04-21 15:55:06,120 autoreload File /home/karim/CREM_Webapp/templates/platforms/PCE/index.html first seen with mtime 1742568238.308546
DEBUG 2025-04-21 15:55:06,120 autoreload File /home/karim/CREM_Webapp/templates/platforms/AIDE/services.html first seen with mtime 1742568238.3045459
DEBUG 2025-04-21 15:55:06,120 autoreload File /home/karim/CREM_Webapp/templates/platforms/AIDE/innovation.html first seen with mtime 1742568238.3045459
DEBUG 2025-04-21 15:55:06,120 autoreload File /home/karim/CREM_Webapp/templates/platforms/AIDE/infrastructure.html first seen with mtime 1742568238.3045459
DEBUG 2025-04-21 15:55:06,120 autoreload File /home/karim/CREM_Webapp/templates/platforms/AIDE/index.html first seen with mtime 1742568238.303546
DEBUG 2025-04-21 15:55:06,120 autoreload File /home/karim/CREM_Webapp/templates/platforms/BIO/services.html first seen with mtime 1742568238.3075461
DEBUG 2025-04-21 15:55:06,120 autoreload File /home/karim/CREM_Webapp/templates/platforms/BIO/innovation.html first seen with mtime 1742568238.3075461
DEBUG 2025-04-21 15:55:06,120 autoreload File /home/karim/CREM_Webapp/templates/platforms/BIO/infrastructure.html first seen with mtime 1742568238.306546
DEBUG 2025-04-21 15:55:06,120 autoreload File /home/karim/CREM_Webapp/templates/platforms/BIO/index.html first seen with mtime 1742568238.306546
DEBUG 2025-04-21 15:55:06,120 autoreload File /home/karim/CREM_Webapp/templates/includes/index_header.html first seen with mtime 1742568238.303546
DEBUG 2025-04-21 15:55:06,120 autoreload File /home/karim/CREM_Webapp/templates/includes/header.html first seen with mtime 1745250884.1030674
DEBUG 2025-04-21 15:55:06,120 autoreload File /home/karim/CREM_Webapp/templates/includes/footer.html first seen with mtime 1742568238.302546
DEBUG 2025-04-21 15:55:06,120 autoreload File /home/karim/CREM_Webapp/templates/includes/contact_header.html first seen with mtime 1742568238.302546
DEBUG 2025-04-21 15:55:07,177 autoreload File /home/karim/.local/lib/python3.10/site-packages/django/contrib/contenttypes/migrations/__init__.py first seen with mtime 1741778993.769033
DEBUG 2025-04-21 15:55:07,177 autoreload File /home/karim/CREM_Webapp/front_app/migrations/__init__.py first seen with mtime 1742568234.011488
DEBUG 2025-04-21 15:55:07,177 autoreload File /home/karim/.local/lib/python3.10/site-packages/django/contrib/sessions/migrations/__init__.py first seen with mtime 1741778993.9690335
DEBUG 2025-04-21 15:55:07,178 autoreload File /home/karim/.local/lib/python3.10/site-packages/django/contrib/auth/backends.py first seen with mtime 1741778993.700033
DEBUG 2025-04-21 15:55:07,178 autoreload File /home/karim/.local/lib/python3.10/site-packages/django/contrib/auth/migrations/0004_alter_user_username_opts.py first seen with mtime 1741778993.739033
DEBUG 2025-04-21 15:55:07,178 autoreload File /usr/lib/python3/dist-packages/PIL/_imaging.cpython-310-x86_64-linux-gnu.so first seen with mtime 1713182429.0
DEBUG 2025-04-21 15:55:07,178 autoreload File /home/karim/.local/lib/python3.10/site-packages/django/contrib/sessions/middleware.py first seen with mtime 1741778993.9400334
DEBUG 2025-04-21 15:55:07,178 autoreload File /home/karim/CREM_Webapp/CREM_Webapp/wsgi.py first seen with mtime 1742568234.0074878
DEBUG 2025-04-21 15:55:07,178 autoreload File /home/karim/.local/lib/python3.10/site-packages/django/contrib/auth/migrations/0001_initial.py first seen with mtime 1741778993.738033
DEBUG 2025-04-21 15:55:07,179 autoreload File /home/karim/.local/lib/python3.10/site-packages/django/contrib/contenttypes/migrations/0001_initial.py first seen with mtime 1741778993.769033
DEBUG 2025-04-21 15:55:07,179 autoreload File /home/karim/.local/lib/python3.10/site-packages/django/db/migrations/recorder.py first seen with mtime 1741778994.0270336
DEBUG 2025-04-21 15:55:07,179 autoreload File /home/karim/.local/lib/python3.10/site-packages/django/contrib/sessions/migrations/0001_initial.py first seen with mtime 1741778993.9690335
DEBUG 2025-04-21 15:55:07,179 autoreload File /home/karim/.local/lib/python3.10/site-packages/django/contrib/sessions/backends/base.py first seen with mtime 1741778993.9400334
DEBUG 2025-04-21 15:55:07,179 autoreload File /home/karim/.local/lib/python3.10/site-packages/django/contrib/auth/migrations/0012_alter_user_first_name_max_length.py first seen with mtime 1741778993.739033
DEBUG 2025-04-21 15:55:07,179 autoreload File /home/karim/.local/lib/python3.10/site-packages/django/middleware/security.py first seen with mtime 1741778994.0510335
DEBUG 2025-04-21 15:55:07,180 autoreload File /home/karim/.local/lib/python3.10/site-packages/django/db/migrations/graph.py first seen with mtime 1741778994.0260334
DEBUG 2025-04-21 15:55:07,180 autoreload File /home/karim/.local/lib/python3.10/site-packages/django/contrib/auth/migrations/0005_alter_user_last_login_null.py first seen with mtime 1741778993.739033
DEBUG 2025-04-21 15:55:07,180 autoreload File /usr/lib/python3/dist-packages/PIL/_util.py first seen with mtime 1643848538.0
DEBUG 2025-04-21 15:55:07,180 autoreload File /home/karim/.local/lib/python3.10/site-packages/django/contrib/auth/middleware.py first seen with mtime 1741778993.702033
DEBUG 2025-04-21 15:55:07,180 autoreload File /home/karim/.local/lib/python3.10/site-packages/django/db/migrations/executor.py first seen with mtime 1741778994.0260334
DEBUG 2025-04-21 15:55:07,180 autoreload File /home/karim/.local/lib/python3.10/site-packages/django/contrib/auth/migrations/0002_alter_permission_name_max_length.py first seen with mtime 1741778993.738033
DEBUG 2025-04-21 15:55:07,180 autoreload File /home/karim/.local/lib/python3.10/site-packages/django/contrib/admin/migrations/0003_logentry_add_action_flag_choices.py first seen with mtime 1741778993.635033
DEBUG 2025-04-21 15:55:07,180 autoreload File /usr/lib/python3.10/stringprep.py first seen with mtime 1738681056.0
DEBUG 2025-04-21 15:55:07,180 autoreload File /home/karim/.local/lib/python3.10/site-packages/django/middleware/common.py first seen with mtime 1741778994.0510335
DEBUG 2025-04-21 15:55:07,181 autoreload File /home/karim/.local/lib/python3.10/site-packages/django/contrib/sessions/exceptions.py first seen with mtime 1741778993.9400334
DEBUG 2025-04-21 15:55:07,181 autoreload File /home/karim/.local/lib/python3.10/site-packages/django/contrib/contenttypes/migrations/0002_remove_content_type_name.py first seen with mtime 1741778993.769033
DEBUG 2025-04-21 15:55:07,182 autoreload File /usr/lib/python3.10/encodings/idna.py first seen with mtime 1738681056.0
DEBUG 2025-04-21 15:55:07,182 autoreload File /home/karim/.local/lib/python3.10/site-packages/django/contrib/auth/migrations/0007_alter_validators_add_error_messages.py first seen with mtime 1741778993.739033
DEBUG 2025-04-21 15:55:07,182 autoreload File /home/karim/.local/lib/python3.10/site-packages/django/db/models/sql/compiler.py first seen with mtime 1741778994.0360334
DEBUG 2025-04-21 15:55:07,182 autoreload File /home/karim/.local/lib/python3.10/site-packages/django/contrib/messages/middleware.py first seen with mtime 1741778993.8800333
DEBUG 2025-04-21 15:55:07,182 autoreload File /home/karim/.local/lib/python3.10/site-packages/django/contrib/auth/migrations/0010_alter_group_name_max_length.py first seen with mtime 1741778993.739033
DEBUG 2025-04-21 15:55:07,182 autoreload File /home/karim/.local/lib/python3.10/site-packages/django/contrib/admin/migrations/__init__.py first seen with mtime 1741778993.6360328
DEBUG 2025-04-21 15:55:07,182 autoreload File /home/karim/.local/lib/python3.10/site-packages/django/middleware/clickjacking.py first seen with mtime 1741778994.0510335
DEBUG 2025-04-21 15:55:07,182 autoreload File /home/karim/.local/lib/python3.10/site-packages/django/contrib/auth/migrations/0003_alter_user_email_max_length.py first seen with mtime 1741778993.738033
DEBUG 2025-04-21 15:55:07,182 autoreload File /home/karim/.local/lib/python3.10/site-packages/django/contrib/sessions/backends/__init__.py first seen with mtime 1741778993.9400334
DEBUG 2025-04-21 15:55:07,183 autoreload File /home/karim/.local/lib/python3.10/site-packages/django/core/cache/backends/locmem.py first seen with mtime 1741778994.0030334
DEBUG 2025-04-21 15:55:07,183 autoreload File /home/karim/.local/lib/python3.10/site-packages/django/contrib/sessions/backends/db.py first seen with mtime 1741778993.9410334
DEBUG 2025-04-21 15:55:07,183 autoreload File /usr/lib/python3/dist-packages/PIL/_binary.py first seen with mtime 1643848538.0
DEBUG 2025-04-21 15:55:07,183 autoreload File /home/karim/.local/lib/python3.10/site-packages/django/contrib/auth/migrations/0009_alter_user_last_name_max_length.py first seen with mtime 1741778993.739033
DEBUG 2025-04-21 15:55:07,183 autoreload File /home/karim/.local/lib/python3.10/site-packages/django/db/migrations/loader.py first seen with mtime 1741778994.0260334
DEBUG 2025-04-21 15:55:07,183 autoreload File /home/karim/.local/lib/python3.10/site-packages/django/contrib/auth/migrations/0011_update_proxy_permissions.py first seen with mtime 1741778993.739033
DEBUG 2025-04-21 15:55:07,184 autoreload File /home/karim/.local/lib/python3.10/site-packages/django/contrib/admin/migrations/0001_initial.py first seen with mtime 1741778993.635033
DEBUG 2025-04-21 15:55:07,184 autoreload File /home/karim/.local/lib/python3.10/site-packages/django/contrib/admin/migrations/0002_logentry_remove_auto_add.py first seen with mtime 1741778993.635033
DEBUG 2025-04-21 15:55:07,184 autoreload File /home/karim/.local/lib/python3.10/site-packages/django/contrib/auth/migrations/0008_alter_user_username_max_length.py first seen with mtime 1741778993.739033
DEBUG 2025-04-21 15:55:07,184 autoreload File /home/karim/.local/lib/python3.10/site-packages/django/contrib/auth/migrations/0006_require_contenttypes_0002.py first seen with mtime 1741778993.739033
DEBUG 2025-04-21 15:55:07,184 autoreload File /home/karim/.local/lib/python3.10/site-packages/django/contrib/auth/migrations/__init__.py first seen with mtime 1741778993.740033
DEBUG 2025-04-21 15:55:09,497 base Exception while resolving variable 'status' in template 'Home_EN.html'.
Traceback (most recent call last):
  File "/home/karim/.local/lib/python3.10/site-packages/django/utils/datastructures.py", line 84, in __getitem__
    list_ = super().__getitem__(key)
KeyError: 'status'

During handling of the above exception, another exception occurred:

Traceback (most recent call last):
  File "/home/karim/.local/lib/python3.10/site-packages/django/template/base.py", line 875, in _resolve_lookup
    current = current[bit]
  File "/home/karim/.local/lib/python3.10/site-packages/django/utils/datastructures.py", line 86, in __getitem__
    raise MultiValueDictKeyError(key)
django.utils.datastructures.MultiValueDictKeyError: 'status'

During handling of the above exception, another exception occurred:

Traceback (most recent call last):
  File "/home/karim/.local/lib/python3.10/site-packages/django/template/base.py", line 885, in _resolve_lookup
    current = getattr(current, bit)
AttributeError: 'QueryDict' object has no attribute 'status'

During handling of the above exception, another exception occurred:

Traceback (most recent call last):
  File "/home/karim/.local/lib/python3.10/site-packages/django/template/base.py", line 891, in _resolve_lookup
    current = current[int(bit)]
ValueError: invalid literal for int() with base 10: 'status'

During handling of the above exception, another exception occurred:

Traceback (most recent call last):
  File "/home/karim/.local/lib/python3.10/site-packages/django/template/base.py", line 898, in _resolve_lookup
    raise VariableDoesNotExist(
django.template.base.VariableDoesNotExist: Failed lookup for key [status] in <QueryDict: {}>
DEBUG 2025-04-21 15:55:09,499 base Exception while resolving variable 'status' in template 'Home_EN.html'.
Traceback (most recent call last):
  File "/home/karim/.local/lib/python3.10/site-packages/django/utils/datastructures.py", line 84, in __getitem__
    list_ = super().__getitem__(key)
KeyError: 'status'

During handling of the above exception, another exception occurred:

Traceback (most recent call last):
  File "/home/karim/.local/lib/python3.10/site-packages/django/template/base.py", line 875, in _resolve_lookup
    current = current[bit]
  File "/home/karim/.local/lib/python3.10/site-packages/django/utils/datastructures.py", line 86, in __getitem__
    raise MultiValueDictKeyError(key)
django.utils.datastructures.MultiValueDictKeyError: 'status'

During handling of the above exception, another exception occurred:

Traceback (most recent call last):
  File "/home/karim/.local/lib/python3.10/site-packages/django/template/base.py", line 885, in _resolve_lookup
    current = getattr(current, bit)
AttributeError: 'QueryDict' object has no attribute 'status'

During handling of the above exception, another exception occurred:

Traceback (most recent call last):
  File "/home/karim/.local/lib/python3.10/site-packages/django/template/base.py", line 891, in _resolve_lookup
    current = current[int(bit)]
ValueError: invalid literal for int() with base 10: 'status'

During handling of the above exception, another exception occurred:

Traceback (most recent call last):
  File "/home/karim/.local/lib/python3.10/site-packages/django/template/base.py", line 898, in _resolve_lookup
    raise VariableDoesNotExist(
django.template.base.VariableDoesNotExist: Failed lookup for key [status] in <QueryDict: {}>
INFO 2025-04-21 15:55:09,502 basehttp "GET / HTTP/1.1" 200 25613
INFO 2025-04-21 15:55:09,538 basehttp "GET /static/css/bootstrap.min.css HTTP/1.1" 304 0
INFO 2025-04-21 15:55:09,549 basehttp "GET /static/css/text-rotator.css HTTP/1.1" 304 0
INFO 2025-04-21 15:55:09,549 basehttp "GET /static/css/icons-fonts.css HTTP/1.1" 304 0
INFO 2025-04-21 15:55:09,552 basehttp "GET /static/css/animate.min.css HTTP/1.1" 304 0
INFO 2025-04-21 15:55:09,554 basehttp "GET /static/images/logo-white.png HTTP/1.1" 304 0
INFO 2025-04-21 15:55:09,556 basehttp "GET /static/css/style.css HTTP/1.1" 200 263659
INFO 2025-04-21 15:55:09,566 basehttp "GET /static/js/jquery-1.11.2.min.js HTTP/1.1" 304 0
INFO 2025-04-21 15:55:09,568 basehttp "GET /static/js/bootstrap.min.js HTTP/1.1" 304 0
INFO 2025-04-21 15:55:09,569 basehttp "GET /static/js/jquery.magnific-popup.min.js HTTP/1.1" 304 0
INFO 2025-04-21 15:55:09,571 basehttp "GET /static/images/map1.png HTTP/1.1" 200 290978
INFO 2025-04-21 15:55:09,571 basehttp "GET /static/images/UEMF3.png HTTP/1.1" 200 251457
INFO 2025-04-21 15:55:09,582 basehttp "GET /static/js/isotope.pkgd.min.js HTTP/1.1" 304 0
INFO 2025-04-21 15:55:09,610 basehttp "GET /static/js/imagesloaded.pkgd.min.js HTTP/1.1" 304 0
INFO 2025-04-21 15:55:09,612 basehttp "GET /static/js/jquery.countTo.js HTTP/1.1" 304 0
INFO 2025-04-21 15:55:09,613 basehttp "GET /static/js/masonry.pkgd.min.js HTTP/1.1" 304 0
INFO 2025-04-21 15:55:09,615 basehttp "GET /static/js/jquery.appear.js HTTP/1.1" 304 0
INFO 2025-04-21 15:55:09,615 basehttp "GET /static/js/owl.carousel.min.js HTTP/1.1" 304 0
INFO 2025-04-21 15:55:09,627 basehttp "GET /static/js/jquery.stellar.min.js HTTP/1.1" 304 0
INFO 2025-04-21 15:55:09,651 basehttp "GET /static/fonts/linea-icons.woff HTTP/1.1" 304 0
INFO 2025-04-21 15:55:09,655 basehttp "GET /static/fonts/fontawesome-webfont.woff?v=4.2.0 HTTP/1.1" 304 0
INFO 2025-04-21 15:55:09,662 basehttp "GET /static/js/text-rotator.js HTTP/1.1" 304 0
INFO 2025-04-21 15:55:09,663 basehttp "GET /static/js/jquery.backgroundvideo.min.js HTTP/1.1" 304 0
INFO 2025-04-21 15:55:09,676 basehttp "GET /static/js/jquery.nav.js HTTP/1.1" 304 0
DEBUG 2025-04-21 15:55:09,677 base Exception while resolving variable 'name' in template 'unknown'.
Traceback (most recent call last):
  File "/home/karim/.local/lib/python3.10/site-packages/django/core/handlers/exception.py", line 55, in inner
    response = get_response(request)
  File "/home/karim/.local/lib/python3.10/site-packages/django/core/handlers/base.py", line 181, in _get_response
    callback, callback_args, callback_kwargs = self.resolve_request(request)
  File "/home/karim/.local/lib/python3.10/site-packages/django/core/handlers/base.py", line 313, in resolve_request
    resolver_match = resolver.resolve(request.path_info)
  File "/home/karim/.local/lib/python3.10/site-packages/django/urls/resolvers.py", line 725, in resolve
    raise Resolver404({"tried": tried, "path": new_path})
django.urls.exceptions.Resolver404: {'tried': [[<URLResolver <URLPattern list> (admin:admin) 'admin/'>], [<URLResolver <module 'front_app.urls' from '/home/karim/CREM_Webapp/front_app/urls.py'> (None:None) ''>, <URLPattern '' [name='home']>], [<URLResolver <module 'front_app.urls' from '/home/karim/CREM_Webapp/front_app/urls.py'> (None:None) ''>, <URLPattern 'contact/' [name='contact']>], [<URLResolver <module 'front_app.urls' from '/home/karim/CREM_Webapp/front_app/urls.py'> (None:None) ''>, <URLPattern 'AIDE/infrastructure/' [name='AIDE_infrastructure']>], [<URLResolver <module 'front_app.urls' from '/home/karim/CREM_Webapp/front_app/urls.py'> (None:None) ''>, <URLPattern 'AIDE/services/' [name='AIDE_services']>], [<URLResolver <module 'front_app.urls' from '/home/karim/CREM_Webapp/front_app/urls.py'> (None:None) ''>, <URLPattern 'AIDE/index/' [name='AIDE_index']>], [<URLResolver <module 'front_app.urls' from '/home/karim/CREM_Webapp/front_app/urls.py'> (None:None) ''>, <URLPattern 'AIDE/innovation/' [name='AIDE_innovation']>], [<URLResolver <module 'front_app.urls' from '/home/karim/CREM_Webapp/front_app/urls.py'> (None:None) ''>, <URLPattern 'ASMP/infrastructure/' [name='ASMP_infrastructure']>], [<URLResolver <module 'front_app.urls' from '/home/karim/CREM_Webapp/front_app/urls.py'> (None:None) ''>, <URLPattern 'ASMP/services/' [name='ASMP_services']>], [<URLResolver <module 'front_app.urls' from '/home/karim/CREM_Webapp/front_app/urls.py'> (None:None) ''>, <URLPattern 'ASMP/index/' [name='ASMP_index']>], [<URLResolver <module 'front_app.urls' from '/home/karim/CREM_Webapp/front_app/urls.py'> (None:None) ''>, <URLPattern 'ASMP/innovation/' [name='ASMP_innovation']>], [<URLResolver <module 'front_app.urls' from '/home/karim/CREM_Webapp/front_app/urls.py'> (None:None) ''>, <URLPattern 'BIO/infrastructure/' [name='BIO_infrastructure']>], [<URLResolver <module 'front_app.urls' from '/home/karim/CREM_Webapp/front_app/urls.py'> (None:None) ''>, <URLPattern 'BIO/services/' [name='BIO_services']>], [<URLResolver <module 'front_app.urls' from '/home/karim/CREM_Webapp/front_app/urls.py'> (None:None) ''>, <URLPattern 'BIO/index/' [name='BIO_index']>], [<URLResolver <module 'front_app.urls' from '/home/karim/CREM_Webapp/front_app/urls.py'> (None:None) ''>, <URLPattern 'BIO/innovation/' [name='BIO_innovation']>], [<URLResolver <module 'front_app.urls' from '/home/karim/CREM_Webapp/front_app/urls.py'> (None:None) ''>, <URLPattern 'MSC/infrastructure/' [name='MSC_infrastructure']>], [<URLResolver <module 'front_app.urls' from '/home/karim/CREM_Webapp/front_app/urls.py'> (None:None) ''>, <URLPattern 'MSC/services/' [name='MSC_services']>], [<URLResolver <module 'front_app.urls' from '/home/karim/CREM_Webapp/front_app/urls.py'> (None:None) ''>, <URLPattern 'MSC/index/' [name='MSC_index']>], [<URLResolver <module 'front_app.urls' from '/home/karim/CREM_Webapp/front_app/urls.py'> (None:None) ''>, <URLPattern 'MSC/innovation/' [name='MSC_innovation']>], [<URLResolver <module 'front_app.urls' from '/home/karim/CREM_Webapp/front_app/urls.py'> (None:None) ''>, <URLPattern 'PCE/infrastructure/' [name='PCE_infrastructure']>], [<URLResolver <module 'front_app.urls' from '/home/karim/CREM_Webapp/front_app/urls.py'> (None:None) ''>, <URLPattern 'PCE/services/' [name='PCE_services']>], [<URLResolver <module 'front_app.urls' from '/home/karim/CREM_Webapp/front_app/urls.py'> (None:None) ''>, <URLPattern 'PCE/index/' [name='PCE_index']>], [<URLResolver <module 'front_app.urls' from '/home/karim/CREM_Webapp/front_app/urls.py'> (None:None) ''>, <URLPattern 'PCE/innovation/' [name='PCE_innovation']>], [<URLResolver <module 'front_app.urls' from '/home/karim/CREM_Webapp/front_app/urls.py'> (None:None) ''>, <URLPattern 'RESEE/infrastructure/' [name='RESEE_infrastructure']>], [<URLResolver <module 'front_app.urls' from '/home/karim/CREM_Webapp/front_app/urls.py'> (None:None) ''>, <URLPattern 'RESEE/services/' [name='RESEE_services']>], [<URLResolver <module 'front_app.urls' from '/home/karim/CREM_Webapp/front_app/urls.py'> (None:None) ''>, <URLPattern 'RESEE/index/' [name='RESEE_index']>], [<URLResolver <module 'front_app.urls' from '/home/karim/CREM_Webapp/front_app/urls.py'> (None:None) ''>, <URLPattern 'RESEE/innovation/' [name='RESEE_innovation']>], [<URLResolver <module 'front_app.urls' from '/home/karim/CREM_Webapp/front_app/urls.py'> (None:None) ''>, <URLPattern 'SAI/infrastructure/' [name='SAI_infrastructure']>], [<URLResolver <module 'front_app.urls' from '/home/karim/CREM_Webapp/front_app/urls.py'> (None:None) ''>, <URLPattern 'SAI/services/' [name='SAI_services']>], [<URLResolver <module 'front_app.urls' from '/home/karim/CREM_Webapp/front_app/urls.py'> (None:None) ''>, <URLPattern 'SAI/index/' [name='SAI_index']>], [<URLResolver <module 'front_app.urls' from '/home/karim/CREM_Webapp/front_app/urls.py'> (None:None) ''>, <URLPattern 'SAI/innovation/' [name='SAI_innovation']>], [<URLResolver <module 'instrumentation.urls' from '/home/karim/CREM_Webapp/instrumentation/urls.py'> (None:None) 'instrumentation/'>], [<URLResolver <module 'contact.urls' from '/home/karim/CREM_Webapp/contact/urls.py'> (None:None) 'contact/'>], [<URLPattern '^media/(?P<path>.*)$'>]], 'path': 'images/static-media/landing-video-bg.jpg'}

During handling of the above exception, another exception occurred:

Traceback (most recent call last):
  File "/home/karim/.local/lib/python3.10/site-packages/django/template/base.py", line 875, in _resolve_lookup
    current = current[bit]
TypeError: 'URLResolver' object is not subscriptable

During handling of the above exception, another exception occurred:

Traceback (most recent call last):
  File "/home/karim/.local/lib/python3.10/site-packages/django/template/base.py", line 885, in _resolve_lookup
    current = getattr(current, bit)
AttributeError: 'URLResolver' object has no attribute 'name'

During handling of the above exception, another exception occurred:

Traceback (most recent call last):
  File "/home/karim/.local/lib/python3.10/site-packages/django/template/base.py", line 891, in _resolve_lookup
    current = current[int(bit)]
ValueError: invalid literal for int() with base 10: 'name'

During handling of the above exception, another exception occurred:

Traceback (most recent call last):
  File "/home/karim/.local/lib/python3.10/site-packages/django/template/base.py", line 898, in _resolve_lookup
    raise VariableDoesNotExist(
django.template.base.VariableDoesNotExist: Failed lookup for key [name] in <URLResolver <URLPattern list> (admin:admin) 'admin/'>
DEBUG 2025-04-21 15:55:09,682 base Exception while resolving variable 'name' in template 'unknown'.
Traceback (most recent call last):
  File "/home/karim/.local/lib/python3.10/site-packages/django/core/handlers/exception.py", line 55, in inner
    response = get_response(request)
  File "/home/karim/.local/lib/python3.10/site-packages/django/core/handlers/base.py", line 181, in _get_response
    callback, callback_args, callback_kwargs = self.resolve_request(request)
  File "/home/karim/.local/lib/python3.10/site-packages/django/core/handlers/base.py", line 313, in resolve_request
    resolver_match = resolver.resolve(request.path_info)
  File "/home/karim/.local/lib/python3.10/site-packages/django/urls/resolvers.py", line 725, in resolve
    raise Resolver404({"tried": tried, "path": new_path})
django.urls.exceptions.Resolver404: {'tried': [[<URLResolver <URLPattern list> (admin:admin) 'admin/'>], [<URLResolver <module 'front_app.urls' from '/home/karim/CREM_Webapp/front_app/urls.py'> (None:None) ''>, <URLPattern '' [name='home']>], [<URLResolver <module 'front_app.urls' from '/home/karim/CREM_Webapp/front_app/urls.py'> (None:None) ''>, <URLPattern 'contact/' [name='contact']>], [<URLResolver <module 'front_app.urls' from '/home/karim/CREM_Webapp/front_app/urls.py'> (None:None) ''>, <URLPattern 'AIDE/infrastructure/' [name='AIDE_infrastructure']>], [<URLResolver <module 'front_app.urls' from '/home/karim/CREM_Webapp/front_app/urls.py'> (None:None) ''>, <URLPattern 'AIDE/services/' [name='AIDE_services']>], [<URLResolver <module 'front_app.urls' from '/home/karim/CREM_Webapp/front_app/urls.py'> (None:None) ''>, <URLPattern 'AIDE/index/' [name='AIDE_index']>], [<URLResolver <module 'front_app.urls' from '/home/karim/CREM_Webapp/front_app/urls.py'> (None:None) ''>, <URLPattern 'AIDE/innovation/' [name='AIDE_innovation']>], [<URLResolver <module 'front_app.urls' from '/home/karim/CREM_Webapp/front_app/urls.py'> (None:None) ''>, <URLPattern 'ASMP/infrastructure/' [name='ASMP_infrastructure']>], [<URLResolver <module 'front_app.urls' from '/home/karim/CREM_Webapp/front_app/urls.py'> (None:None) ''>, <URLPattern 'ASMP/services/' [name='ASMP_services']>], [<URLResolver <module 'front_app.urls' from '/home/karim/CREM_Webapp/front_app/urls.py'> (None:None) ''>, <URLPattern 'ASMP/index/' [name='ASMP_index']>], [<URLResolver <module 'front_app.urls' from '/home/karim/CREM_Webapp/front_app/urls.py'> (None:None) ''>, <URLPattern 'ASMP/innovation/' [name='ASMP_innovation']>], [<URLResolver <module 'front_app.urls' from '/home/karim/CREM_Webapp/front_app/urls.py'> (None:None) ''>, <URLPattern 'BIO/infrastructure/' [name='BIO_infrastructure']>], [<URLResolver <module 'front_app.urls' from '/home/karim/CREM_Webapp/front_app/urls.py'> (None:None) ''>, <URLPattern 'BIO/services/' [name='BIO_services']>], [<URLResolver <module 'front_app.urls' from '/home/karim/CREM_Webapp/front_app/urls.py'> (None:None) ''>, <URLPattern 'BIO/index/' [name='BIO_index']>], [<URLResolver <module 'front_app.urls' from '/home/karim/CREM_Webapp/front_app/urls.py'> (None:None) ''>, <URLPattern 'BIO/innovation/' [name='BIO_innovation']>], [<URLResolver <module 'front_app.urls' from '/home/karim/CREM_Webapp/front_app/urls.py'> (None:None) ''>, <URLPattern 'MSC/infrastructure/' [name='MSC_infrastructure']>], [<URLResolver <module 'front_app.urls' from '/home/karim/CREM_Webapp/front_app/urls.py'> (None:None) ''>, <URLPattern 'MSC/services/' [name='MSC_services']>], [<URLResolver <module 'front_app.urls' from '/home/karim/CREM_Webapp/front_app/urls.py'> (None:None) ''>, <URLPattern 'MSC/index/' [name='MSC_index']>], [<URLResolver <module 'front_app.urls' from '/home/karim/CREM_Webapp/front_app/urls.py'> (None:None) ''>, <URLPattern 'MSC/innovation/' [name='MSC_innovation']>], [<URLResolver <module 'front_app.urls' from '/home/karim/CREM_Webapp/front_app/urls.py'> (None:None) ''>, <URLPattern 'PCE/infrastructure/' [name='PCE_infrastructure']>], [<URLResolver <module 'front_app.urls' from '/home/karim/CREM_Webapp/front_app/urls.py'> (None:None) ''>, <URLPattern 'PCE/services/' [name='PCE_services']>], [<URLResolver <module 'front_app.urls' from '/home/karim/CREM_Webapp/front_app/urls.py'> (None:None) ''>, <URLPattern 'PCE/index/' [name='PCE_index']>], [<URLResolver <module 'front_app.urls' from '/home/karim/CREM_Webapp/front_app/urls.py'> (None:None) ''>, <URLPattern 'PCE/innovation/' [name='PCE_innovation']>], [<URLResolver <module 'front_app.urls' from '/home/karim/CREM_Webapp/front_app/urls.py'> (None:None) ''>, <URLPattern 'RESEE/infrastructure/' [name='RESEE_infrastructure']>], [<URLResolver <module 'front_app.urls' from '/home/karim/CREM_Webapp/front_app/urls.py'> (None:None) ''>, <URLPattern 'RESEE/services/' [name='RESEE_services']>], [<URLResolver <module 'front_app.urls' from '/home/karim/CREM_Webapp/front_app/urls.py'> (None:None) ''>, <URLPattern 'RESEE/index/' [name='RESEE_index']>], [<URLResolver <module 'front_app.urls' from '/home/karim/CREM_Webapp/front_app/urls.py'> (None:None) ''>, <URLPattern 'RESEE/innovation/' [name='RESEE_innovation']>], [<URLResolver <module 'front_app.urls' from '/home/karim/CREM_Webapp/front_app/urls.py'> (None:None) ''>, <URLPattern 'SAI/infrastructure/' [name='SAI_infrastructure']>], [<URLResolver <module 'front_app.urls' from '/home/karim/CREM_Webapp/front_app/urls.py'> (None:None) ''>, <URLPattern 'SAI/services/' [name='SAI_services']>], [<URLResolver <module 'front_app.urls' from '/home/karim/CREM_Webapp/front_app/urls.py'> (None:None) ''>, <URLPattern 'SAI/index/' [name='SAI_index']>], [<URLResolver <module 'front_app.urls' from '/home/karim/CREM_Webapp/front_app/urls.py'> (None:None) ''>, <URLPattern 'SAI/innovation/' [name='SAI_innovation']>], [<URLResolver <module 'instrumentation.urls' from '/home/karim/CREM_Webapp/instrumentation/urls.py'> (None:None) 'instrumentation/'>], [<URLResolver <module 'contact.urls' from '/home/karim/CREM_Webapp/contact/urls.py'> (None:None) 'contact/'>], [<URLPattern '^media/(?P<path>.*)$'>]], 'path': 'images/static-media/landing-video-bg.jpg'}

During handling of the above exception, another exception occurred:

Traceback (most recent call last):
  File "/home/karim/.local/lib/python3.10/site-packages/django/template/base.py", line 875, in _resolve_lookup
    current = current[bit]
TypeError: 'URLResolver' object is not subscriptable

During handling of the above exception, another exception occurred:

Traceback (most recent call last):
  File "/home/karim/.local/lib/python3.10/site-packages/django/template/base.py", line 885, in _resolve_lookup
    current = getattr(current, bit)
AttributeError: 'URLResolver' object has no attribute 'name'

During handling of the above exception, another exception occurred:

Traceback (most recent call last):
  File "/home/karim/.local/lib/python3.10/site-packages/django/template/base.py", line 891, in _resolve_lookup
    current = current[int(bit)]
ValueError: invalid literal for int() with base 10: 'name'

During handling of the above exception, another exception occurred:

Traceback (most recent call last):
  File "/home/karim/.local/lib/python3.10/site-packages/django/template/base.py", line 898, in _resolve_lookup
    raise VariableDoesNotExist(
django.template.base.VariableDoesNotExist: Failed lookup for key [name] in <URLResolver <module 'instrumentation.urls' from '/home/karim/CREM_Webapp/instrumentation/urls.py'> (None:None) 'instrumentation/'>
DEBUG 2025-04-21 15:55:09,684 base Exception while resolving variable 'name' in template 'unknown'.
Traceback (most recent call last):
  File "/home/karim/.local/lib/python3.10/site-packages/django/core/handlers/exception.py", line 55, in inner
    response = get_response(request)
  File "/home/karim/.local/lib/python3.10/site-packages/django/core/handlers/base.py", line 181, in _get_response
    callback, callback_args, callback_kwargs = self.resolve_request(request)
  File "/home/karim/.local/lib/python3.10/site-packages/django/core/handlers/base.py", line 313, in resolve_request
    resolver_match = resolver.resolve(request.path_info)
  File "/home/karim/.local/lib/python3.10/site-packages/django/urls/resolvers.py", line 725, in resolve
    raise Resolver404({"tried": tried, "path": new_path})
django.urls.exceptions.Resolver404: {'tried': [[<URLResolver <URLPattern list> (admin:admin) 'admin/'>], [<URLResolver <module 'front_app.urls' from '/home/karim/CREM_Webapp/front_app/urls.py'> (None:None) ''>, <URLPattern '' [name='home']>], [<URLResolver <module 'front_app.urls' from '/home/karim/CREM_Webapp/front_app/urls.py'> (None:None) ''>, <URLPattern 'contact/' [name='contact']>], [<URLResolver <module 'front_app.urls' from '/home/karim/CREM_Webapp/front_app/urls.py'> (None:None) ''>, <URLPattern 'AIDE/infrastructure/' [name='AIDE_infrastructure']>], [<URLResolver <module 'front_app.urls' from '/home/karim/CREM_Webapp/front_app/urls.py'> (None:None) ''>, <URLPattern 'AIDE/services/' [name='AIDE_services']>], [<URLResolver <module 'front_app.urls' from '/home/karim/CREM_Webapp/front_app/urls.py'> (None:None) ''>, <URLPattern 'AIDE/index/' [name='AIDE_index']>], [<URLResolver <module 'front_app.urls' from '/home/karim/CREM_Webapp/front_app/urls.py'> (None:None) ''>, <URLPattern 'AIDE/innovation/' [name='AIDE_innovation']>], [<URLResolver <module 'front_app.urls' from '/home/karim/CREM_Webapp/front_app/urls.py'> (None:None) ''>, <URLPattern 'ASMP/infrastructure/' [name='ASMP_infrastructure']>], [<URLResolver <module 'front_app.urls' from '/home/karim/CREM_Webapp/front_app/urls.py'> (None:None) ''>, <URLPattern 'ASMP/services/' [name='ASMP_services']>], [<URLResolver <module 'front_app.urls' from '/home/karim/CREM_Webapp/front_app/urls.py'> (None:None) ''>, <URLPattern 'ASMP/index/' [name='ASMP_index']>], [<URLResolver <module 'front_app.urls' from '/home/karim/CREM_Webapp/front_app/urls.py'> (None:None) ''>, <URLPattern 'ASMP/innovation/' [name='ASMP_innovation']>], [<URLResolver <module 'front_app.urls' from '/home/karim/CREM_Webapp/front_app/urls.py'> (None:None) ''>, <URLPattern 'BIO/infrastructure/' [name='BIO_infrastructure']>], [<URLResolver <module 'front_app.urls' from '/home/karim/CREM_Webapp/front_app/urls.py'> (None:None) ''>, <URLPattern 'BIO/services/' [name='BIO_services']>], [<URLResolver <module 'front_app.urls' from '/home/karim/CREM_Webapp/front_app/urls.py'> (None:None) ''>, <URLPattern 'BIO/index/' [name='BIO_index']>], [<URLResolver <module 'front_app.urls' from '/home/karim/CREM_Webapp/front_app/urls.py'> (None:None) ''>, <URLPattern 'BIO/innovation/' [name='BIO_innovation']>], [<URLResolver <module 'front_app.urls' from '/home/karim/CREM_Webapp/front_app/urls.py'> (None:None) ''>, <URLPattern 'MSC/infrastructure/' [name='MSC_infrastructure']>], [<URLResolver <module 'front_app.urls' from '/home/karim/CREM_Webapp/front_app/urls.py'> (None:None) ''>, <URLPattern 'MSC/services/' [name='MSC_services']>], [<URLResolver <module 'front_app.urls' from '/home/karim/CREM_Webapp/front_app/urls.py'> (None:None) ''>, <URLPattern 'MSC/index/' [name='MSC_index']>], [<URLResolver <module 'front_app.urls' from '/home/karim/CREM_Webapp/front_app/urls.py'> (None:None) ''>, <URLPattern 'MSC/innovation/' [name='MSC_innovation']>], [<URLResolver <module 'front_app.urls' from '/home/karim/CREM_Webapp/front_app/urls.py'> (None:None) ''>, <URLPattern 'PCE/infrastructure/' [name='PCE_infrastructure']>], [<URLResolver <module 'front_app.urls' from '/home/karim/CREM_Webapp/front_app/urls.py'> (None:None) ''>, <URLPattern 'PCE/services/' [name='PCE_services']>], [<URLResolver <module 'front_app.urls' from '/home/karim/CREM_Webapp/front_app/urls.py'> (None:None) ''>, <URLPattern 'PCE/index/' [name='PCE_index']>], [<URLResolver <module 'front_app.urls' from '/home/karim/CREM_Webapp/front_app/urls.py'> (None:None) ''>, <URLPattern 'PCE/innovation/' [name='PCE_innovation']>], [<URLResolver <module 'front_app.urls' from '/home/karim/CREM_Webapp/front_app/urls.py'> (None:None) ''>, <URLPattern 'RESEE/infrastructure/' [name='RESEE_infrastructure']>], [<URLResolver <module 'front_app.urls' from '/home/karim/CREM_Webapp/front_app/urls.py'> (None:None) ''>, <URLPattern 'RESEE/services/' [name='RESEE_services']>], [<URLResolver <module 'front_app.urls' from '/home/karim/CREM_Webapp/front_app/urls.py'> (None:None) ''>, <URLPattern 'RESEE/index/' [name='RESEE_index']>], [<URLResolver <module 'front_app.urls' from '/home/karim/CREM_Webapp/front_app/urls.py'> (None:None) ''>, <URLPattern 'RESEE/innovation/' [name='RESEE_innovation']>], [<URLResolver <module 'front_app.urls' from '/home/karim/CREM_Webapp/front_app/urls.py'> (None:None) ''>, <URLPattern 'SAI/infrastructure/' [name='SAI_infrastructure']>], [<URLResolver <module 'front_app.urls' from '/home/karim/CREM_Webapp/front_app/urls.py'> (None:None) ''>, <URLPattern 'SAI/services/' [name='SAI_services']>], [<URLResolver <module 'front_app.urls' from '/home/karim/CREM_Webapp/front_app/urls.py'> (None:None) ''>, <URLPattern 'SAI/index/' [name='SAI_index']>], [<URLResolver <module 'front_app.urls' from '/home/karim/CREM_Webapp/front_app/urls.py'> (None:None) ''>, <URLPattern 'SAI/innovation/' [name='SAI_innovation']>], [<URLResolver <module 'instrumentation.urls' from '/home/karim/CREM_Webapp/instrumentation/urls.py'> (None:None) 'instrumentation/'>], [<URLResolver <module 'contact.urls' from '/home/karim/CREM_Webapp/contact/urls.py'> (None:None) 'contact/'>], [<URLPattern '^media/(?P<path>.*)$'>]], 'path': 'images/static-media/landing-video-bg.jpg'}

During handling of the above exception, another exception occurred:

Traceback (most recent call last):
  File "/home/karim/.local/lib/python3.10/site-packages/django/template/base.py", line 875, in _resolve_lookup
    current = current[bit]
TypeError: 'URLResolver' object is not subscriptable

During handling of the above exception, another exception occurred:

Traceback (most recent call last):
  File "/home/karim/.local/lib/python3.10/site-packages/django/template/base.py", line 885, in _resolve_lookup
    current = getattr(current, bit)
AttributeError: 'URLResolver' object has no attribute 'name'

During handling of the above exception, another exception occurred:

Traceback (most recent call last):
  File "/home/karim/.local/lib/python3.10/site-packages/django/template/base.py", line 891, in _resolve_lookup
    current = current[int(bit)]
ValueError: invalid literal for int() with base 10: 'name'

During handling of the above exception, another exception occurred:

Traceback (most recent call last):
  File "/home/karim/.local/lib/python3.10/site-packages/django/template/base.py", line 898, in _resolve_lookup
    raise VariableDoesNotExist(
django.template.base.VariableDoesNotExist: Failed lookup for key [name] in <URLResolver <module 'contact.urls' from '/home/karim/CREM_Webapp/contact/urls.py'> (None:None) 'contact/'>
WARNING 2025-04-21 15:55:09,685 log Not Found: /images/static-media/landing-video-bg.jpg
WARNING 2025-04-21 15:55:09,685 basehttp "GET /images/static-media/landing-video-bg.jpg HTTP/1.1" 404 8053
INFO 2025-04-21 15:55:09,696 basehttp "GET /static/js/gmap3.min.js HTTP/1.1" 304 0
INFO 2025-04-21 15:55:09,701 basehttp "GET /static/js/jquery.validate.min.js HTTP/1.1" 304 0
INFO 2025-04-21 15:55:09,709 basehttp "GET /static/js/main.js HTTP/1.1" 304 0
INFO 2025-04-21 15:55:09,709 basehttp "GET /static/js/contact-form-validation.min.js HTTP/1.1" 304 0
INFO 2025-04-21 15:55:09,722 basehttp "GET /static/css/images/platformes/FAB2.jpg HTTP/1.1" 304 0
INFO 2025-04-21 15:55:09,731 basehttp "GET /static/css/images/platformes/MTR2.jpg HTTP/1.1" 304 0
INFO 2025-04-21 15:55:09,740 basehttp "GET /static/css/images/platformes/BIO2.jpg HTTP/1.1" 304 0
INFO 2025-04-21 15:55:09,745 basehttp "GET /static/css/images/platformes/PGC2.jpg HTTP/1.1" 304 0
INFO 2025-04-21 15:55:09,755 basehttp "GET /static/css/images/platformes/IDIA2.jpg HTTP/1.1" 304 0
INFO 2025-04-21 15:55:09,755 basehttp "GET /static/css/images/platformes/CI2.jpg HTTP/1.1" 304 0
INFO 2025-04-21 15:55:09,767 basehttp "GET /static/css/images/platformes/ENG2.jpg HTTP/1.1" 304 0
INFO 2025-04-21 15:55:10,151 basehttp "GET /static/images/favicon/favicon.ico HTTP/1.1" 304 0
INFO 2025-04-21 15:55:10,192 basehttp "GET /static/video/INTRO.mp4 HTTP/1.1" 200 21083247
DEBUG 2025-04-21 15:55:10,373 autoreload File /home/karim/.local/lib/python3.10/site-packages/django/contrib/auth/context_processors.py first seen with mtime 1741778993.7010329
DEBUG 2025-04-21 15:55:10,374 autoreload File /home/karim/.local/lib/python3.10/site-packages/django/contrib/messages/context_processors.py first seen with mtime 1741778993.8790333
DEBUG 2025-04-21 15:55:10,376 autoreload File /home/karim/.local/lib/python3.10/site-packages/django/contrib/messages/storage/session.py first seen with mtime 1741778993.8810332
DEBUG 2025-04-21 15:55:10,376 autoreload File /home/karim/.local/lib/python3.10/site-packages/django/contrib/messages/storage/fallback.py first seen with mtime 1741778993.8800333
DEBUG 2025-04-21 15:55:10,378 autoreload File /home/karim/.local/lib/python3.10/site-packages/django/contrib/sessions/serializers.py first seen with mtime 1741778993.9400334
DEBUG 2025-04-21 15:55:10,379 autoreload File /home/karim/.local/lib/python3.10/site-packages/django/contrib/messages/storage/cookie.py first seen with mtime 1741778993.8800333
DEBUG 2025-04-21 15:55:10,379 autoreload File /home/karim/.local/lib/python3.10/site-packages/django/contrib/staticfiles/storage.py first seen with mtime 1741778994.0000334
DEBUG 2025-04-21 15:55:10,385 autoreload File /home/karim/.local/lib/python3.10/site-packages/django/template/context_processors.py first seen with mtime 1741778994.0520334
INFO 2025-04-21 15:55:14,725 basehttp "GET /static/files/CATALOGUE_CREM.pdf HTTP/1.1" 200 3237200
INFO 2025-04-21 15:55:25,719 basehttp "GET /static/css/images/platformes/MTR1.jpg HTTP/1.1" 304 0
INFO 2025-04-21 15:55:25,726 basehttp "GET /static/css/images/platformes/PGC1.jpg HTTP/1.1" 200 50711
INFO 2025-04-21 15:55:25,754 basehttp "GET /static/css/images/platformes/IDIA1.jpg HTTP/1.1" 304 0
INFO 2025-04-21 15:56:24,526 autoreload Watching for file changes with StatReloader
DEBUG 2025-04-21 15:56:24,527 autoreload Waiting for apps ready_event.
DEBUG 2025-04-21 15:56:24,534 autoreload Apps ready_event triggered. Sending autoreload_started signal.
DEBUG 2025-04-21 15:56:24,563 autoreload Watching dir /home/karim/CREM_Webapp/templates with glob **/*.
DEBUG 2025-04-21 15:56:24,564 autoreload Watching dir /home/karim/CREM_Webapp/locale with glob **/*.mo.
DEBUG 2025-04-21 15:56:24,564 autoreload Watching dir /home/karim/CREM_Webapp/contact/locale with glob **/*.mo.
DEBUG 2025-04-21 15:56:24,564 autoreload Watching dir /home/karim/CREM_Webapp/front_app/locale with glob **/*.mo.
DEBUG 2025-04-21 15:56:24,564 autoreload Watching dir /home/karim/CREM_Webapp/instrumentation/locale with glob **/*.mo.
DEBUG 2025-04-21 15:56:24,596 utils (0.001) 
            SELECT name, type FROM sqlite_master
            WHERE type in ('table', 'view') AND NOT name='sqlite_sequence'
            ORDER BY name; args=None; alias=default
DEBUG 2025-04-21 15:56:24,598 utils (0.000) SELECT "django_migrations"."id", "django_migrations"."app", "django_migrations"."name", "django_migrations"."applied" FROM "django_migrations"; args=(); alias=default
DEBUG 2025-04-21 15:56:24,633 autoreload File /home/karim/.local/lib/python3.10/site-packages/django/utils/formats.py first seen with mtime 1741778994.0620337
DEBUG 2025-04-21 15:56:24,633 autoreload File /home/karim/.local/lib/python3.10/site-packages/django/utils/html.py first seen with mtime 1741778994.0620337
DEBUG 2025-04-21 15:56:24,633 autoreload File /etc/python3.10/sitecustomize.py first seen with mtime 1648890259.0
DEBUG 2025-04-21 15:56:24,633 autoreload File /usr/lib/python3.10/ipaddress.py first seen with mtime 1738681056.0
DEBUG 2025-04-21 15:56:24,633 autoreload File /home/karim/.local/lib/python3.10/site-packages/django/core/cache/backends/base.py first seen with mtime 1741778994.0030334
DEBUG 2025-04-21 15:56:24,633 autoreload File /usr/lib/python3.10/asyncio/trsock.py first seen with mtime 1738681056.0
DEBUG 2025-04-21 15:56:24,633 autoreload File /home/karim/.local/lib/python3.10/site-packages/django/views/generic/list.py first seen with mtime 1741778994.0680335
DEBUG 2025-04-21 15:56:24,633 autoreload File /home/karim/CREM_Webapp/manage.py first seen with mtime 1742568234.015488
DEBUG 2025-04-21 15:56:24,633 autoreload File /home/karim/.local/lib/python3.10/site-packages/django/contrib/messages/storage/base.py first seen with mtime 1741778993.8800333
DEBUG 2025-04-21 15:56:24,633 autoreload File /usr/lib/python3.10/asyncio/sslproto.py first seen with mtime 1738681056.0
DEBUG 2025-04-21 15:56:24,633 autoreload File /home/karim/.local/lib/python3.10/site-packages/django/utils/hashable.py first seen with mtime 1741778994.0620337
DEBUG 2025-04-21 15:56:24,633 autoreload File /usr/lib/python3.10/importlib/machinery.py first seen with mtime 1738681056.0
DEBUG 2025-04-21 15:56:24,633 autoreload File /usr/lib/python3.10/email/errors.py first seen with mtime 1738681056.0
DEBUG 2025-04-21 15:56:24,633 autoreload File /home/karim/.local/lib/python3.10/site-packages/django/forms/formsets.py first seen with mtime 1741778994.0380335
DEBUG 2025-04-21 15:56:24,634 autoreload File /home/karim/.local/lib/python3.10/site-packages/django/db/backends/__init__.py first seen with mtime 1741778994.0160334
DEBUG 2025-04-21 15:56:24,634 autoreload File /home/karim/.local/lib/python3.10/site-packages/django/contrib/auth/middleware.py first seen with mtime 1741778993.702033
DEBUG 2025-04-21 15:56:24,634 autoreload File /usr/lib/python3.10/textwrap.py first seen with mtime 1738681056.0
DEBUG 2025-04-21 15:56:24,634 autoreload File /usr/lib/python3.10/dis.py first seen with mtime 1738681056.0
DEBUG 2025-04-21 15:56:24,634 autoreload File /usr/lib/python3.10/email/_parseaddr.py first seen with mtime 1738681056.0
DEBUG 2025-04-21 15:56:24,634 autoreload File /usr/lib/python3.10/tokenize.py first seen with mtime 1738681056.0
DEBUG 2025-04-21 15:56:24,634 autoreload File /home/karim/.local/lib/python3.10/site-packages/django/core/checks/urls.py first seen with mtime 1741778994.0050335
DEBUG 2025-04-21 15:56:24,634 autoreload File /home/karim/.local/lib/python3.10/site-packages/django/db/utils.py first seen with mtime 1741778994.0160334
DEBUG 2025-04-21 15:56:24,634 autoreload File /home/karim/CREM_Webapp/instrumentation/admin.py first seen with mtime 1742568234.012488
DEBUG 2025-04-21 15:56:24,634 autoreload File /home/karim/.local/lib/python3.10/site-packages/django/http/response.py first seen with mtime 1741778994.0500336
DEBUG 2025-04-21 15:56:24,634 autoreload File /usr/lib/python3/dist-packages/PIL/TiffTags.py first seen with mtime 1643848538.0
DEBUG 2025-04-21 15:56:24,634 autoreload File /home/karim/.local/lib/python3.10/site-packages/django/template/defaulttags.py first seen with mtime 1741778994.0530336
DEBUG 2025-04-21 15:56:24,634 autoreload File /home/karim/.local/lib/python3.10/site-packages/django/core/__init__.py first seen with mtime 1741778994.0010335
DEBUG 2025-04-21 15:56:24,635 autoreload File /home/karim/.local/lib/python3.10/site-packages/django/db/models/utils.py first seen with mtime 1741778994.0320334
DEBUG 2025-04-21 15:56:24,635 autoreload File /home/karim/.local/lib/python3.10/site-packages/django/views/generic/__init__.py first seen with mtime 1741778994.0680335
DEBUG 2025-04-21 15:56:24,635 autoreload File /home/karim/.local/lib/python3.10/site-packages/django/utils/translation/__init__.py first seen with mtime 1741778994.0650334
DEBUG 2025-04-21 15:56:24,635 autoreload File /home/karim/.local/lib/python3.10/site-packages/django/template/library.py first seen with mtime 1741778994.0530336
DEBUG 2025-04-21 15:56:24,635 autoreload File /home/karim/.local/lib/python3.10/site-packages/django/db/models/sql/constants.py first seen with mtime 1741778994.0360334
DEBUG 2025-04-21 15:56:24,635 autoreload File /usr/lib/python3.10/_sysconfigdata__x86_64-linux-gnu.py first seen with mtime 1738681056.0
DEBUG 2025-04-21 15:56:24,635 autoreload File /usr/lib/python3.10/argparse.py first seen with mtime 1738681056.0
DEBUG 2025-04-21 15:56:24,635 autoreload File /usr/lib/python3.10/http/__init__.py first seen with mtime 1738681056.0
DEBUG 2025-04-21 15:56:24,635 autoreload File /usr/lib/python3.10/linecache.py first seen with mtime 1738681056.0
DEBUG 2025-04-21 15:56:24,635 autoreload File /home/karim/.local/lib/python3.10/site-packages/sqlparse/filters/aligned_indent.py first seen with mtime 1724687074.3807824
DEBUG 2025-04-21 15:56:24,635 autoreload File /usr/lib/python3.10/importlib/_abc.py first seen with mtime 1738681056.0
DEBUG 2025-04-21 15:56:24,635 autoreload File /home/karim/.local/lib/python3.10/site-packages/django/contrib/auth/hashers.py first seen with mtime 1741778993.7010329
DEBUG 2025-04-21 15:56:24,636 autoreload File /home/karim/.local/lib/python3.10/site-packages/django/db/backends/base/schema.py first seen with mtime 1741778994.0180335
DEBUG 2025-04-21 15:56:24,636 autoreload File /home/karim/.local/lib/python3.10/site-packages/django/db/models/manager.py first seen with mtime 1741778994.0310335
DEBUG 2025-04-21 15:56:24,636 autoreload File /usr/lib/python3.10/ntpath.py first seen with mtime 1738681056.0
DEBUG 2025-04-21 15:56:24,636 autoreload File /home/karim/.local/lib/python3.10/site-packages/django/contrib/admin/templatetags/log.py first seen with mtime 1741778993.6650329
DEBUG 2025-04-21 15:56:24,636 autoreload File /usr/lib/python3.10/multiprocessing/context.py first seen with mtime 1738681056.0
DEBUG 2025-04-21 15:56:24,636 autoreload File /home/karim/CREM_Webapp/instrumentation/apps.py first seen with mtime 1742568234.012488
DEBUG 2025-04-21 15:56:24,636 autoreload File /usr/lib/python3.10/asyncio/base_events.py first seen with mtime 1738681056.0
DEBUG 2025-04-21 15:56:24,636 autoreload File /home/karim/CREM_Webapp/contact/urls.py first seen with mtime 1744904312.5719054
DEBUG 2025-04-21 15:56:24,636 autoreload File /home/karim/.local/lib/python3.10/site-packages/django/template/loaders/filesystem.py first seen with mtime 1741778994.0550334
DEBUG 2025-04-21 15:56:24,636 autoreload File /home/karim/.local/lib/python3.10/site-packages/django/core/files/storage/filesystem.py first seen with mtime 1741778994.0070333
DEBUG 2025-04-21 15:56:24,636 autoreload File /home/karim/.local/lib/python3.10/site-packages/django/conf/urls/static.py first seen with mtime 1741778993.5580328
DEBUG 2025-04-21 15:56:24,636 autoreload File /home/karim/.local/lib/python3.10/site-packages/django/utils/dateformat.py first seen with mtime 1741778994.0600336
DEBUG 2025-04-21 15:56:24,636 autoreload File /home/karim/.local/lib/python3.10/site-packages/django/dispatch/__init__.py first seen with mtime 1741778994.0370336
DEBUG 2025-04-21 15:56:24,636 autoreload File /home/karim/.local/lib/python3.10/site-packages/django/db/backends/sqlite3/features.py first seen with mtime 1741778994.0250335
DEBUG 2025-04-21 15:56:24,636 autoreload File /home/karim/.local/lib/python3.10/site-packages/django/db/backends/base/features.py first seen with mtime 1741778994.0180335
DEBUG 2025-04-21 15:56:24,636 autoreload File /usr/lib/python3.10/sre_parse.py first seen with mtime 1738681056.0
DEBUG 2025-04-21 15:56:24,636 autoreload File /home/karim/.local/lib/python3.10/site-packages/django/utils/cache.py first seen with mtime 1741778994.0600336
DEBUG 2025-04-21 15:56:24,637 autoreload File /home/karim/.local/lib/python3.10/site-packages/django/db/models/functions/text.py first seen with mtime 1741778994.0350335
DEBUG 2025-04-21 15:56:24,637 autoreload File /home/karim/.local/lib/python3.10/site-packages/asgiref/sync.py first seen with mtime 1724687074.4167829
DEBUG 2025-04-21 15:56:24,637 autoreload File /home/karim/.local/lib/python3.10/site-packages/django/template/backends/base.py first seen with mtime 1741778994.0540335
DEBUG 2025-04-21 15:56:24,637 autoreload File /usr/lib/python3.10/warnings.py first seen with mtime 1738681056.0
DEBUG 2025-04-21 15:56:24,637 autoreload File /usr/lib/python3.10/lzma.py first seen with mtime 1738681056.0
DEBUG 2025-04-21 15:56:24,637 autoreload File /home/karim/.local/lib/python3.10/site-packages/django/contrib/staticfiles/finders.py first seen with mtime 1741778993.9990335
DEBUG 2025-04-21 15:56:24,637 autoreload File /usr/lib/python3.10/sysconfig.py first seen with mtime 1738681056.0
DEBUG 2025-04-21 15:56:24,637 autoreload File /usr/lib/python3.10/asyncio/__init__.py first seen with mtime 1738681056.0
DEBUG 2025-04-21 15:56:24,637 autoreload File /home/karim/.local/lib/python3.10/site-packages/django/db/migrations/migration.py first seen with mtime 1741778994.0260334
DEBUG 2025-04-21 15:56:24,637 autoreload File /home/karim/.local/lib/python3.10/site-packages/django/utils/autoreload.py first seen with mtime 1741778994.0600336
DEBUG 2025-04-21 15:56:24,637 autoreload File /home/karim/.local/lib/python3.10/site-packages/django/db/migrations/operations/base.py first seen with mtime 1741778994.0280335
DEBUG 2025-04-21 15:56:24,637 autoreload File /home/karim/.local/lib/python3.10/site-packages/django/contrib/staticfiles/checks.py first seen with mtime 1741778993.9990335
DEBUG 2025-04-21 15:56:24,637 autoreload File /usr/lib/python3.10/codecs.py first seen with mtime 1738681056.0
DEBUG 2025-04-21 15:56:24,637 autoreload File /usr/lib/python3.10/email/quoprimime.py first seen with mtime 1738681056.0
DEBUG 2025-04-21 15:56:24,637 autoreload File /home/karim/.local/lib/python3.10/site-packages/django/contrib/messages/constants.py first seen with mtime 1741778993.8790333
DEBUG 2025-04-21 15:56:24,637 autoreload File /usr/lib/python3.10/urllib/response.py first seen with mtime 1738681056.0
DEBUG 2025-04-21 15:56:24,637 autoreload File /home/karim/.local/lib/python3.10/site-packages/django/template/smartif.py first seen with mtime 1741778994.0540335
DEBUG 2025-04-21 15:56:24,638 autoreload File /home/karim/.local/lib/python3.10/site-packages/sqlparse/filters/others.py first seen with mtime 1724687074.3807824
DEBUG 2025-04-21 15:56:24,638 autoreload File /usr/lib/python3.10/copyreg.py first seen with mtime 1738681056.0
DEBUG 2025-04-21 15:56:24,638 autoreload File /home/karim/.local/lib/python3.10/site-packages/django/utils/translation/reloader.py first seen with mtime 1741778994.0650334
DEBUG 2025-04-21 15:56:24,638 autoreload File /home/karim/.local/lib/python3.10/site-packages/django/urls/utils.py first seen with mtime 1741778994.0590336
DEBUG 2025-04-21 15:56:24,638 autoreload File /home/karim/CREM_Webapp/contact/views.py first seen with mtime 1744905431.7052162
DEBUG 2025-04-21 15:56:24,638 autoreload File /usr/lib/python3.10/email/_header_value_parser.py first seen with mtime 1738681056.0
DEBUG 2025-04-21 15:56:24,638 autoreload File /usr/lib/python3.10/pkgutil.py first seen with mtime 1738681056.0
DEBUG 2025-04-21 15:56:24,638 autoreload File /home/karim/.local/lib/python3.10/site-packages/django/template/loader.py first seen with mtime 1741778994.0530336
DEBUG 2025-04-21 15:56:24,638 autoreload File /home/karim/.local/lib/python3.10/site-packages/django/db/transaction.py first seen with mtime 1741778994.0160334
DEBUG 2025-04-21 15:56:24,638 autoreload File /home/karim/.local/lib/python3.10/site-packages/django/http/request.py first seen with mtime 1741778994.0500336
DEBUG 2025-04-21 15:56:24,638 autoreload File /usr/lib/python3.10/lib-dynload/_ssl.cpython-310-x86_64-linux-gnu.so first seen with mtime 1738681056.0
DEBUG 2025-04-21 15:56:24,638 autoreload File /home/karim/.local/lib/python3.10/site-packages/django/contrib/staticfiles/management/__init__.py first seen with mtime 1741778994.0000334
DEBUG 2025-04-21 15:56:24,638 autoreload File /usr/lib/python3.10/ctypes/_endian.py first seen with mtime 1738681056.0
DEBUG 2025-04-21 15:56:24,638 autoreload File /home/karim/.local/lib/python3.10/site-packages/django/core/checks/security/__init__.py first seen with mtime 1741778994.0050335
DEBUG 2025-04-21 15:56:24,638 autoreload File /home/karim/.local/lib/python3.10/site-packages/django/contrib/admin/sites.py first seen with mtime 1741778993.5610328
DEBUG 2025-04-21 15:56:24,639 autoreload File /home/karim/.local/lib/python3.10/site-packages/django/db/migrations/__init__.py first seen with mtime 1741778994.0250335
DEBUG 2025-04-21 15:56:24,639 autoreload File /home/karim/.local/lib/python3.10/site-packages/sqlparse/filters/__init__.py first seen with mtime 1724687074.3807824
DEBUG 2025-04-21 15:56:24,639 autoreload File /home/karim/.local/lib/python3.10/site-packages/django/contrib/sessions/models.py first seen with mtime 1741778993.9400334
DEBUG 2025-04-21 15:56:24,639 autoreload File /home/karim/.local/lib/python3.10/site-packages/django/views/generic/base.py first seen with mtime 1741778994.0680335
DEBUG 2025-04-21 15:56:24,639 autoreload File /home/karim/.local/lib/python3.10/site-packages/django/db/models/functions/math.py first seen with mtime 1741778994.0350335
DEBUG 2025-04-21 15:56:24,639 autoreload File /usr/lib/python3.10/sqlite3/__init__.py first seen with mtime 1738681056.0
DEBUG 2025-04-21 15:56:24,639 autoreload File /home/karim/.local/lib/python3.10/site-packages/django/core/files/__init__.py first seen with mtime 1741778994.0060334
DEBUG 2025-04-21 15:56:24,639 autoreload File /home/karim/.local/lib/python3.10/site-packages/django/contrib/admin/checks.py first seen with mtime 1741778993.5590327
DEBUG 2025-04-21 15:56:24,639 autoreload File /home/karim/.local/lib/python3.10/site-packages/django/core/checks/database.py first seen with mtime 1741778994.0040333
DEBUG 2025-04-21 15:56:24,639 autoreload File /home/karim/.local/lib/python3.10/site-packages/django/core/checks/security/sessions.py first seen with mtime 1741778994.0060334
DEBUG 2025-04-21 15:56:24,639 autoreload File /home/karim/.local/lib/python3.10/site-packages/django/core/files/move.py first seen with mtime 1741778994.0060334
DEBUG 2025-04-21 15:56:24,639 autoreload File /home/karim/.local/lib/python3.10/site-packages/sqlparse/filters/right_margin.py first seen with mtime 1724687074.3807824
DEBUG 2025-04-21 15:56:24,639 autoreload File /usr/lib/python3.10/asyncio/transports.py first seen with mtime 1738681056.0
DEBUG 2025-04-21 15:56:24,639 autoreload File /home/karim/.local/lib/python3.10/site-packages/sqlparse/filters/output.py first seen with mtime 1724687074.3807824
DEBUG 2025-04-21 15:56:24,639 autoreload File /usr/lib/python3.10/contextlib.py first seen with mtime 1738681056.0
DEBUG 2025-04-21 15:56:24,639 autoreload File /home/karim/.local/lib/python3.10/site-packages/django/http/__init__.py first seen with mtime 1741778994.0490334
DEBUG 2025-04-21 15:56:24,640 autoreload File /home/karim/.local/lib/python3.10/site-packages/django/utils/http.py first seen with mtime 1741778994.0620337
DEBUG 2025-04-21 15:56:24,640 autoreload File /usr/lib/python3.10/html/__init__.py first seen with mtime 1738681056.0
DEBUG 2025-04-21 15:56:24,640 autoreload File /usr/lib/python3.10/email/_encoded_words.py first seen with mtime 1738681056.0
DEBUG 2025-04-21 15:56:24,640 autoreload File /home/karim/.local/lib/python3.10/site-packages/django/middleware/__init__.py first seen with mtime 1741778994.0500336
DEBUG 2025-04-21 15:56:24,640 autoreload File /home/karim/CREM_Webapp/contact/models.py first seen with mtime 1742568234.0094879
DEBUG 2025-04-21 15:56:24,640 autoreload File /home/karim/.local/lib/python3.10/site-packages/django/templatetags/tz.py first seen with mtime 1741778994.0560336
DEBUG 2025-04-21 15:56:24,640 autoreload File /usr/lib/python3.10/calendar.py first seen with mtime 1738681056.0
DEBUG 2025-04-21 15:56:24,640 autoreload File /home/karim/CREM_Webapp/front_app/urls.py first seen with mtime 1742568234.011488
DEBUG 2025-04-21 15:56:24,640 autoreload File /usr/lib/python3.10/datetime.py first seen with mtime 1738681056.0
DEBUG 2025-04-21 15:56:24,640 autoreload File /usr/lib/python3/dist-packages/PIL/ImageMode.py first seen with mtime 1643848543.0
DEBUG 2025-04-21 15:56:24,640 autoreload File /home/karim/.local/lib/python3.10/site-packages/sqlparse/engine/__init__.py first seen with mtime 1724687074.3807824
DEBUG 2025-04-21 15:56:24,640 autoreload File /home/karim/.local/lib/python3.10/site-packages/django/contrib/contenttypes/views.py first seen with mtime 1741778993.741033
DEBUG 2025-04-21 15:56:24,640 autoreload File /usr/lib/python3.10/abc.py first seen with mtime 1738681056.0
DEBUG 2025-04-21 15:56:24,640 autoreload File /usr/lib/python3.10/email/message.py first seen with mtime 1738681056.0
DEBUG 2025-04-21 15:56:24,640 autoreload File /usr/lib/python3.10/concurrent/futures/thread.py first seen with mtime 1738681056.0
DEBUG 2025-04-21 15:56:24,640 autoreload File /usr/lib/python3.10/email/_policybase.py first seen with mtime 1738681056.0
DEBUG 2025-04-21 15:56:24,641 autoreload File /home/karim/.local/lib/python3.10/site-packages/django/db/models/signals.py first seen with mtime 1741778994.0320334
DEBUG 2025-04-21 15:56:24,641 autoreload File /home/karim/.local/lib/python3.10/site-packages/sqlparse/engine/statement_splitter.py first seen with mtime 1724687074.3807824
DEBUG 2025-04-21 15:56:24,641 autoreload File /home/karim/.local/lib/python3.10/site-packages/django/contrib/messages/__init__.py first seen with mtime 1741778993.8790333
DEBUG 2025-04-21 15:56:24,641 autoreload File /usr/lib/python3.10/decimal.py first seen with mtime 1738681056.0
DEBUG 2025-04-21 15:56:24,641 autoreload File /home/karim/.local/lib/python3.10/site-packages/django/contrib/messages/storage/__init__.py first seen with mtime 1741778993.8800333
DEBUG 2025-04-21 15:56:24,641 autoreload File /home/karim/.local/lib/python3.10/site-packages/django/db/backends/base/validation.py first seen with mtime 1741778994.0190334
DEBUG 2025-04-21 15:56:24,641 autoreload File /home/karim/.local/lib/python3.10/site-packages/django/contrib/admin/helpers.py first seen with mtime 1741778993.5600326
DEBUG 2025-04-21 15:56:24,641 autoreload File /usr/lib/python3.10/fractions.py first seen with mtime 1738681056.0
DEBUG 2025-04-21 15:56:24,641 autoreload File /usr/lib/python3.10/gzip.py first seen with mtime 1738681056.0
DEBUG 2025-04-21 15:56:24,641 autoreload File /home/karim/.local/lib/python3.10/site-packages/django/utils/connection.py first seen with mtime 1741778994.0600336
DEBUG 2025-04-21 15:56:24,641 autoreload File /home/karim/.local/lib/python3.10/site-packages/django/utils/deconstruct.py first seen with mtime 1741778994.0610335
DEBUG 2025-04-21 15:56:24,641 autoreload File /usr/lib/python3.10/email/encoders.py first seen with mtime 1738681056.0
DEBUG 2025-04-21 15:56:24,641 autoreload File /home/karim/.local/lib/python3.10/site-packages/django/core/files/storage/handler.py first seen with mtime 1741778994.0070333
DEBUG 2025-04-21 15:56:24,641 autoreload File /usr/lib/python3.10/email/mime/message.py first seen with mtime 1738681056.0
DEBUG 2025-04-21 15:56:24,641 autoreload File /usr/lib/python3.10/multiprocessing/reduction.py first seen with mtime 1738681056.0
DEBUG 2025-04-21 15:56:24,641 autoreload File /home/karim/.local/lib/python3.10/site-packages/django/db/models/fields/__init__.py first seen with mtime 1741778994.0320334
DEBUG 2025-04-21 15:56:24,641 autoreload File /usr/lib/python3.10/importlib/__init__.py first seen with mtime 1738681056.0
DEBUG 2025-04-21 15:56:24,642 autoreload File /home/karim/.local/lib/python3.10/site-packages/django/contrib/admin/options.py first seen with mtime 1741778993.5600326
DEBUG 2025-04-21 15:56:24,642 autoreload File /home/karim/.local/lib/python3.10/site-packages/django/db/models/enums.py first seen with mtime 1741778994.0300336
DEBUG 2025-04-21 15:56:24,642 autoreload File /home/karim/.local/lib/python3.10/site-packages/django/core/files/storage/memory.py first seen with mtime 1741778994.0080335
DEBUG 2025-04-21 15:56:24,642 autoreload File /usr/lib/python3.10/opcode.py first seen with mtime 1738681056.0
DEBUG 2025-04-21 15:56:24,642 autoreload File /home/karim/.local/lib/python3.10/site-packages/django/utils/encoding.py first seen with mtime 1741778994.0610335
DEBUG 2025-04-21 15:56:24,642 autoreload File /home/karim/.local/lib/python3.10/site-packages/django/urls/exceptions.py first seen with mtime 1741778994.0580335
DEBUG 2025-04-21 15:56:24,642 autoreload File /home/karim/.local/lib/python3.10/site-packages/django/core/checks/security/base.py first seen with mtime 1741778994.0050335
DEBUG 2025-04-21 15:56:24,642 autoreload File /home/karim/.local/lib/python3.10/site-packages/django/contrib/messages/apps.py first seen with mtime 1741778993.8790333
DEBUG 2025-04-21 15:56:24,642 autoreload File /usr/lib/python3.10/urllib/__init__.py first seen with mtime 1738681056.0
DEBUG 2025-04-21 15:56:24,642 autoreload File /home/karim/CREM_Webapp/front_app/views.py first seen with mtime 1745234307.8414743
DEBUG 2025-04-21 15:56:24,642 autoreload File /home/karim/.local/lib/python3.10/site-packages/django/core/management/commands/runserver.py first seen with mtime 1741778994.0130334
DEBUG 2025-04-21 15:56:24,642 autoreload File /home/karim/.local/lib/python3.10/site-packages/django/forms/boundfield.py first seen with mtime 1741778994.0380335
DEBUG 2025-04-21 15:56:24,642 autoreload File /home/karim/.local/lib/python3.10/site-packages/django/db/migrations/operations/fields.py first seen with mtime 1741778994.0280335
DEBUG 2025-04-21 15:56:24,642 autoreload File /home/karim/.local/lib/python3.10/site-packages/django/contrib/contenttypes/models.py first seen with mtime 1741778993.741033
DEBUG 2025-04-21 15:56:24,642 autoreload File /home/karim/.local/lib/python3.10/site-packages/django/templatetags/static.py first seen with mtime 1741778994.0560336
DEBUG 2025-04-21 15:56:24,642 autoreload File /usr/lib/python3/dist-packages/PIL/_imaging.cpython-310-x86_64-linux-gnu.so first seen with mtime 1713182429.0
DEBUG 2025-04-21 15:56:24,643 autoreload File /home/karim/.local/lib/python3.10/site-packages/django/core/serializers/python.py first seen with mtime 1741778994.0150335
DEBUG 2025-04-21 15:56:24,643 autoreload File /home/karim/.local/lib/python3.10/site-packages/django/contrib/auth/__init__.py first seen with mtime 1741778993.700033
DEBUG 2025-04-21 15:56:24,643 autoreload File /usr/lib/python3.10/urllib/error.py first seen with mtime 1738681056.0
DEBUG 2025-04-21 15:56:24,643 autoreload File /usr/lib/python3.10/reprlib.py first seen with mtime 1738681056.0
DEBUG 2025-04-21 15:56:24,643 autoreload File /home/karim/.local/lib/python3.10/site-packages/django/contrib/auth/admin.py first seen with mtime 1741778993.700033
DEBUG 2025-04-21 15:56:24,643 autoreload File /home/karim/.local/lib/python3.10/site-packages/django/core/management/color.py first seen with mtime 1741778994.0100334
DEBUG 2025-04-21 15:56:24,643 autoreload File /home/karim/.local/lib/python3.10/site-packages/django/contrib/admin/templatetags/admin_list.py first seen with mtime 1741778993.664033
DEBUG 2025-04-21 15:56:24,643 autoreload File /home/karim/.local/lib/python3.10/site-packages/django/core/files/utils.py first seen with mtime 1741778994.0070333
DEBUG 2025-04-21 15:56:24,643 autoreload File /usr/lib/python3.10/keyword.py first seen with mtime 1738681056.0
DEBUG 2025-04-21 15:56:24,643 autoreload File /home/karim/.local/lib/python3.10/site-packages/django/core/files/images.py first seen with mtime 1741778994.0060334
DEBUG 2025-04-21 15:56:24,643 autoreload File /usr/lib/python3.10/functools.py first seen with mtime 1738681056.0
DEBUG 2025-04-21 15:56:24,643 autoreload File /usr/lib/python3.10/concurrent/futures/_base.py first seen with mtime 1738681056.0
DEBUG 2025-04-21 15:56:24,643 autoreload File /usr/lib/python3.10/email/base64mime.py first seen with mtime 1738681056.0
DEBUG 2025-04-21 15:56:24,643 autoreload File /home/karim/.local/lib/python3.10/site-packages/django/template/context.py first seen with mtime 1741778994.0520334
DEBUG 2025-04-21 15:56:24,643 autoreload File /home/karim/.local/lib/python3.10/site-packages/django/db/backends/ddl_references.py first seen with mtime 1741778994.0170336
DEBUG 2025-04-21 15:56:24,643 autoreload File /home/karim/.local/lib/python3.10/site-packages/django/contrib/staticfiles/management/commands/__init__.py first seen with mtime 1741778994.0000334
DEBUG 2025-04-21 15:56:24,644 autoreload File /home/karim/.local/lib/python3.10/site-packages/django/core/checks/caches.py first seen with mtime 1741778994.0040333
DEBUG 2025-04-21 15:56:24,644 autoreload File /usr/lib/python3.10/lib-dynload/_zoneinfo.cpython-310-x86_64-linux-gnu.so first seen with mtime 1738681056.0
DEBUG 2025-04-21 15:56:24,644 autoreload File /home/karim/.local/lib/python3.10/site-packages/django/middleware/cache.py first seen with mtime 1741778994.0500336
DEBUG 2025-04-21 15:56:24,644 autoreload File /usr/lib/python3.10/asyncio/streams.py first seen with mtime 1738681056.0
DEBUG 2025-04-21 15:56:24,644 autoreload File /usr/lib/python3.10/tempfile.py first seen with mtime 1738681056.0
DEBUG 2025-04-21 15:56:24,644 autoreload File /home/karim/.local/lib/python3.10/site-packages/django/views/defaults.py first seen with mtime 1741778994.0660336
DEBUG 2025-04-21 15:56:24,644 autoreload File /home/karim/.local/lib/python3.10/site-packages/django/contrib/contenttypes/management/__init__.py first seen with mtime 1741778993.768033
DEBUG 2025-04-21 15:56:24,644 autoreload File /home/karim/.local/lib/python3.10/site-packages/django/core/cache/__init__.py first seen with mtime 1741778994.0020335
DEBUG 2025-04-21 15:56:24,644 autoreload File /home/karim/.local/lib/python3.10/site-packages/sqlparse/formatter.py first seen with mtime 1724687074.3767824
DEBUG 2025-04-21 15:56:24,644 autoreload File /home/karim/.local/lib/python3.10/site-packages/sqlparse/sql.py first seen with mtime 1724687074.3807824
DEBUG 2025-04-21 15:56:24,644 autoreload File /usr/lib/python3.10/lib-dynload/_sqlite3.cpython-310-x86_64-linux-gnu.so first seen with mtime 1738681056.0
DEBUG 2025-04-21 15:56:24,644 autoreload File /usr/lib/python3.10/bisect.py first seen with mtime 1738681056.0
DEBUG 2025-04-21 15:56:24,644 autoreload File /home/karim/.local/lib/python3.10/site-packages/django/db/migrations/operations/__init__.py first seen with mtime 1741778994.0280335
DEBUG 2025-04-21 15:56:24,644 autoreload File /home/karim/.local/lib/python3.10/site-packages/django/contrib/admin/__init__.py first seen with mtime 1741778993.5580328
DEBUG 2025-04-21 15:56:24,644 autoreload File /usr/lib/python3.10/uuid.py first seen with mtime 1738681056.0
DEBUG 2025-04-21 15:56:24,644 autoreload File /home/karim/.local/lib/python3.10/site-packages/django/contrib/admin/actions.py first seen with mtime 1741778993.5590327
DEBUG 2025-04-21 15:56:24,645 autoreload File /home/karim/.local/lib/python3.10/site-packages/django/contrib/auth/apps.py first seen with mtime 1741778993.700033
DEBUG 2025-04-21 15:56:24,645 autoreload File /home/karim/.local/lib/python3.10/site-packages/django/contrib/contenttypes/forms.py first seen with mtime 1741778993.741033
DEBUG 2025-04-21 15:56:24,645 autoreload File /usr/lib/python3.10/ssl.py first seen with mtime 1738681056.0
DEBUG 2025-04-21 15:56:24,645 autoreload File /home/karim/.local/lib/python3.10/site-packages/django/utils/decorators.py first seen with mtime 1741778994.0610335
DEBUG 2025-04-21 15:56:24,645 autoreload File /home/karim/.local/lib/python3.10/site-packages/sqlparse/keywords.py first seen with mtime 1724687074.3767824
DEBUG 2025-04-21 15:56:24,645 autoreload File /home/karim/CREM_Webapp/front_app/models.py first seen with mtime 1742568234.011488
DEBUG 2025-04-21 15:56:24,645 autoreload File /home/karim/.local/lib/python3.10/site-packages/django/contrib/admin/templatetags/__init__.py first seen with mtime 1741778993.664033
DEBUG 2025-04-21 15:56:24,645 autoreload File /usr/lib/python3.10/email/feedparser.py first seen with mtime 1738681056.0
DEBUG 2025-04-21 15:56:24,645 autoreload File /usr/lib/python3.10/lib-dynload/_queue.cpython-310-x86_64-linux-gnu.so first seen with mtime 1738681056.0
DEBUG 2025-04-21 15:56:24,645 autoreload File /usr/lib/python3.10/http/client.py first seen with mtime 1738681056.0
DEBUG 2025-04-21 15:56:24,645 autoreload File /home/karim/.local/lib/python3.10/site-packages/django/forms/forms.py first seen with mtime 1741778994.0380335
DEBUG 2025-04-21 15:56:24,645 autoreload File /home/karim/.local/lib/python3.10/site-packages/django/contrib/auth/management/__init__.py first seen with mtime 1741778993.738033
DEBUG 2025-04-21 15:56:24,645 autoreload File /usr/lib/python3.10/lib-dynload/_lzma.cpython-310-x86_64-linux-gnu.so first seen with mtime 1738681056.0
DEBUG 2025-04-21 15:56:24,645 autoreload File /usr/lib/python3.10/multiprocessing/__init__.py first seen with mtime 1738681056.0
DEBUG 2025-04-21 15:56:24,645 autoreload File /usr/lib/python3.10/threading.py first seen with mtime 1738681056.0
DEBUG 2025-04-21 15:56:24,645 autoreload File /usr/lib/python3.10/asyncio/exceptions.py first seen with mtime 1738681056.0
DEBUG 2025-04-21 15:56:24,645 autoreload File /home/karim/.local/lib/python3.10/site-packages/django/core/checks/files.py first seen with mtime 1741778994.0040333
DEBUG 2025-04-21 15:56:24,645 autoreload File /home/karim/.local/lib/python3.10/site-packages/django/core/files/uploadedfile.py first seen with mtime 1741778994.0070333
DEBUG 2025-04-21 15:56:24,646 autoreload File /home/karim/.local/lib/python3.10/site-packages/django/views/generic/edit.py first seen with mtime 1741778994.0680335
DEBUG 2025-04-21 15:56:24,646 autoreload File /usr/lib/python3.10/queue.py first seen with mtime 1738681056.0
DEBUG 2025-04-21 15:56:24,646 autoreload File /home/karim/.local/lib/python3.10/site-packages/django/core/serializers/__init__.py first seen with mtime 1741778994.0150335
DEBUG 2025-04-21 15:56:24,646 autoreload File /home/karim/.local/lib/python3.10/site-packages/django/contrib/admin/views/autocomplete.py first seen with mtime 1741778993.6650329
DEBUG 2025-04-21 15:56:24,646 autoreload File /usr/lib/python3.10/wsgiref/util.py first seen with mtime 1738681056.0
DEBUG 2025-04-21 15:56:24,646 autoreload File /home/karim/.local/lib/python3.10/site-packages/django/template/defaultfilters.py first seen with mtime 1741778994.0520334
DEBUG 2025-04-21 15:56:24,646 autoreload File /home/karim/.local/lib/python3.10/site-packages/django/template/loaders/app_directories.py first seen with mtime 1741778994.0550334
DEBUG 2025-04-21 15:56:24,646 autoreload File /home/karim/.local/lib/python3.10/site-packages/django/urls/converters.py first seen with mtime 1741778994.0580335
DEBUG 2025-04-21 15:56:24,646 autoreload File /home/karim/CREM_Webapp/instrumentation/__init__.py first seen with mtime 1742568234.012488
DEBUG 2025-04-21 15:56:24,646 autoreload File /home/karim/.local/lib/python3.10/site-packages/django/contrib/admin/apps.py first seen with mtime 1741778993.5590327
DEBUG 2025-04-21 15:56:24,646 autoreload File /usr/lib/python3.10/html/parser.py first seen with mtime 1738681056.0
DEBUG 2025-04-21 15:56:24,646 autoreload File /usr/lib/python3.10/socketserver.py first seen with mtime 1738681056.0
DEBUG 2025-04-21 15:56:24,646 autoreload File /home/karim/.local/lib/python3.10/site-packages/django/template/base.py first seen with mtime 1741778994.0520334
DEBUG 2025-04-21 15:56:24,646 autoreload File /home/karim/.local/lib/python3.10/site-packages/django/utils/version.py first seen with mtime 1741778994.0650334
DEBUG 2025-04-21 15:56:24,646 autoreload File /usr/lib/python3.10/_markupbase.py first seen with mtime 1738681056.0
DEBUG 2025-04-21 15:56:24,646 autoreload File /usr/lib/python3.10/asyncio/format_helpers.py first seen with mtime 1738681056.0
DEBUG 2025-04-21 15:56:24,646 autoreload File /home/karim/.local/lib/python3.10/site-packages/django/db/migrations/state.py first seen with mtime 1741778994.0270336
DEBUG 2025-04-21 15:56:24,647 autoreload File /home/karim/.local/lib/python3.10/site-packages/django/contrib/staticfiles/utils.py first seen with mtime 1741778994.0000334
DEBUG 2025-04-21 15:56:24,647 autoreload File /usr/lib/python3.10/email/mime/base.py first seen with mtime 1738681056.0
DEBUG 2025-04-21 15:56:24,647 autoreload File /home/karim/.local/lib/python3.10/site-packages/django/views/generic/detail.py first seen with mtime 1741778994.0680335
DEBUG 2025-04-21 15:56:24,647 autoreload File /home/karim/.local/lib/python3.10/site-packages/django/utils/itercompat.py first seen with mtime 1741778994.0630336
DEBUG 2025-04-21 15:56:24,647 autoreload File /home/karim/.local/lib/python3.10/site-packages/django/core/handlers/asgi.py first seen with mtime 1741778994.0080335
DEBUG 2025-04-21 15:56:24,647 autoreload File /home/karim/.local/lib/python3.10/site-packages/django/db/models/sql/where.py first seen with mtime 1741778994.0370336
DEBUG 2025-04-21 15:56:24,647 autoreload File /home/karim/.local/lib/python3.10/site-packages/django/contrib/auth/base_user.py first seen with mtime 1741778993.700033
DEBUG 2025-04-21 15:56:24,647 autoreload File /usr/lib/python3.10/signal.py first seen with mtime 1738681056.0
DEBUG 2025-04-21 15:56:24,647 autoreload File /home/karim/.local/lib/python3.10/site-packages/django/core/cache/backends/filebased.py first seen with mtime 1741778994.0030334
DEBUG 2025-04-21 15:56:24,647 autoreload File /home/karim/.local/lib/python3.10/site-packages/django/db/backends/sqlite3/schema.py first seen with mtime 1741778994.0250335
DEBUG 2025-04-21 15:56:24,647 autoreload File /home/karim/.local/lib/python3.10/site-packages/django/core/mail/utils.py first seen with mtime 1741778994.0090334
DEBUG 2025-04-21 15:56:24,647 autoreload File /usr/lib/python3.10/shutil.py first seen with mtime 1738681056.0
DEBUG 2025-04-21 15:56:24,647 autoreload File /home/karim/.local/lib/python3.10/site-packages/django/utils/datastructures.py first seen with mtime 1741778994.0600336
DEBUG 2025-04-21 15:56:24,647 autoreload File /usr/lib/python3.10/json/scanner.py first seen with mtime 1738681056.0
DEBUG 2025-04-21 15:56:24,647 autoreload File /usr/lib/python3.10/asyncio/protocols.py first seen with mtime 1738681056.0
DEBUG 2025-04-21 15:56:24,647 autoreload File /home/karim/.local/lib/python3.10/site-packages/django/utils/crypto.py first seen with mtime 1741778994.0600336
DEBUG 2025-04-21 15:56:24,647 autoreload File /home/karim/.local/lib/python3.10/site-packages/django/contrib/auth/password_validation.py first seen with mtime 1741778993.702033
DEBUG 2025-04-21 15:56:24,648 autoreload File /home/karim/.local/lib/python3.10/site-packages/django/utils/_os.py first seen with mtime 1741778994.0590336
DEBUG 2025-04-21 15:56:24,648 autoreload File /usr/lib/python3.10/traceback.py first seen with mtime 1738681056.0
DEBUG 2025-04-21 15:56:24,648 autoreload File /home/karim/.local/lib/python3.10/site-packages/django/contrib/admin/widgets.py first seen with mtime 1741778993.5610328
DEBUG 2025-04-21 15:56:24,648 autoreload File /usr/lib/python3.10/json/decoder.py first seen with mtime 1738681056.0
DEBUG 2025-04-21 15:56:24,648 autoreload File /home/karim/.local/lib/python3.10/site-packages/django/db/models/fields/reverse_related.py first seen with mtime 1741778994.0340335
DEBUG 2025-04-21 15:56:24,648 autoreload File /usr/lib/python3.10/_collections_abc.py first seen with mtime 1738681056.0
DEBUG 2025-04-21 15:56:24,648 autoreload File /home/karim/.local/lib/python3.10/site-packages/django/db/backends/sqlite3/__init__.py first seen with mtime 1741778994.0240335
DEBUG 2025-04-21 15:56:24,648 autoreload File /usr/lib/python3.10/quopri.py first seen with mtime 1738681056.0
DEBUG 2025-04-21 15:56:24,648 autoreload File /home/karim/.local/lib/python3.10/site-packages/django/db/backends/base/__init__.py first seen with mtime 1741778994.0170336
DEBUG 2025-04-21 15:56:24,648 autoreload File /home/karim/.local/lib/python3.10/site-packages/django/views/decorators/csrf.py first seen with mtime 1741778994.0670335
DEBUG 2025-04-21 15:56:24,648 autoreload File /home/karim/.local/lib/python3.10/site-packages/django/contrib/admin/templatetags/admin_modify.py first seen with mtime 1741778993.664033
DEBUG 2025-04-21 15:56:24,648 autoreload File /usr/lib/python3.10/site.py first seen with mtime 1738681056.0
DEBUG 2025-04-21 15:56:24,648 autoreload File /home/karim/.local/lib/python3.10/site-packages/django/utils/log.py first seen with mtime 1741778994.0630336
DEBUG 2025-04-21 15:56:24,648 autoreload File /usr/lib/python3.10/lib-dynload/_json.cpython-310-x86_64-linux-gnu.so first seen with mtime 1738681056.0
DEBUG 2025-04-21 15:56:24,648 autoreload File /home/karim/.local/lib/python3.10/site-packages/django/templatetags/__init__.py first seen with mtime 1741778994.0550334
DEBUG 2025-04-21 15:56:24,648 autoreload File /home/karim/.local/lib/python3.10/site-packages/django/contrib/sites/requests.py first seen with mtime 1741778993.9710333
DEBUG 2025-04-21 15:56:24,648 autoreload File /home/karim/.local/lib/python3.10/site-packages/django/db/models/sql/query.py first seen with mtime 1741778994.0370336
DEBUG 2025-04-21 15:56:24,649 autoreload File /home/karim/.local/lib/python3.10/site-packages/django/db/backends/sqlite3/creation.py first seen with mtime 1741778994.0240335
DEBUG 2025-04-21 15:56:24,649 autoreload File /home/karim/.local/lib/python3.10/site-packages/django/utils/numberformat.py first seen with mtime 1741778994.0630336
DEBUG 2025-04-21 15:56:24,649 autoreload File /home/karim/.local/lib/python3.10/site-packages/django/db/backends/base/creation.py first seen with mtime 1741778994.0170336
DEBUG 2025-04-21 15:56:24,649 autoreload File /home/karim/.local/lib/python3.10/site-packages/django/template/response.py first seen with mtime 1741778994.0540335
DEBUG 2025-04-21 15:56:24,649 autoreload File /usr/lib/python3/dist-packages/colorama/ansi.py first seen with mtime 1602564393.0
DEBUG 2025-04-21 15:56:24,649 autoreload File /usr/lib/python3.10/lib-dynload/_opcode.cpython-310-x86_64-linux-gnu.so first seen with mtime 1738681056.0
DEBUG 2025-04-21 15:56:24,649 autoreload File /usr/lib/python3.10/asyncio/base_tasks.py first seen with mtime 1738681056.0
DEBUG 2025-04-21 15:56:24,649 autoreload File /home/karim/.local/lib/python3.10/site-packages/sqlparse/filters/reindent.py first seen with mtime 1724687074.3807824
DEBUG 2025-04-21 15:56:24,649 autoreload File /home/karim/.local/lib/python3.10/site-packages/django/utils/tree.py first seen with mtime 1741778994.0640335
DEBUG 2025-04-21 15:56:24,649 autoreload File /home/karim/.local/lib/python3.10/site-packages/django/contrib/admin/templatetags/admin_urls.py first seen with mtime 1741778993.6650329
DEBUG 2025-04-21 15:56:24,649 autoreload File /home/karim/.local/lib/python3.10/site-packages/sqlparse/utils.py first seen with mtime 1724687074.3807824
DEBUG 2025-04-21 15:56:24,649 autoreload File /usr/lib/python3.10/logging/config.py first seen with mtime 1738681056.0
DEBUG 2025-04-21 15:56:24,649 autoreload File /usr/lib/python3.10/sqlite3/dbapi2.py first seen with mtime 1738681056.0
DEBUG 2025-04-21 15:56:24,649 autoreload File /home/karim/.local/lib/python3.10/site-packages/django/template/loader_tags.py first seen with mtime 1741778994.0530336
DEBUG 2025-04-21 15:56:24,649 autoreload File /home/karim/.local/lib/python3.10/site-packages/django/contrib/admin/utils.py first seen with mtime 1741778993.5610328
DEBUG 2025-04-21 15:56:24,649 autoreload File /home/karim/.local/lib/python3.10/site-packages/django/utils/ipv6.py first seen with mtime 1741778994.0630336
DEBUG 2025-04-21 15:56:24,649 autoreload File /home/karim/.local/lib/python3.10/site-packages/django/db/backends/sqlite3/operations.py first seen with mtime 1741778994.0250335
DEBUG 2025-04-21 15:56:24,649 autoreload File /usr/lib/python3.10/asyncio/tasks.py first seen with mtime 1738681056.0
DEBUG 2025-04-21 15:56:24,650 autoreload File /home/karim/.local/lib/python3.10/site-packages/django/db/backends/base/operations.py first seen with mtime 1741778994.0180335
DEBUG 2025-04-21 15:56:24,650 autoreload File /home/karim/.local/lib/python3.10/site-packages/django/contrib/admin/templatetags/base.py first seen with mtime 1741778993.6650329
DEBUG 2025-04-21 15:56:24,650 autoreload File /usr/lib/python3.10/pathlib.py first seen with mtime 1738681056.0
DEBUG 2025-04-21 15:56:24,650 autoreload File /usr/lib/python3.10/ctypes/__init__.py first seen with mtime 1738681056.0
DEBUG 2025-04-21 15:56:24,650 autoreload File /usr/lib/python3.10/io.py first seen with mtime 1738681056.0
DEBUG 2025-04-21 15:56:24,650 autoreload File /usr/lib/python3.10/struct.py first seen with mtime 1738681056.0
DEBUG 2025-04-21 15:56:24,650 autoreload File /usr/lib/python3.10/collections/abc.py first seen with mtime 1738681056.0
DEBUG 2025-04-21 15:56:24,650 autoreload File /usr/lib/python3.10/selectors.py first seen with mtime 1738681056.0
DEBUG 2025-04-21 15:56:24,650 autoreload File /home/karim/.local/lib/python3.10/site-packages/django/views/static.py first seen with mtime 1741778994.0660336
DEBUG 2025-04-21 15:56:24,650 autoreload File /usr/lib/python3.10/_compat_pickle.py first seen with mtime 1738681056.0
DEBUG 2025-04-21 15:56:24,650 autoreload File /usr/lib/python3.10/wsgiref/simple_server.py first seen with mtime 1738681056.0
DEBUG 2025-04-21 15:56:24,650 autoreload File /home/karim/.local/lib/python3.10/site-packages/django/template/loaders/cached.py first seen with mtime 1741778994.0550334
DEBUG 2025-04-21 15:56:24,650 autoreload File /usr/lib/python3.10/json/__init__.py first seen with mtime 1738681056.0
DEBUG 2025-04-21 15:56:24,650 autoreload File /home/karim/.local/lib/python3.10/site-packages/django/shortcuts.py first seen with mtime 1741778993.4780326
DEBUG 2025-04-21 15:56:24,650 autoreload File /home/karim/.local/lib/python3.10/site-packages/django/core/serializers/base.py first seen with mtime 1741778994.0150335
DEBUG 2025-04-21 15:56:24,650 autoreload File /home/karim/.local/lib/python3.10/site-packages/django/conf/locale/__init__.py first seen with mtime 1741778993.4800324
DEBUG 2025-04-21 15:56:24,650 autoreload File /home/karim/.local/lib/python3.10/site-packages/django/db/backends/utils.py first seen with mtime 1741778994.0170336
DEBUG 2025-04-21 15:56:24,651 autoreload File /home/karim/.local/lib/python3.10/site-packages/django/templatetags/l10n.py first seen with mtime 1741778994.0560336
DEBUG 2025-04-21 15:56:24,651 autoreload File /home/karim/.local/lib/python3.10/site-packages/django/contrib/auth/checks.py first seen with mtime 1741778993.700033
DEBUG 2025-04-21 15:56:24,651 autoreload File /usr/lib/python3.10/lib-dynload/termios.cpython-310-x86_64-linux-gnu.so first seen with mtime 1738681056.0
DEBUG 2025-04-21 15:56:24,651 autoreload File /usr/lib/python3/dist-packages/PIL/Image.py first seen with mtime 1643848543.0
DEBUG 2025-04-21 15:56:24,651 autoreload File /usr/lib/python3.10/zoneinfo/__init__.py first seen with mtime 1738681056.0
DEBUG 2025-04-21 15:56:24,651 autoreload File /home/karim/.local/lib/python3.10/site-packages/django/template/loaders/base.py first seen with mtime 1741778994.0550334
DEBUG 2025-04-21 15:56:24,651 autoreload File /home/karim/.local/lib/python3.10/site-packages/django/core/checks/model_checks.py first seen with mtime 1741778994.0040333
DEBUG 2025-04-21 15:56:24,651 autoreload File /usr/lib/python3.10/difflib.py first seen with mtime 1738681056.0
DEBUG 2025-04-21 15:56:24,651 autoreload File /home/karim/.local/lib/python3.10/site-packages/django/db/models/sql/__init__.py first seen with mtime 1741778994.0350335
DEBUG 2025-04-21 15:56:24,651 autoreload File /home/karim/.local/lib/python3.10/site-packages/django/contrib/staticfiles/views.py first seen with mtime 1741778994.0000334
DEBUG 2025-04-21 15:56:24,651 autoreload File /usr/lib/python3.10/asyncio/staggered.py first seen with mtime 1738681056.0
DEBUG 2025-04-21 15:56:24,651 autoreload File /home/karim/.local/lib/python3.10/site-packages/django/apps/config.py first seen with mtime 1741778993.4780326
DEBUG 2025-04-21 15:56:24,651 autoreload File /usr/lib/python3.10/encodings/__init__.py first seen with mtime 1738681056.0
DEBUG 2025-04-21 15:56:24,651 autoreload File /home/karim/.local/lib/python3.10/site-packages/django/db/models/query_utils.py first seen with mtime 1741778994.0320334
DEBUG 2025-04-21 15:56:24,651 autoreload File /home/karim/.local/lib/python3.10/site-packages/django/utils/text.py first seen with mtime 1741778994.0640335
DEBUG 2025-04-21 15:56:24,651 autoreload File /home/karim/.local/lib/python3.10/site-packages/django/contrib/sites/__init__.py first seen with mtime 1741778993.9700334
DEBUG 2025-04-21 15:56:24,651 autoreload File /home/karim/.local/lib/python3.10/site-packages/django/db/backends/sqlite3/base.py first seen with mtime 1741778994.0240335
DEBUG 2025-04-21 15:56:24,652 autoreload File /home/karim/.local/lib/python3.10/site-packages/django/db/backends/base/base.py first seen with mtime 1741778994.0170336
DEBUG 2025-04-21 15:56:24,652 autoreload File /home/karim/.local/lib/python3.10/site-packages/django/db/models/constants.py first seen with mtime 1741778994.0290334
DEBUG 2025-04-21 15:56:24,652 autoreload File /home/karim/.local/lib/python3.10/site-packages/django/db/models/fields/related.py first seen with mtime 1741778994.0340335
DEBUG 2025-04-21 15:56:24,652 autoreload File /home/karim/.local/lib/python3.10/site-packages/django/contrib/__init__.py first seen with mtime 1741778993.5580328
DEBUG 2025-04-21 15:56:24,652 autoreload File /home/karim/.local/lib/python3.10/site-packages/django/contrib/admin/filters.py first seen with mtime 1741778993.5590327
DEBUG 2025-04-21 15:56:24,652 autoreload File /usr/lib/python3.10/dataclasses.py first seen with mtime 1738681056.0
DEBUG 2025-04-21 15:56:24,652 autoreload File /usr/lib/python3.10/stat.py first seen with mtime 1738681056.0
DEBUG 2025-04-21 15:56:24,652 autoreload File /usr/lib/python3.10/asyncio/log.py first seen with mtime 1738681056.0
DEBUG 2025-04-21 15:56:24,652 autoreload File /home/karim/.local/lib/python3.10/site-packages/django/db/models/fields/json.py first seen with mtime 1741778994.0330334
DEBUG 2025-04-21 15:56:24,652 autoreload File /home/karim/.local/lib/python3.10/site-packages/django/conf/urls/__init__.py first seen with mtime 1741778993.5580328
DEBUG 2025-04-21 15:56:24,652 autoreload File /home/karim/CREM_Webapp/instrumentation/urls.py first seen with mtime 1742568234.015488
DEBUG 2025-04-21 15:56:24,652 autoreload File /usr/lib/python3.10/token.py first seen with mtime 1738681056.0
DEBUG 2025-04-21 15:56:24,652 autoreload File /usr/lib/python3.10/email/__init__.py first seen with mtime 1738681056.0
DEBUG 2025-04-21 15:56:24,652 autoreload File /usr/lib/python3.10/email/iterators.py first seen with mtime 1738681056.0
DEBUG 2025-04-21 15:56:24,652 autoreload File /home/karim/.local/lib/python3.10/site-packages/sqlparse/exceptions.py first seen with mtime 1724687074.3767824
DEBUG 2025-04-21 15:56:24,652 autoreload File /home/karim/.local/lib/python3.10/site-packages/django/core/servers/basehttp.py first seen with mtime 1741778994.0160334
DEBUG 2025-04-21 15:56:24,652 autoreload File /home/karim/.local/lib/python3.10/site-packages/django/db/models/query.py first seen with mtime 1741778994.0310335
DEBUG 2025-04-21 15:56:24,653 autoreload File /usr/lib/python3.10/zoneinfo/_common.py first seen with mtime 1738681056.0
DEBUG 2025-04-21 15:56:24,653 autoreload File /home/karim/.local/lib/python3.10/site-packages/django/db/models/fields/related_descriptors.py first seen with mtime 1741778994.0340335
DEBUG 2025-04-21 15:56:24,653 autoreload File /usr/lib/python3/dist-packages/colorama/winterm.py first seen with mtime 1602564393.0
DEBUG 2025-04-21 15:56:24,653 autoreload File /home/karim/.local/lib/python3.10/site-packages/django/db/backends/sqlite3/_functions.py first seen with mtime 1741778994.0240335
DEBUG 2025-04-21 15:56:24,653 autoreload File /home/karim/.local/lib/python3.10/site-packages/django/urls/conf.py first seen with mtime 1741778994.0580335
DEBUG 2025-04-21 15:56:24,653 autoreload File /home/karim/.local/lib/python3.10/site-packages/asgiref/local.py first seen with mtime 1724687074.4167829
DEBUG 2025-04-21 15:56:24,653 autoreload File /usr/lib/python3.10/bz2.py first seen with mtime 1738681056.0
DEBUG 2025-04-21 15:56:24,653 autoreload File /home/karim/.local/lib/python3.10/site-packages/django/template/__init__.py first seen with mtime 1741778994.0510335
DEBUG 2025-04-21 15:56:24,653 autoreload File /usr/lib/python3.10/asyncio/futures.py first seen with mtime 1738681056.0
DEBUG 2025-04-21 15:56:24,653 autoreload File /home/karim/.local/lib/python3.10/site-packages/django/db/models/functions/__init__.py first seen with mtime 1741778994.0340335
DEBUG 2025-04-21 15:56:24,653 autoreload File /usr/lib/python3.10/urllib/parse.py first seen with mtime 1738681056.0
DEBUG 2025-04-21 15:56:24,653 autoreload File /usr/lib/python3.10/asyncio/locks.py first seen with mtime 1738681056.0
DEBUG 2025-04-21 15:56:24,653 autoreload File /home/karim/.local/lib/python3.10/site-packages/django/db/models/indexes.py first seen with mtime 1741778994.0300336
DEBUG 2025-04-21 15:56:24,653 autoreload File /usr/lib/python3.10/random.py first seen with mtime 1738681056.0
DEBUG 2025-04-21 15:56:24,653 autoreload File /usr/lib/python3.10/email/mime/__init__.py first seen with mtime 1738681056.0
DEBUG 2025-04-21 15:56:24,653 autoreload File /home/karim/.local/lib/python3.10/site-packages/django/db/models/fields/generated.py first seen with mtime 1741778994.0330334
DEBUG 2025-04-21 15:56:24,653 autoreload File /home/karim/CREM_Webapp/contact/__init__.py first seen with mtime 1742568234.0074878
DEBUG 2025-04-21 15:56:24,654 autoreload File /usr/lib/python3.10/secrets.py first seen with mtime 1738681056.0
DEBUG 2025-04-21 15:56:24,654 autoreload File /usr/lib/python3.10/mimetypes.py first seen with mtime 1738681056.0
DEBUG 2025-04-21 15:56:24,654 autoreload File /home/karim/.local/lib/python3.10/site-packages/sqlparse/engine/filter_stack.py first seen with mtime 1724687074.3807824
DEBUG 2025-04-21 15:56:24,654 autoreload File /usr/lib/python3.10/types.py first seen with mtime 1738681056.0
DEBUG 2025-04-21 15:56:24,654 autoreload File /home/karim/CREM_Webapp/contact/admin.py first seen with mtime 1742568234.008488
DEBUG 2025-04-21 15:56:24,654 autoreload File /usr/lib/python3/dist-packages/colorama/initialise.py first seen with mtime 1602564393.0
DEBUG 2025-04-21 15:56:24,654 autoreload File /home/karim/.local/lib/python3.10/site-packages/django/template/engine.py first seen with mtime 1741778994.0530336
DEBUG 2025-04-21 15:56:24,654 autoreload File /home/karim/.local/lib/python3.10/site-packages/django/db/models/functions/mixins.py first seen with mtime 1741778994.0350335
DEBUG 2025-04-21 15:56:24,654 autoreload File /home/karim/.local/lib/python3.10/site-packages/django/db/backends/sqlite3/introspection.py first seen with mtime 1741778994.0250335
DEBUG 2025-04-21 15:56:24,654 autoreload File /home/karim/.local/lib/python3.10/site-packages/django/db/migrations/utils.py first seen with mtime 1741778994.0270336
DEBUG 2025-04-21 15:56:24,654 autoreload File /home/karim/.local/lib/python3.10/site-packages/django/db/backends/base/introspection.py first seen with mtime 1741778994.0180335
DEBUG 2025-04-21 15:56:24,654 autoreload File /home/karim/.local/lib/python3.10/site-packages/django/db/models/sql/subqueries.py first seen with mtime 1741778994.0370336
DEBUG 2025-04-21 15:56:24,654 autoreload File /usr/lib/python3.10/html/entities.py first seen with mtime 1738681056.0
DEBUG 2025-04-21 15:56:24,654 autoreload File /usr/lib/python3.10/http/cookies.py first seen with mtime 1738681056.0
DEBUG 2025-04-21 15:56:24,654 autoreload File /home/karim/.local/lib/python3.10/site-packages/sqlparse/lexer.py first seen with mtime 1724687074.3807824
DEBUG 2025-04-21 15:56:24,654 autoreload File /home/karim/CREM_Webapp/instrumentation/views.py first seen with mtime 1742568234.015488
DEBUG 2025-04-21 15:56:24,654 autoreload File /usr/lib/python3.10/lib-dynload/_uuid.cpython-310-x86_64-linux-gnu.so first seen with mtime 1738681056.0
DEBUG 2025-04-21 15:56:24,654 autoreload File /home/karim/.local/lib/python3.10/site-packages/django/utils/inspect.py first seen with mtime 1741778994.0620337
DEBUG 2025-04-21 15:56:24,655 autoreload File /usr/lib/python3.10/wsgiref/handlers.py first seen with mtime 1738681056.0
DEBUG 2025-04-21 15:56:24,655 autoreload File /home/karim/.local/lib/python3.10/site-packages/django/utils/dates.py first seen with mtime 1741778994.0610335
DEBUG 2025-04-21 15:56:24,655 autoreload File /home/karim/.local/lib/python3.10/site-packages/django/contrib/contenttypes/fields.py first seen with mtime 1741778993.741033
DEBUG 2025-04-21 15:56:24,655 autoreload File /home/karim/.local/lib/python3.10/site-packages/django/db/__init__.py first seen with mtime 1741778994.0160334
DEBUG 2025-04-21 15:56:24,655 autoreload File /usr/lib/python3.10/wsgiref/__init__.py first seen with mtime 1738681056.0
DEBUG 2025-04-21 15:56:24,655 autoreload File /home/karim/.local/lib/python3.10/site-packages/django/contrib/messages/api.py first seen with mtime 1741778993.8790333
DEBUG 2025-04-21 15:56:24,655 autoreload File /usr/lib/python3/dist-packages/PIL/_util.py first seen with mtime 1643848538.0
DEBUG 2025-04-21 15:56:24,655 autoreload File /home/karim/.local/lib/python3.10/site-packages/django/core/exceptions.py first seen with mtime 1741778994.0020335
DEBUG 2025-04-21 15:56:24,655 autoreload File /home/karim/CREM_Webapp/contact/apps.py first seen with mtime 1742568234.008488
DEBUG 2025-04-21 15:56:24,655 autoreload File /usr/lib/python3/dist-packages/colorama/ansitowin32.py first seen with mtime 1602564393.0
DEBUG 2025-04-21 15:56:24,655 autoreload File /home/karim/.local/lib/python3.10/site-packages/django/db/models/__init__.py first seen with mtime 1741778994.0290334
DEBUG 2025-04-21 15:56:24,655 autoreload File /home/karim/.local/lib/python3.10/site-packages/django/db/models/functions/comparison.py first seen with mtime 1741778994.0340335
DEBUG 2025-04-21 15:56:24,655 autoreload File /home/karim/.local/lib/python3.10/site-packages/django/views/csrf.py first seen with mtime 1741778994.0660336
DEBUG 2025-04-21 15:56:24,655 autoreload File /home/karim/.local/lib/python3.10/site-packages/django/db/migrations/operations/models.py first seen with mtime 1741778994.0280335
DEBUG 2025-04-21 15:56:24,655 autoreload File /home/karim/.local/lib/python3.10/site-packages/django/utils/translation/trans_real.py first seen with mtime 1741778994.0650334
DEBUG 2025-04-21 15:56:24,655 autoreload File /home/karim/.local/lib/python3.10/site-packages/django/contrib/admin/models.py first seen with mtime 1741778993.5600326
DEBUG 2025-04-21 15:56:24,655 autoreload File /home/karim/.local/lib/python3.10/site-packages/django/forms/fields.py first seen with mtime 1741778994.0380335
DEBUG 2025-04-21 15:56:24,656 autoreload File /home/karim/.local/lib/python3.10/site-packages/django/contrib/sites/shortcuts.py first seen with mtime 1741778993.9710333
DEBUG 2025-04-21 15:56:24,656 autoreload File /usr/lib/python3.10/platform.py first seen with mtime 1738681056.0
DEBUG 2025-04-21 15:56:24,656 autoreload File /home/karim/.local/lib/python3.10/site-packages/django/core/management/commands/__init__.py first seen with mtime 1741778994.0110335
DEBUG 2025-04-21 15:56:24,656 autoreload File /home/karim/.local/lib/python3.10/site-packages/django/core/files/temp.py first seen with mtime 1741778994.0060334
DEBUG 2025-04-21 15:56:24,656 autoreload File /home/karim/.local/lib/python3.10/site-packages/django/core/serializers/json.py first seen with mtime 1741778994.0150335
DEBUG 2025-04-21 15:56:24,656 autoreload File /usr/lib/python3.10/encodings/aliases.py first seen with mtime 1738681056.0
DEBUG 2025-04-21 15:56:24,656 autoreload File /home/karim/.local/lib/python3.10/site-packages/django/contrib/admin/views/main.py first seen with mtime 1741778993.6650329
DEBUG 2025-04-21 15:56:24,656 autoreload File /home/karim/.local/lib/python3.10/site-packages/django/db/backends/signals.py first seen with mtime 1741778994.0170336
DEBUG 2025-04-21 15:56:24,656 autoreload File /home/karim/.local/lib/python3.10/site-packages/django/utils/timezone.py first seen with mtime 1741778994.0640335
DEBUG 2025-04-21 15:56:24,656 autoreload File /usr/lib/python3.10/getpass.py first seen with mtime 1738681056.0
DEBUG 2025-04-21 15:56:24,656 autoreload File /home/karim/.local/lib/python3.10/site-packages/django/db/models/fields/proxy.py first seen with mtime 1741778994.0330334
DEBUG 2025-04-21 15:56:24,656 autoreload File /usr/lib/python3/dist-packages/PIL/_version.py first seen with mtime 1643848543.0
DEBUG 2025-04-21 15:56:24,656 autoreload File /home/karim/.local/lib/python3.10/site-packages/django/templatetags/i18n.py first seen with mtime 1741778994.0560336
DEBUG 2025-04-21 15:56:24,656 autoreload File /home/karim/.local/lib/python3.10/site-packages/django/db/models/fields/related_lookups.py first seen with mtime 1741778994.0340335
DEBUG 2025-04-21 15:56:24,656 autoreload File /usr/lib/python3.10/heapq.py first seen with mtime 1738681056.0
DEBUG 2025-04-21 15:56:24,656 autoreload File /home/karim/.local/lib/python3.10/site-packages/sqlparse/tokens.py first seen with mtime 1724687074.3807824
DEBUG 2025-04-21 15:56:24,656 autoreload File /home/karim/.local/lib/python3.10/site-packages/django/contrib/contenttypes/__init__.py first seen with mtime 1741778993.740033
DEBUG 2025-04-21 15:56:24,657 autoreload File /home/karim/.local/lib/python3.10/site-packages/django/__init__.py first seen with mtime 1741778993.4780326
DEBUG 2025-04-21 15:56:24,657 autoreload File /home/karim/.local/lib/python3.10/site-packages/django/db/models/aggregates.py first seen with mtime 1741778994.0290334
DEBUG 2025-04-21 15:56:24,657 autoreload File /home/karim/.local/lib/python3.10/site-packages/django/contrib/contenttypes/admin.py first seen with mtime 1741778993.740033
DEBUG 2025-04-21 15:56:24,657 autoreload File /home/karim/.local/lib/python3.10/site-packages/django/core/signing.py first seen with mtime 1741778994.0020335
DEBUG 2025-04-21 15:56:24,657 autoreload File /usr/lib/python3.10/asyncio/unix_events.py first seen with mtime 1738681056.0
DEBUG 2025-04-21 15:56:24,657 autoreload File /usr/lib/python3/dist-packages/apport_python_hook.py first seen with mtime 1720612581.0
DEBUG 2025-04-21 15:56:24,657 autoreload File /home/karim/.local/lib/python3.10/site-packages/django/core/signals.py first seen with mtime 1741778994.0020335
DEBUG 2025-04-21 15:56:24,657 autoreload File /home/karim/.local/lib/python3.10/site-packages/django/contrib/admin/decorators.py first seen with mtime 1741778993.5590327
DEBUG 2025-04-21 15:56:24,657 autoreload File /home/karim/.local/lib/python3.10/site-packages/django/contrib/messages/utils.py first seen with mtime 1741778993.8800333
DEBUG 2025-04-21 15:56:24,657 autoreload File /usr/lib/python3.10/concurrent/futures/__init__.py first seen with mtime 1738681056.0
DEBUG 2025-04-21 15:56:24,657 autoreload File /home/karim/.local/lib/python3.10/site-packages/django/db/models/deletion.py first seen with mtime 1741778994.0300336
DEBUG 2025-04-21 15:56:24,657 autoreload File /home/karim/.local/lib/python3.10/site-packages/django/utils/safestring.py first seen with mtime 1741778994.0640335
DEBUG 2025-04-21 15:56:24,657 autoreload File /home/karim/CREM_Webapp/instrumentation/models.py first seen with mtime 1742568234.013488
DEBUG 2025-04-21 15:56:24,657 autoreload File /usr/lib/python3.10/email/utils.py first seen with mtime 1738681056.0
DEBUG 2025-04-21 15:56:24,657 autoreload File /home/karim/.local/lib/python3.10/site-packages/django/forms/__init__.py first seen with mtime 1741778994.0380335
DEBUG 2025-04-21 15:56:24,657 autoreload File /usr/lib/python3.10/email/headerregistry.py first seen with mtime 1738681056.0
DEBUG 2025-04-21 15:56:24,657 autoreload File /usr/lib/python3.10/concurrent/__init__.py first seen with mtime 1738681056.0
DEBUG 2025-04-21 15:56:24,657 autoreload File /home/karim/.local/lib/python3.10/site-packages/django/views/generic/dates.py first seen with mtime 1741778994.0680335
DEBUG 2025-04-21 15:56:24,658 autoreload File /usr/lib/python3.10/string.py first seen with mtime 1738681056.0
DEBUG 2025-04-21 15:56:24,658 autoreload File /usr/lib/python3.10/asyncio/constants.py first seen with mtime 1738681056.0
DEBUG 2025-04-21 15:56:24,658 autoreload File /home/karim/.local/lib/python3.10/site-packages/django/template/loaders/__init__.py first seen with mtime 1741778994.0550334
DEBUG 2025-04-21 15:56:24,658 autoreload File /home/karim/.local/lib/python3.10/site-packages/django/core/files/storage/__init__.py first seen with mtime 1741778994.0070333
DEBUG 2025-04-21 15:56:24,658 autoreload File /home/karim/.local/lib/python3.10/site-packages/django/template/utils.py first seen with mtime 1741778994.0540335
DEBUG 2025-04-21 15:56:24,658 autoreload File /home/karim/.local/lib/python3.10/site-packages/django/views/decorators/__init__.py first seen with mtime 1741778994.0660336
DEBUG 2025-04-21 15:56:24,658 autoreload File /home/karim/.local/lib/python3.10/site-packages/django/template/autoreload.py first seen with mtime 1741778994.0520334
DEBUG 2025-04-21 15:56:24,658 autoreload File /home/karim/.local/lib/python3.10/site-packages/django/contrib/contenttypes/apps.py first seen with mtime 1741778993.740033
DEBUG 2025-04-21 15:56:24,658 autoreload File /usr/lib/python3.10/email/contentmanager.py first seen with mtime 1738681056.0
DEBUG 2025-04-21 15:56:24,658 autoreload File /usr/lib/python3.10/wsgiref/headers.py first seen with mtime 1738681056.0
DEBUG 2025-04-21 15:56:24,658 autoreload File /usr/lib/python3.10/os.py first seen with mtime 1738681056.0
DEBUG 2025-04-21 15:56:24,658 autoreload File /home/karim/.local/lib/python3.10/site-packages/django/core/files/storage/mixins.py first seen with mtime 1741778994.0080335
DEBUG 2025-04-21 15:56:24,658 autoreload File /home/karim/.local/lib/python3.10/site-packages/django/urls/__init__.py first seen with mtime 1741778994.0580335
DEBUG 2025-04-21 15:56:24,658 autoreload File /home/karim/CREM_Webapp/front_app/__init__.py first seen with mtime 1742568234.011488
DEBUG 2025-04-21 15:56:24,658 autoreload File /home/karim/.local/lib/python3.10/site-packages/sqlparse/cli.py first seen with mtime 1724687074.3767824
DEBUG 2025-04-21 15:56:24,658 autoreload File /usr/lib/python3.10/operator.py first seen with mtime 1738681056.0
DEBUG 2025-04-21 15:56:24,658 autoreload File /usr/lib/python3.10/email/parser.py first seen with mtime 1738681056.0
DEBUG 2025-04-21 15:56:24,659 autoreload File /usr/lib/python3.10/graphlib.py first seen with mtime 1738681056.0
DEBUG 2025-04-21 15:56:24,659 autoreload File /home/karim/CREM_Webapp/front_app/admin.py first seen with mtime 1742568234.011488
DEBUG 2025-04-21 15:56:24,659 autoreload File /usr/lib/python3.10/_weakrefset.py first seen with mtime 1738681056.0
DEBUG 2025-04-21 15:56:24,659 autoreload File /home/karim/.local/lib/python3.10/site-packages/django/core/checks/compatibility/__init__.py first seen with mtime 1741778994.0050335
DEBUG 2025-04-21 15:56:24,659 autoreload File /home/karim/.local/lib/python3.10/site-packages/django/db/migrations/exceptions.py first seen with mtime 1741778994.0260334
DEBUG 2025-04-21 15:56:24,659 autoreload File /usr/lib/python3.10/copy.py first seen with mtime 1738681056.0
DEBUG 2025-04-21 15:56:24,659 autoreload File /home/karim/.local/lib/python3.10/site-packages/django/http/multipartparser.py first seen with mtime 1741778994.0500336
DEBUG 2025-04-21 15:56:24,659 autoreload File /usr/lib/python3.10/email/header.py first seen with mtime 1738681056.0
DEBUG 2025-04-21 15:56:24,659 autoreload File /usr/lib/python3.10/hashlib.py first seen with mtime 1738681056.0
DEBUG 2025-04-21 15:56:24,659 autoreload File /home/karim/.local/lib/python3.10/site-packages/django/core/checks/registry.py first seen with mtime 1741778994.0050335
DEBUG 2025-04-21 15:56:24,659 autoreload File /home/karim/.local/lib/python3.10/site-packages/django/core/servers/__init__.py first seen with mtime 1741778994.0160334
DEBUG 2025-04-21 15:56:24,659 autoreload File /home/karim/.local/lib/python3.10/site-packages/asgiref/current_thread_executor.py first seen with mtime 1724687074.4167829
DEBUG 2025-04-21 15:56:24,659 autoreload File /home/karim/.local/lib/python3.10/site-packages/django/core/handlers/wsgi.py first seen with mtime 1741778994.0080335
DEBUG 2025-04-21 15:56:24,659 autoreload File /usr/lib/python3.10/email/mime/multipart.py first seen with mtime 1738681056.0
DEBUG 2025-04-21 15:56:24,659 autoreload File /usr/lib/python3/dist-packages/colorama/__init__.py first seen with mtime 1602564393.0
DEBUG 2025-04-21 15:56:24,659 autoreload File /home/karim/.local/lib/python3.10/site-packages/django/db/models/base.py first seen with mtime 1741778994.0290334
DEBUG 2025-04-21 15:56:24,659 autoreload File /usr/lib/python3.10/gettext.py first seen with mtime 1738681056.0
DEBUG 2025-04-21 15:56:24,660 autoreload File /home/karim/.local/lib/python3.10/site-packages/django/http/cookie.py first seen with mtime 1741778994.0490334
DEBUG 2025-04-21 15:56:24,660 autoreload File /usr/lib/python3.10/email/generator.py first seen with mtime 1738681056.0
DEBUG 2025-04-21 15:56:24,660 autoreload File /home/karim/.local/lib/python3.10/site-packages/django/core/validators.py first seen with mtime 1741778994.0020335
DEBUG 2025-04-21 15:56:24,660 autoreload File /home/karim/.local/lib/python3.10/site-packages/django/views/decorators/common.py first seen with mtime 1741778994.0670335
DEBUG 2025-04-21 15:56:24,660 autoreload File /home/karim/.local/lib/python3.10/site-packages/django/utils/regex_helper.py first seen with mtime 1741778994.0640335
DEBUG 2025-04-21 15:56:24,660 autoreload File /home/karim/.local/lib/python3.10/site-packages/django/db/models/fields/files.py first seen with mtime 1741778994.0330334
DEBUG 2025-04-21 15:56:24,660 autoreload File /usr/lib/python3/dist-packages/PIL/_binary.py first seen with mtime 1643848538.0
DEBUG 2025-04-21 15:56:24,660 autoreload File /home/karim/.local/lib/python3.10/site-packages/django/core/cache/utils.py first seen with mtime 1741778994.0030334
DEBUG 2025-04-21 15:56:24,660 autoreload File /home/karim/CREM_Webapp/front_app/apps.py first seen with mtime 1742568234.011488
DEBUG 2025-04-21 15:56:24,660 autoreload File /home/karim/.local/lib/python3.10/site-packages/django/core/files/uploadhandler.py first seen with mtime 1741778994.0070333
DEBUG 2025-04-21 15:56:24,660 autoreload File /usr/lib/python3.10/collections/__init__.py first seen with mtime 1738681056.0
DEBUG 2025-04-21 15:56:24,660 autoreload File /home/karim/.local/lib/python3.10/site-packages/django/forms/widgets.py first seen with mtime 1741778994.0390334
DEBUG 2025-04-21 15:56:24,660 autoreload File /usr/lib/python3.10/numbers.py first seen with mtime 1738681056.0
DEBUG 2025-04-21 15:56:24,660 autoreload File /usr/lib/python3.10/pickle.py first seen with mtime 1738681056.0
DEBUG 2025-04-21 15:56:24,660 autoreload File /usr/lib/python3.10/asyncio/selector_events.py first seen with mtime 1738681056.0
DEBUG 2025-04-21 15:56:24,660 autoreload File /home/karim/.local/lib/python3.10/site-packages/django/db/models/expressions.py first seen with mtime 1741778994.0300336
DEBUG 2025-04-21 15:56:24,660 autoreload File /usr/lib/python3.10/ast.py first seen with mtime 1738681056.0
DEBUG 2025-04-21 15:56:24,660 autoreload File /home/karim/.local/lib/python3.10/site-packages/django/core/management/base.py first seen with mtime 1741778994.0100334
DEBUG 2025-04-21 15:56:24,661 autoreload File /usr/lib/python3/dist-packages/PIL/__init__.py first seen with mtime 1643848538.0
DEBUG 2025-04-21 15:56:24,661 autoreload File /home/karim/.local/lib/python3.10/site-packages/django/core/checks/compatibility/django_4_0.py first seen with mtime 1741778994.0050335
DEBUG 2025-04-21 15:56:24,661 autoreload File /home/karim/.local/lib/python3.10/site-packages/django/contrib/sessions/base_session.py first seen with mtime 1741778993.9400334
DEBUG 2025-04-21 15:56:24,661 autoreload File /usr/lib/python3.10/lib-dynload/_asyncio.cpython-310-x86_64-linux-gnu.so first seen with mtime 1738681056.0
DEBUG 2025-04-21 15:56:24,661 autoreload File /usr/lib/python3.10/json/encoder.py first seen with mtime 1738681056.0
DEBUG 2025-04-21 15:56:24,661 autoreload File /home/karim/.local/lib/python3.10/site-packages/django/db/models/functions/window.py first seen with mtime 1741778994.0350335
DEBUG 2025-04-21 15:56:24,661 autoreload File /usr/lib/python3.10/email/mime/text.py first seen with mtime 1738681056.0
DEBUG 2025-04-21 15:56:24,661 autoreload File /usr/lib/python3.10/asyncio/events.py first seen with mtime 1738681056.0
DEBUG 2025-04-21 15:56:24,661 autoreload File /home/karim/.local/lib/python3.10/site-packages/django/forms/utils.py first seen with mtime 1741778994.0390334
DEBUG 2025-04-21 15:56:24,661 autoreload File /usr/lib/python3.10/http/server.py first seen with mtime 1738681056.0
DEBUG 2025-04-21 15:56:24,661 autoreload File /home/karim/.local/lib/python3.10/site-packages/django/utils/deprecation.py first seen with mtime 1741778994.0610335
DEBUG 2025-04-21 15:56:24,661 autoreload File /home/karim/.local/lib/python3.10/site-packages/django/core/files/storage/base.py first seen with mtime 1741778994.0070333
DEBUG 2025-04-21 15:56:24,661 autoreload File /home/karim/.local/lib/python3.10/site-packages/django/views/decorators/cache.py first seen with mtime 1741778994.0670335
DEBUG 2025-04-21 15:56:24,661 autoreload File /usr/lib/python3.10/sre_compile.py first seen with mtime 1738681056.0
DEBUG 2025-04-21 15:56:24,661 autoreload File /home/karim/CREM_Webapp/CREM_Webapp/__init__.py first seen with mtime 1742568234.0074878
DEBUG 2025-04-21 15:56:24,661 autoreload File /usr/lib/python3.10/socket.py first seen with mtime 1738681056.0
DEBUG 2025-04-21 15:56:24,661 autoreload File /usr/lib/python3.10/asyncio/mixins.py first seen with mtime 1738681056.0
DEBUG 2025-04-21 15:56:24,662 autoreload File /usr/lib/python3.10/uu.py first seen with mtime 1738681056.0
DEBUG 2025-04-21 15:56:24,662 autoreload File /home/karim/.local/lib/python3.10/site-packages/django/utils/termcolors.py first seen with mtime 1741778994.0640335
DEBUG 2025-04-21 15:56:24,662 autoreload File /home/karim/.local/lib/python3.10/site-packages/django/template/exceptions.py first seen with mtime 1741778994.0530336
DEBUG 2025-04-21 15:56:24,662 autoreload File /home/karim/.local/lib/python3.10/site-packages/django/apps/registry.py first seen with mtime 1741778993.4790325
DEBUG 2025-04-21 15:56:24,662 autoreload File /home/karim/.local/lib/python3.10/site-packages/django/views/i18n.py first seen with mtime 1741778994.0660336
DEBUG 2025-04-21 15:56:24,662 autoreload File /usr/lib/python3.10/locale.py first seen with mtime 1738681056.0
DEBUG 2025-04-21 15:56:24,662 autoreload File /home/karim/.local/lib/python3.10/site-packages/django/urls/base.py first seen with mtime 1741778994.0580335
DEBUG 2025-04-21 15:56:24,662 autoreload File /home/karim/.local/lib/python3.10/site-packages/django/utils/dateparse.py first seen with mtime 1741778994.0610335
DEBUG 2025-04-21 15:56:24,662 autoreload File /home/karim/.local/lib/python3.10/site-packages/sqlparse/filters/tokens.py first seen with mtime 1724687074.3807824
DEBUG 2025-04-21 15:56:24,662 autoreload File /usr/lib/python3.10/statistics.py first seen with mtime 1738681056.0
DEBUG 2025-04-21 15:56:24,662 autoreload File /usr/lib/python3.10/inspect.py first seen with mtime 1738681056.0
DEBUG 2025-04-21 15:56:24,662 autoreload File /usr/lib/python3.10/weakref.py first seen with mtime 1738681056.0
DEBUG 2025-04-21 15:56:24,662 autoreload File /home/karim/.local/lib/python3.10/site-packages/django/contrib/contenttypes/checks.py first seen with mtime 1741778993.740033
DEBUG 2025-04-21 15:56:24,662 autoreload File /home/karim/.local/lib/python3.10/site-packages/django/core/handlers/__init__.py first seen with mtime 1741778994.0080335
DEBUG 2025-04-21 15:56:24,662 autoreload File /usr/lib/python3.10/pprint.py first seen with mtime 1738681056.0
DEBUG 2025-04-21 15:56:24,662 autoreload File /usr/lib/python3.10/asyncio/queues.py first seen with mtime 1738681056.0
DEBUG 2025-04-21 15:56:24,662 autoreload File /usr/lib/python3.10/contextvars.py first seen with mtime 1738681056.0
DEBUG 2025-04-21 15:56:24,663 autoreload File /home/karim/.local/lib/python3.10/site-packages/django/core/checks/async_checks.py first seen with mtime 1741778994.0040333
DEBUG 2025-04-21 15:56:24,663 autoreload File /home/karim/.local/lib/python3.10/site-packages/django/templatetags/cache.py first seen with mtime 1741778994.0560336
DEBUG 2025-04-21 15:56:24,663 autoreload File /home/karim/.local/lib/python3.10/site-packages/django/contrib/auth/backends.py first seen with mtime 1741778993.700033
DEBUG 2025-04-21 15:56:24,663 autoreload File /home/karim/.local/lib/python3.10/site-packages/django/template/backends/django.py first seen with mtime 1741778994.0540335
DEBUG 2025-04-21 15:56:24,663 autoreload File /home/karim/.local/lib/python3.10/site-packages/django/conf/global_settings.py first seen with mtime 1741778993.4790325
DEBUG 2025-04-21 15:56:24,663 autoreload File /usr/lib/python3.10/glob.py first seen with mtime 1738681056.0
DEBUG 2025-04-21 15:56:24,663 autoreload File /usr/lib/python3.10/genericpath.py first seen with mtime 1738681056.0
DEBUG 2025-04-21 15:56:24,663 autoreload File /home/karim/.local/lib/python3.10/site-packages/django/core/checks/messages.py first seen with mtime 1741778994.0040333
DEBUG 2025-04-21 15:56:24,663 autoreload File /home/karim/.local/lib/python3.10/site-packages/django/utils/timesince.py first seen with mtime 1741778994.0640335
DEBUG 2025-04-21 15:56:24,663 autoreload File /home/karim/.local/lib/python3.10/site-packages/django/conf/__init__.py first seen with mtime 1741778993.4790325
DEBUG 2025-04-21 15:56:24,663 autoreload File /home/karim/.local/lib/python3.10/site-packages/django/core/checks/__init__.py first seen with mtime 1741778994.0040333
DEBUG 2025-04-21 15:56:24,663 autoreload File /home/karim/.local/lib/python3.10/site-packages/django/contrib/sessions/__init__.py first seen with mtime 1741778993.9390333
DEBUG 2025-04-21 15:56:24,663 autoreload File /home/karim/.local/lib/python3.10/site-packages/django/views/debug.py first seen with mtime 1741778994.0660336
DEBUG 2025-04-21 15:56:24,663 autoreload File /home/karim/.local/lib/python3.10/site-packages/django/utils/functional.py first seen with mtime 1741778994.0620337
DEBUG 2025-04-21 15:56:24,663 autoreload File /usr/lib/python3.10/asyncio/base_subprocess.py first seen with mtime 1738681056.0
DEBUG 2025-04-21 15:56:24,663 autoreload File /home/karim/.local/lib/python3.10/site-packages/sqlparse/engine/grouping.py first seen with mtime 1724687074.3807824
DEBUG 2025-04-21 15:56:24,663 autoreload File /usr/lib/python3.10/logging/handlers.py first seen with mtime 1738681056.0
DEBUG 2025-04-21 15:56:24,663 autoreload File /usr/lib/python3.10/asyncio/threads.py first seen with mtime 1738681056.0
DEBUG 2025-04-21 15:56:24,664 autoreload File /usr/lib/python3.10/lib-dynload/_bz2.cpython-310-x86_64-linux-gnu.so first seen with mtime 1738681056.0
DEBUG 2025-04-21 15:56:24,664 autoreload File /home/karim/.local/lib/python3.10/site-packages/django/db/models/options.py first seen with mtime 1741778994.0310335
DEBUG 2025-04-21 15:56:24,664 autoreload File /usr/lib/python3.10/encodings/utf_8.py first seen with mtime 1738681056.0
DEBUG 2025-04-21 15:56:24,664 autoreload File /home/karim/.local/lib/python3.10/site-packages/django/contrib/admin/exceptions.py first seen with mtime 1741778993.5590327
DEBUG 2025-04-21 15:56:24,664 autoreload File /usr/lib/python3.10/logging/__init__.py first seen with mtime 1738681056.0
DEBUG 2025-04-21 15:56:24,664 autoreload File /usr/lib/python3.10/sre_constants.py first seen with mtime 1738681056.0
DEBUG 2025-04-21 15:56:24,664 autoreload File /usr/lib/python3.10/lib-dynload/_decimal.cpython-310-x86_64-linux-gnu.so first seen with mtime 1738681056.0
DEBUG 2025-04-21 15:56:24,664 autoreload File /home/karim/.local/lib/python3.10/site-packages/django/core/checks/security/csrf.py first seen with mtime 1741778994.0060334
DEBUG 2025-04-21 15:56:24,664 autoreload File /usr/lib/python3.10/zoneinfo/_tzpath.py first seen with mtime 1738681056.0
DEBUG 2025-04-21 15:56:24,664 autoreload File /home/karim/.local/lib/python3.10/site-packages/django/db/models/sql/datastructures.py first seen with mtime 1741778994.0360334
DEBUG 2025-04-21 15:56:24,664 autoreload File /usr/lib/python3.10/asyncio/subprocess.py first seen with mtime 1738681056.0
DEBUG 2025-04-21 15:56:24,664 autoreload File /home/karim/.local/lib/python3.10/site-packages/django/contrib/auth/signals.py first seen with mtime 1741778993.702033
DEBUG 2025-04-21 15:56:24,664 autoreload File /home/karim/.local/lib/python3.10/site-packages/django/db/models/functions/datetime.py first seen with mtime 1741778994.0350335
DEBUG 2025-04-21 15:56:24,664 autoreload File /home/karim/CREM_Webapp/CREM_Webapp/settings.py first seen with mtime 1745234251.9341745
DEBUG 2025-04-21 15:56:24,664 autoreload File /home/karim/.local/lib/python3.10/site-packages/django/contrib/sessions/apps.py first seen with mtime 1741778993.9400334
DEBUG 2025-04-21 15:56:24,664 autoreload File /usr/lib/python3.10/re.py first seen with mtime 1738681056.0
DEBUG 2025-04-21 15:56:24,665 autoreload File /home/karim/.local/lib/python3.10/site-packages/django/contrib/admin/views/__init__.py first seen with mtime 1741778993.6650329
DEBUG 2025-04-21 15:56:24,665 autoreload File /home/karim/.local/lib/python3.10/site-packages/django/db/models/constraints.py first seen with mtime 1741778994.0290334
DEBUG 2025-04-21 15:56:24,665 autoreload File /home/karim/.local/lib/python3.10/site-packages/django/dispatch/dispatcher.py first seen with mtime 1741778994.0370336
DEBUG 2025-04-21 15:56:24,665 autoreload File /usr/lib/python3.10/email/charset.py first seen with mtime 1738681056.0
DEBUG 2025-04-21 15:56:24,665 autoreload File /usr/lib/python3.10/lib-dynload/_ctypes.cpython-310-x86_64-linux-gnu.so first seen with mtime 1738681056.0
DEBUG 2025-04-21 15:56:24,665 autoreload File /home/karim/.local/lib/python3.10/site-packages/django/views/__init__.py first seen with mtime 1741778994.0660336
DEBUG 2025-04-21 15:56:24,665 autoreload File /home/karim/.local/lib/python3.10/site-packages/django/core/cache/backends/__init__.py first seen with mtime 1741778994.0030334
DEBUG 2025-04-21 15:56:24,665 autoreload File /home/karim/.local/lib/python3.10/site-packages/django/contrib/auth/models.py first seen with mtime 1741778993.702033
DEBUG 2025-04-21 15:56:24,665 autoreload File /usr/lib/python3.10/urllib/request.py first seen with mtime 1738681056.0
DEBUG 2025-04-21 15:56:24,665 autoreload File /usr/lib/python3.10/lib-dynload/_hashlib.cpython-310-x86_64-linux-gnu.so first seen with mtime 1738681056.0
DEBUG 2025-04-21 15:56:24,665 autoreload File /home/karim/.local/lib/python3.10/site-packages/django/core/checks/translation.py first seen with mtime 1741778994.0050335
DEBUG 2025-04-21 15:56:24,665 autoreload File /home/karim/.local/lib/python3.10/site-packages/django/utils/module_loading.py first seen with mtime 1741778994.0630336
DEBUG 2025-04-21 15:56:24,665 autoreload File /home/karim/.local/lib/python3.10/site-packages/django/core/paginator.py first seen with mtime 1741778994.0020335
DEBUG 2025-04-21 15:56:24,665 autoreload File /usr/lib/python3.10/fnmatch.py first seen with mtime 1738681056.0
DEBUG 2025-04-21 15:56:24,665 autoreload File /home/karim/.local/lib/python3.10/site-packages/django/middleware/csrf.py first seen with mtime 1741778994.0510335
DEBUG 2025-04-21 15:56:24,665 autoreload File /usr/lib/python3.10/lib-dynload/_contextvars.cpython-310-x86_64-linux-gnu.so first seen with mtime 1738681056.0
DEBUG 2025-04-21 15:56:24,665 autoreload File /usr/lib/python3.10/_sitebuiltins.py first seen with mtime 1738681056.0
DEBUG 2025-04-21 15:56:24,666 autoreload File /usr/lib/python3.10/base64.py first seen with mtime 1738681056.0
DEBUG 2025-04-21 15:56:24,666 autoreload File /home/karim/.local/lib/python3.10/site-packages/django/forms/renderers.py first seen with mtime 1741778994.0390334
DEBUG 2025-04-21 15:56:24,666 autoreload File /home/karim/.local/lib/python3.10/site-packages/django/contrib/staticfiles/handlers.py first seen with mtime 1741778994.0000334
DEBUG 2025-04-21 15:56:24,666 autoreload File /usr/lib/python3.10/asyncio/coroutines.py first seen with mtime 1738681056.0
DEBUG 2025-04-21 15:56:24,666 autoreload File /usr/lib/python3.10/email/policy.py first seen with mtime 1738681056.0
DEBUG 2025-04-21 15:56:24,666 autoreload File /home/karim/.local/lib/python3.10/site-packages/django/utils/asyncio.py first seen with mtime 1741778994.0590336
DEBUG 2025-04-21 15:56:24,666 autoreload File /home/karim/.local/lib/python3.10/site-packages/django/utils/duration.py first seen with mtime 1741778994.0610335
DEBUG 2025-04-21 15:56:24,666 autoreload File /home/karim/.local/lib/python3.10/site-packages/django/contrib/staticfiles/__init__.py first seen with mtime 1741778993.9990335
DEBUG 2025-04-21 15:56:24,666 autoreload File /home/karim/.local/lib/python3.10/site-packages/django/core/checks/templates.py first seen with mtime 1741778994.0050335
DEBUG 2025-04-21 15:56:24,666 autoreload File /usr/lib/python3.10/email/mime/nonmultipart.py first seen with mtime 1738681056.0
DEBUG 2025-04-21 15:56:24,666 autoreload File /usr/lib/python3.10/hmac.py first seen with mtime 1738681056.0
DEBUG 2025-04-21 15:56:24,666 autoreload File /home/karim/.local/lib/python3.10/site-packages/django/contrib/auth/tokens.py first seen with mtime 1741778993.702033
DEBUG 2025-04-21 15:56:24,666 autoreload File /home/karim/.local/lib/python3.10/site-packages/django/core/handlers/base.py first seen with mtime 1741778994.0080335
DEBUG 2025-04-21 15:56:24,666 autoreload File /home/karim/.local/lib/python3.10/site-packages/django/core/mail/message.py first seen with mtime 1741778994.0090334
DEBUG 2025-04-21 15:56:24,666 autoreload File /home/karim/.local/lib/python3.10/site-packages/django/apps/__init__.py first seen with mtime 1741778993.4780326
DEBUG 2025-04-21 15:56:24,666 autoreload File /usr/lib/python3.10/asyncio/runners.py first seen with mtime 1738681056.0
DEBUG 2025-04-21 15:56:24,666 autoreload File /home/karim/.local/lib/python3.10/site-packages/django/contrib/staticfiles/management/commands/runserver.py first seen with mtime 1741778994.0010335
DEBUG 2025-04-21 15:56:24,667 autoreload File /home/karim/.local/lib/python3.10/site-packages/django/utils/choices.py first seen with mtime 1741778994.0600336
DEBUG 2025-04-21 15:56:24,667 autoreload File /home/karim/.local/lib/python3.10/site-packages/django/core/mail/__init__.py first seen with mtime 1741778994.0090334
DEBUG 2025-04-21 15:56:24,667 autoreload File /home/karim/.local/lib/python3.10/site-packages/django/core/wsgi.py first seen with mtime 1741778994.0020335
DEBUG 2025-04-21 15:56:24,667 autoreload File /home/karim/.local/lib/python3.10/site-packages/django/views/decorators/debug.py first seen with mtime 1741778994.0670335
DEBUG 2025-04-21 15:56:24,667 autoreload File /home/karim/.local/lib/python3.10/site-packages/django/db/models/fields/mixins.py first seen with mtime 1741778994.0330334
DEBUG 2025-04-21 15:56:24,667 autoreload File /home/karim/.local/lib/python3.10/site-packages/django/contrib/auth/forms.py first seen with mtime 1741778993.7010329
DEBUG 2025-04-21 15:56:24,667 autoreload File /home/karim/.local/lib/python3.10/site-packages/django/core/files/locks.py first seen with mtime 1741778994.0060334
DEBUG 2025-04-21 15:56:24,667 autoreload File /home/karim/.local/lib/python3.10/site-packages/django/urls/resolvers.py first seen with mtime 1741778994.0590336
DEBUG 2025-04-21 15:56:24,667 autoreload File /home/karim/.local/lib/python3.10/site-packages/django/core/files/base.py first seen with mtime 1741778994.0060334
DEBUG 2025-04-21 15:56:24,667 autoreload File /home/karim/.local/lib/python3.10/site-packages/django/core/management/__init__.py first seen with mtime 1741778994.0100334
DEBUG 2025-04-21 15:56:24,667 autoreload File /home/karim/.local/lib/python3.10/site-packages/django/contrib/auth/validators.py first seen with mtime 1741778993.702033
DEBUG 2025-04-21 15:56:24,667 autoreload File /home/karim/.local/lib/python3.10/site-packages/django/contrib/staticfiles/apps.py first seen with mtime 1741778993.9990335
DEBUG 2025-04-21 15:56:24,667 autoreload File /home/karim/.local/lib/python3.10/site-packages/asgiref/__init__.py first seen with mtime 1724687074.4167829
DEBUG 2025-04-21 15:56:24,667 autoreload File /home/karim/.local/lib/python3.10/site-packages/django/db/models/lookups.py first seen with mtime 1741778994.0300336
DEBUG 2025-04-21 15:56:24,667 autoreload File /home/karim/.local/lib/python3.10/site-packages/django/forms/models.py first seen with mtime 1741778994.0390334
DEBUG 2025-04-21 15:56:24,667 autoreload File /home/karim/.local/lib/python3.10/site-packages/django/utils/lorem_ipsum.py first seen with mtime 1741778994.0630336
DEBUG 2025-04-21 15:56:24,668 autoreload File /usr/lib/python3.10/_compression.py first seen with mtime 1738681056.0
DEBUG 2025-04-21 15:56:24,668 autoreload File /usr/lib/python3.10/enum.py first seen with mtime 1738681056.0
DEBUG 2025-04-21 15:56:24,668 autoreload File /usr/lib/python3.10/typing.py first seen with mtime 1738681056.0
DEBUG 2025-04-21 15:56:24,668 autoreload File /home/karim/.local/lib/python3.10/site-packages/django/utils/__init__.py first seen with mtime 1741778994.0590336
DEBUG 2025-04-21 15:56:24,668 autoreload File /home/karim/.local/lib/python3.10/site-packages/django/db/migrations/operations/special.py first seen with mtime 1741778994.0280335
DEBUG 2025-04-21 15:56:24,668 autoreload File /home/karim/CREM_Webapp/CREM_Webapp/urls.py first seen with mtime 1742568234.0074878
DEBUG 2025-04-21 15:56:24,668 autoreload File /usr/lib/python3.10/multiprocessing/process.py first seen with mtime 1738681056.0
DEBUG 2025-04-21 15:56:24,668 autoreload File /home/karim/.local/lib/python3.10/site-packages/django/core/handlers/exception.py first seen with mtime 1741778994.0080335
DEBUG 2025-04-21 15:56:24,668 autoreload File /home/karim/.local/lib/python3.10/site-packages/django/template/backends/__init__.py first seen with mtime 1741778994.0540335
DEBUG 2025-04-21 15:56:24,668 autoreload File /usr/lib/python3/dist-packages/colorama/win32.py first seen with mtime 1602564393.0
DEBUG 2025-04-21 15:56:24,668 autoreload File /usr/lib/python3.10/importlib/util.py first seen with mtime 1738681056.0
DEBUG 2025-04-21 15:56:24,668 autoreload File /home/karim/.local/lib/python3.10/site-packages/sqlparse/__init__.py first seen with mtime 1724687074.3767824
DEBUG 2025-04-21 15:56:24,668 autoreload File /usr/lib/python3.10/subprocess.py first seen with mtime 1738681056.0
DEBUG 2025-04-21 15:56:24,668 autoreload File /home/karim/.local/lib/python3.10/site-packages/django/db/backends/sqlite3/client.py first seen with mtime 1741778994.0240335
DEBUG 2025-04-21 15:56:24,668 autoreload File /usr/lib/python3.10/asyncio/base_futures.py first seen with mtime 1738681056.0
DEBUG 2025-04-21 15:56:24,668 autoreload File /home/karim/.local/lib/python3.10/site-packages/django/db/backends/base/client.py first seen with mtime 1741778994.0170336
DEBUG 2025-04-21 15:56:24,668 autoreload File /usr/lib/python3.10/posixpath.py first seen with mtime 1738681056.0
DEBUG 2025-04-21 15:56:24,669 autoreload File /home/karim/CREM_Webapp/templates/Contact_EN.html first seen with mtime 1742568238.3015459
DEBUG 2025-04-21 15:56:24,669 autoreload File /home/karim/CREM_Webapp/templates/Home_EN.html first seen with mtime 1742568238.302546
DEBUG 2025-04-21 15:56:24,669 autoreload File /home/karim/CREM_Webapp/templates/emails first seen with mtime 1742568238.302546
DEBUG 2025-04-21 15:56:24,669 autoreload File /home/karim/CREM_Webapp/templates/platforms first seen with mtime 1738425588.7848206
DEBUG 2025-04-21 15:56:24,669 autoreload File /home/karim/CREM_Webapp/templates/includes first seen with mtime 1742568238.303546
DEBUG 2025-04-21 15:56:24,669 autoreload File /home/karim/CREM_Webapp/templates/emails/contactform.html first seen with mtime 1742568238.302546
DEBUG 2025-04-21 15:56:24,669 autoreload File /home/karim/CREM_Webapp/templates/platforms/SAI first seen with mtime 1742568238.311546
DEBUG 2025-04-21 15:56:24,669 autoreload File /home/karim/CREM_Webapp/templates/platforms/ASMP first seen with mtime 1742568238.306546
DEBUG 2025-04-21 15:56:24,669 autoreload File /home/karim/CREM_Webapp/templates/platforms/RESEE first seen with mtime 1742568238.3105462
DEBUG 2025-04-21 15:56:24,669 autoreload File /home/karim/CREM_Webapp/templates/platforms/MSC first seen with mtime 1742568238.308546
DEBUG 2025-04-21 15:56:24,670 autoreload File /home/karim/CREM_Webapp/templates/platforms/PCE first seen with mtime 1742568238.309546
DEBUG 2025-04-21 15:56:24,670 autoreload File /home/karim/CREM_Webapp/templates/platforms/AIDE first seen with mtime 1742568238.3045459
DEBUG 2025-04-21 15:56:24,670 autoreload File /home/karim/CREM_Webapp/templates/platforms/BIO first seen with mtime 1742568238.3075461
DEBUG 2025-04-21 15:56:24,670 autoreload File /home/karim/CREM_Webapp/templates/platforms/SAI/services.html first seen with mtime 1742568238.311546
DEBUG 2025-04-21 15:56:24,670 autoreload File /home/karim/CREM_Webapp/templates/platforms/SAI/innovation.html first seen with mtime 1742568238.311546
DEBUG 2025-04-21 15:56:24,670 autoreload File /home/karim/CREM_Webapp/templates/platforms/SAI/infrastructure.html first seen with mtime 1742568238.311546
DEBUG 2025-04-21 15:56:24,670 autoreload File /home/karim/CREM_Webapp/templates/platforms/SAI/index.html first seen with mtime 1742568238.311546
DEBUG 2025-04-21 15:56:24,670 autoreload File /home/karim/CREM_Webapp/templates/platforms/ASMP/services.html first seen with mtime 1742568238.306546
DEBUG 2025-04-21 15:56:24,670 autoreload File /home/karim/CREM_Webapp/templates/platforms/ASMP/innovation.html first seen with mtime 1742568238.305546
DEBUG 2025-04-21 15:56:24,670 autoreload File /home/karim/CREM_Webapp/templates/platforms/ASMP/infrastructure.html first seen with mtime 1742568238.305546
DEBUG 2025-04-21 15:56:24,670 autoreload File /home/karim/CREM_Webapp/templates/platforms/ASMP/index.html first seen with mtime 1742568238.3045459
DEBUG 2025-04-21 15:56:24,670 autoreload File /home/karim/CREM_Webapp/templates/platforms/RESEE/services.html first seen with mtime 1742568238.3105462
DEBUG 2025-04-21 15:56:24,671 autoreload File /home/karim/CREM_Webapp/templates/platforms/RESEE/innovation.html first seen with mtime 1742568238.3105462
DEBUG 2025-04-21 15:56:24,671 autoreload File /home/karim/CREM_Webapp/templates/platforms/RESEE/infrastructure.html first seen with mtime 1742568238.3105462
DEBUG 2025-04-21 15:56:24,671 autoreload File /home/karim/CREM_Webapp/templates/platforms/RESEE/index.html first seen with mtime 1742568238.3105462
DEBUG 2025-04-21 15:56:24,671 autoreload File /home/karim/CREM_Webapp/templates/platforms/MSC/services.html first seen with mtime 1742568238.308546
DEBUG 2025-04-21 15:56:24,671 autoreload File /home/karim/CREM_Webapp/templates/platforms/MSC/innovation.html first seen with mtime 1742568238.308546
DEBUG 2025-04-21 15:56:24,671 autoreload File /home/karim/CREM_Webapp/templates/platforms/MSC/infrastructure.html first seen with mtime 1742568238.308546
DEBUG 2025-04-21 15:56:24,671 autoreload File /home/karim/CREM_Webapp/templates/platforms/MSC/index.html first seen with mtime 1742568238.3075461
DEBUG 2025-04-21 15:56:24,671 autoreload File /home/karim/CREM_Webapp/templates/platforms/PCE/services.html first seen with mtime 1742568238.309546
DEBUG 2025-04-21 15:56:24,671 autoreload File /home/karim/CREM_Webapp/templates/platforms/PCE/innovation.html first seen with mtime 1742568238.309546
DEBUG 2025-04-21 15:56:24,671 autoreload File /home/karim/CREM_Webapp/templates/platforms/PCE/infrastructure.html first seen with mtime 1742568238.308546
DEBUG 2025-04-21 15:56:24,671 autoreload File /home/karim/CREM_Webapp/templates/platforms/PCE/index.html first seen with mtime 1742568238.308546
DEBUG 2025-04-21 15:56:24,671 autoreload File /home/karim/CREM_Webapp/templates/platforms/AIDE/services.html first seen with mtime 1742568238.3045459
DEBUG 2025-04-21 15:56:24,671 autoreload File /home/karim/CREM_Webapp/templates/platforms/AIDE/innovation.html first seen with mtime 1742568238.3045459
DEBUG 2025-04-21 15:56:24,672 autoreload File /home/karim/CREM_Webapp/templates/platforms/AIDE/infrastructure.html first seen with mtime 1742568238.3045459
DEBUG 2025-04-21 15:56:24,672 autoreload File /home/karim/CREM_Webapp/templates/platforms/AIDE/index.html first seen with mtime 1742568238.303546
DEBUG 2025-04-21 15:56:24,672 autoreload File /home/karim/CREM_Webapp/templates/platforms/BIO/services.html first seen with mtime 1742568238.3075461
DEBUG 2025-04-21 15:56:24,672 autoreload File /home/karim/CREM_Webapp/templates/platforms/BIO/innovation.html first seen with mtime 1742568238.3075461
DEBUG 2025-04-21 15:56:24,672 autoreload File /home/karim/CREM_Webapp/templates/platforms/BIO/infrastructure.html first seen with mtime 1742568238.306546
DEBUG 2025-04-21 15:56:24,672 autoreload File /home/karim/CREM_Webapp/templates/platforms/BIO/index.html first seen with mtime 1742568238.306546
DEBUG 2025-04-21 15:56:24,672 autoreload File /home/karim/CREM_Webapp/templates/includes/index_header.html first seen with mtime 1742568238.303546
DEBUG 2025-04-21 15:56:24,672 autoreload File /home/karim/CREM_Webapp/templates/includes/header.html first seen with mtime 1745250884.1030674
DEBUG 2025-04-21 15:56:24,672 autoreload File /home/karim/CREM_Webapp/templates/includes/footer.html first seen with mtime 1742568238.302546
DEBUG 2025-04-21 15:56:24,672 autoreload File /home/karim/CREM_Webapp/templates/includes/contact_header.html first seen with mtime 1742568238.302546
DEBUG 2025-04-21 15:56:25,725 autoreload File /home/karim/.local/lib/python3.10/site-packages/django/db/migrations/loader.py first seen with mtime 1741778994.0260334
DEBUG 2025-04-21 15:56:25,725 autoreload File /home/karim/.local/lib/python3.10/site-packages/django/contrib/contenttypes/migrations/0002_remove_content_type_name.py first seen with mtime 1741778993.769033
DEBUG 2025-04-21 15:56:25,725 autoreload File /home/karim/.local/lib/python3.10/site-packages/django/contrib/sessions/exceptions.py first seen with mtime 1741778993.9400334
DEBUG 2025-04-21 15:56:25,725 autoreload File /home/karim/.local/lib/python3.10/site-packages/django/db/migrations/executor.py first seen with mtime 1741778994.0260334
DEBUG 2025-04-21 15:56:25,725 autoreload File /home/karim/.local/lib/python3.10/site-packages/django/contrib/admin/migrations/0002_logentry_remove_auto_add.py first seen with mtime 1741778993.635033
DEBUG 2025-04-21 15:56:25,726 autoreload File /home/karim/.local/lib/python3.10/site-packages/django/db/migrations/graph.py first seen with mtime 1741778994.0260334
DEBUG 2025-04-21 15:56:25,726 autoreload File /home/karim/.local/lib/python3.10/site-packages/django/contrib/sessions/backends/db.py first seen with mtime 1741778993.9410334
DEBUG 2025-04-21 15:56:25,726 autoreload File /home/karim/.local/lib/python3.10/site-packages/django/middleware/common.py first seen with mtime 1741778994.0510335
DEBUG 2025-04-21 15:56:25,726 autoreload File /home/karim/.local/lib/python3.10/site-packages/django/middleware/security.py first seen with mtime 1741778994.0510335
DEBUG 2025-04-21 15:56:25,726 autoreload File /home/karim/.local/lib/python3.10/site-packages/django/contrib/auth/migrations/0008_alter_user_username_max_length.py first seen with mtime 1741778993.739033
DEBUG 2025-04-21 15:56:25,726 autoreload File /usr/lib/python3.10/stringprep.py first seen with mtime 1738681056.0
DEBUG 2025-04-21 15:56:25,726 autoreload File /home/karim/.local/lib/python3.10/site-packages/django/contrib/sessions/middleware.py first seen with mtime 1741778993.9400334
DEBUG 2025-04-21 15:56:25,726 autoreload File /home/karim/.local/lib/python3.10/site-packages/django/contrib/auth/migrations/0010_alter_group_name_max_length.py first seen with mtime 1741778993.739033
DEBUG 2025-04-21 15:56:25,727 autoreload File /home/karim/CREM_Webapp/CREM_Webapp/wsgi.py first seen with mtime 1742568234.0074878
DEBUG 2025-04-21 15:56:25,727 autoreload File /home/karim/.local/lib/python3.10/site-packages/django/contrib/admin/migrations/0003_logentry_add_action_flag_choices.py first seen with mtime 1741778993.635033
DEBUG 2025-04-21 15:56:25,727 autoreload File /home/karim/.local/lib/python3.10/site-packages/django/contrib/sessions/migrations/0001_initial.py first seen with mtime 1741778993.9690335
DEBUG 2025-04-21 15:56:25,728 autoreload File /home/karim/.local/lib/python3.10/site-packages/django/db/models/sql/compiler.py first seen with mtime 1741778994.0360334
DEBUG 2025-04-21 15:56:25,728 autoreload File /home/karim/.local/lib/python3.10/site-packages/django/contrib/auth/migrations/0002_alter_permission_name_max_length.py first seen with mtime 1741778993.738033
DEBUG 2025-04-21 15:56:25,728 autoreload File /home/karim/.local/lib/python3.10/site-packages/django/middleware/clickjacking.py first seen with mtime 1741778994.0510335
DEBUG 2025-04-21 15:56:25,728 autoreload File /home/karim/.local/lib/python3.10/site-packages/django/contrib/auth/migrations/0004_alter_user_username_opts.py first seen with mtime 1741778993.739033
DEBUG 2025-04-21 15:56:25,728 autoreload File /home/karim/CREM_Webapp/front_app/migrations/__init__.py first seen with mtime 1742568234.011488
DEBUG 2025-04-21 15:56:25,728 autoreload File /home/karim/.local/lib/python3.10/site-packages/django/contrib/admin/migrations/0001_initial.py first seen with mtime 1741778993.635033
DEBUG 2025-04-21 15:56:25,729 autoreload File /home/karim/.local/lib/python3.10/site-packages/django/contrib/auth/migrations/0003_alter_user_email_max_length.py first seen with mtime 1741778993.738033
DEBUG 2025-04-21 15:56:25,729 autoreload File /home/karim/.local/lib/python3.10/site-packages/django/contrib/sessions/backends/base.py first seen with mtime 1741778993.9400334
DEBUG 2025-04-21 15:56:25,729 autoreload File /home/karim/.local/lib/python3.10/site-packages/django/contrib/auth/migrations/0009_alter_user_last_name_max_length.py first seen with mtime 1741778993.739033
DEBUG 2025-04-21 15:56:25,729 autoreload File /home/karim/.local/lib/python3.10/site-packages/django/contrib/auth/migrations/0007_alter_validators_add_error_messages.py first seen with mtime 1741778993.739033
DEBUG 2025-04-21 15:56:25,729 autoreload File /usr/lib/python3.10/encodings/idna.py first seen with mtime 1738681056.0
DEBUG 2025-04-21 15:56:25,729 autoreload File /home/karim/.local/lib/python3.10/site-packages/django/core/cache/backends/locmem.py first seen with mtime 1741778994.0030334
DEBUG 2025-04-21 15:56:25,730 autoreload File /home/karim/.local/lib/python3.10/site-packages/django/contrib/admin/migrations/__init__.py first seen with mtime 1741778993.6360328
DEBUG 2025-04-21 15:56:25,730 autoreload File /home/karim/.local/lib/python3.10/site-packages/django/contrib/auth/migrations/0012_alter_user_first_name_max_length.py first seen with mtime 1741778993.739033
DEBUG 2025-04-21 15:56:25,730 autoreload File /home/karim/.local/lib/python3.10/site-packages/django/contrib/sessions/backends/__init__.py first seen with mtime 1741778993.9400334
DEBUG 2025-04-21 15:56:25,730 autoreload File /home/karim/.local/lib/python3.10/site-packages/django/contrib/contenttypes/migrations/0001_initial.py first seen with mtime 1741778993.769033
DEBUG 2025-04-21 15:56:25,730 autoreload File /home/karim/.local/lib/python3.10/site-packages/django/contrib/auth/migrations/0001_initial.py first seen with mtime 1741778993.738033
DEBUG 2025-04-21 15:56:25,730 autoreload File /home/karim/.local/lib/python3.10/site-packages/django/contrib/auth/migrations/0005_alter_user_last_login_null.py first seen with mtime 1741778993.739033
DEBUG 2025-04-21 15:56:25,731 autoreload File /home/karim/.local/lib/python3.10/site-packages/django/contrib/sessions/migrations/__init__.py first seen with mtime 1741778993.9690335
DEBUG 2025-04-21 15:56:25,731 autoreload File /home/karim/.local/lib/python3.10/site-packages/django/db/migrations/recorder.py first seen with mtime 1741778994.0270336
DEBUG 2025-04-21 15:56:25,731 autoreload File /home/karim/.local/lib/python3.10/site-packages/django/contrib/auth/migrations/0006_require_contenttypes_0002.py first seen with mtime 1741778993.739033
DEBUG 2025-04-21 15:56:25,731 autoreload File /home/karim/.local/lib/python3.10/site-packages/django/contrib/auth/migrations/0011_update_proxy_permissions.py first seen with mtime 1741778993.739033
DEBUG 2025-04-21 15:56:25,731 autoreload File /home/karim/.local/lib/python3.10/site-packages/django/contrib/contenttypes/migrations/__init__.py first seen with mtime 1741778993.769033
DEBUG 2025-04-21 15:56:25,731 autoreload File /home/karim/.local/lib/python3.10/site-packages/django/contrib/messages/middleware.py first seen with mtime 1741778993.8800333
DEBUG 2025-04-21 15:56:25,731 autoreload File /home/karim/.local/lib/python3.10/site-packages/django/contrib/auth/migrations/__init__.py first seen with mtime 1741778993.740033
DEBUG 2025-04-21 15:56:30,462 base Exception while resolving variable 'status' in template 'Contact_EN.html'.
Traceback (most recent call last):
  File "/home/karim/.local/lib/python3.10/site-packages/django/utils/datastructures.py", line 84, in __getitem__
    list_ = super().__getitem__(key)
KeyError: 'status'

During handling of the above exception, another exception occurred:

Traceback (most recent call last):
  File "/home/karim/.local/lib/python3.10/site-packages/django/template/base.py", line 875, in _resolve_lookup
    current = current[bit]
  File "/home/karim/.local/lib/python3.10/site-packages/django/utils/datastructures.py", line 86, in __getitem__
    raise MultiValueDictKeyError(key)
django.utils.datastructures.MultiValueDictKeyError: 'status'

During handling of the above exception, another exception occurred:

Traceback (most recent call last):
  File "/home/karim/.local/lib/python3.10/site-packages/django/template/base.py", line 885, in _resolve_lookup
    current = getattr(current, bit)
AttributeError: 'QueryDict' object has no attribute 'status'

During handling of the above exception, another exception occurred:

Traceback (most recent call last):
  File "/home/karim/.local/lib/python3.10/site-packages/django/template/base.py", line 891, in _resolve_lookup
    current = current[int(bit)]
ValueError: invalid literal for int() with base 10: 'status'

During handling of the above exception, another exception occurred:

Traceback (most recent call last):
  File "/home/karim/.local/lib/python3.10/site-packages/django/template/base.py", line 898, in _resolve_lookup
    raise VariableDoesNotExist(
django.template.base.VariableDoesNotExist: Failed lookup for key [status] in <QueryDict: {}>
DEBUG 2025-04-21 15:56:30,463 base Exception while resolving variable 'status' in template 'Contact_EN.html'.
Traceback (most recent call last):
  File "/home/karim/.local/lib/python3.10/site-packages/django/utils/datastructures.py", line 84, in __getitem__
    list_ = super().__getitem__(key)
KeyError: 'status'

During handling of the above exception, another exception occurred:

Traceback (most recent call last):
  File "/home/karim/.local/lib/python3.10/site-packages/django/template/base.py", line 875, in _resolve_lookup
    current = current[bit]
  File "/home/karim/.local/lib/python3.10/site-packages/django/utils/datastructures.py", line 86, in __getitem__
    raise MultiValueDictKeyError(key)
django.utils.datastructures.MultiValueDictKeyError: 'status'

During handling of the above exception, another exception occurred:

Traceback (most recent call last):
  File "/home/karim/.local/lib/python3.10/site-packages/django/template/base.py", line 885, in _resolve_lookup
    current = getattr(current, bit)
AttributeError: 'QueryDict' object has no attribute 'status'

During handling of the above exception, another exception occurred:

Traceback (most recent call last):
  File "/home/karim/.local/lib/python3.10/site-packages/django/template/base.py", line 891, in _resolve_lookup
    current = current[int(bit)]
ValueError: invalid literal for int() with base 10: 'status'

During handling of the above exception, another exception occurred:

Traceback (most recent call last):
  File "/home/karim/.local/lib/python3.10/site-packages/django/template/base.py", line 898, in _resolve_lookup
    raise VariableDoesNotExist(
django.template.base.VariableDoesNotExist: Failed lookup for key [status] in <QueryDict: {}>
INFO 2025-04-21 15:56:30,466 basehttp "POST /contact/ HTTP/1.1" 200 18130
INFO 2025-04-21 15:56:30,534 basehttp "GET /static/css/flexslider.css HTTP/1.1" 304 0
INFO 2025-04-21 15:56:30,559 basehttp "GET /static/js/contact-form-validation.js HTTP/1.1" 304 0
DEBUG 2025-04-21 15:56:30,843 autoreload File /home/karim/.local/lib/python3.10/site-packages/django/contrib/sessions/serializers.py first seen with mtime 1741778993.9400334
DEBUG 2025-04-21 15:56:30,844 autoreload File /home/karim/.local/lib/python3.10/site-packages/django/contrib/messages/storage/fallback.py first seen with mtime 1741778993.8800333
DEBUG 2025-04-21 15:56:30,845 autoreload File /home/karim/.local/lib/python3.10/site-packages/django/contrib/messages/storage/session.py first seen with mtime 1741778993.8810332
DEBUG 2025-04-21 15:56:30,846 autoreload File /home/karim/.local/lib/python3.10/site-packages/django/contrib/messages/storage/cookie.py first seen with mtime 1741778993.8800333
DEBUG 2025-04-21 15:56:30,846 autoreload File /home/karim/.local/lib/python3.10/site-packages/django/contrib/messages/context_processors.py first seen with mtime 1741778993.8790333
DEBUG 2025-04-21 15:56:30,847 autoreload File /home/karim/.local/lib/python3.10/site-packages/django/template/context_processors.py first seen with mtime 1741778994.0520334
DEBUG 2025-04-21 15:56:30,847 autoreload File /home/karim/.local/lib/python3.10/site-packages/django/contrib/auth/context_processors.py first seen with mtime 1741778993.7010329
DEBUG 2025-04-21 15:56:39,472 base Exception while resolving variable 'status' in template 'Contact_EN.html'.
Traceback (most recent call last):
  File "/home/karim/.local/lib/python3.10/site-packages/django/utils/datastructures.py", line 84, in __getitem__
    list_ = super().__getitem__(key)
KeyError: 'status'

During handling of the above exception, another exception occurred:

Traceback (most recent call last):
  File "/home/karim/.local/lib/python3.10/site-packages/django/template/base.py", line 875, in _resolve_lookup
    current = current[bit]
  File "/home/karim/.local/lib/python3.10/site-packages/django/utils/datastructures.py", line 86, in __getitem__
    raise MultiValueDictKeyError(key)
django.utils.datastructures.MultiValueDictKeyError: 'status'

During handling of the above exception, another exception occurred:

Traceback (most recent call last):
  File "/home/karim/.local/lib/python3.10/site-packages/django/template/base.py", line 885, in _resolve_lookup
    current = getattr(current, bit)
AttributeError: 'QueryDict' object has no attribute 'status'

During handling of the above exception, another exception occurred:

Traceback (most recent call last):
  File "/home/karim/.local/lib/python3.10/site-packages/django/template/base.py", line 891, in _resolve_lookup
    current = current[int(bit)]
ValueError: invalid literal for int() with base 10: 'status'

During handling of the above exception, another exception occurred:

Traceback (most recent call last):
  File "/home/karim/.local/lib/python3.10/site-packages/django/template/base.py", line 898, in _resolve_lookup
    raise VariableDoesNotExist(
django.template.base.VariableDoesNotExist: Failed lookup for key [status] in <QueryDict: {}>
DEBUG 2025-04-21 15:56:39,473 base Exception while resolving variable 'status' in template 'Contact_EN.html'.
Traceback (most recent call last):
  File "/home/karim/.local/lib/python3.10/site-packages/django/utils/datastructures.py", line 84, in __getitem__
    list_ = super().__getitem__(key)
KeyError: 'status'

During handling of the above exception, another exception occurred:

Traceback (most recent call last):
  File "/home/karim/.local/lib/python3.10/site-packages/django/template/base.py", line 875, in _resolve_lookup
    current = current[bit]
  File "/home/karim/.local/lib/python3.10/site-packages/django/utils/datastructures.py", line 86, in __getitem__
    raise MultiValueDictKeyError(key)
django.utils.datastructures.MultiValueDictKeyError: 'status'

During handling of the above exception, another exception occurred:

Traceback (most recent call last):
  File "/home/karim/.local/lib/python3.10/site-packages/django/template/base.py", line 885, in _resolve_lookup
    current = getattr(current, bit)
AttributeError: 'QueryDict' object has no attribute 'status'

During handling of the above exception, another exception occurred:

Traceback (most recent call last):
  File "/home/karim/.local/lib/python3.10/site-packages/django/template/base.py", line 891, in _resolve_lookup
    current = current[int(bit)]
ValueError: invalid literal for int() with base 10: 'status'

During handling of the above exception, another exception occurred:

Traceback (most recent call last):
  File "/home/karim/.local/lib/python3.10/site-packages/django/template/base.py", line 898, in _resolve_lookup
    raise VariableDoesNotExist(
django.template.base.VariableDoesNotExist: Failed lookup for key [status] in <QueryDict: {}>
INFO 2025-04-21 15:56:39,475 basehttp "POST /contact/ HTTP/1.1" 200 18130
INFO 2025-04-21 17:15:27,045 autoreload Watching for file changes with StatReloader
DEBUG 2025-04-21 17:15:27,046 autoreload Waiting for apps ready_event.
DEBUG 2025-04-21 17:15:27,054 autoreload Apps ready_event triggered. Sending autoreload_started signal.
DEBUG 2025-04-21 17:15:27,071 autoreload Watching dir /home/karim/CREM_Webapp/templates with glob **/*.
DEBUG 2025-04-21 17:15:27,072 autoreload Watching dir /home/karim/CREM_Webapp/locale with glob **/*.mo.
DEBUG 2025-04-21 17:15:27,072 autoreload Watching dir /home/karim/CREM_Webapp/contact/locale with glob **/*.mo.
DEBUG 2025-04-21 17:15:27,072 autoreload Watching dir /home/karim/CREM_Webapp/front_app/locale with glob **/*.mo.
DEBUG 2025-04-21 17:15:27,072 autoreload Watching dir /home/karim/CREM_Webapp/instrumentation/locale with glob **/*.mo.
DEBUG 2025-04-21 17:15:27,105 utils (0.000) 
            SELECT name, type FROM sqlite_master
            WHERE type in ('table', 'view') AND NOT name='sqlite_sequence'
            ORDER BY name; args=None; alias=default
DEBUG 2025-04-21 17:15:27,107 utils (0.000) SELECT "django_migrations"."id", "django_migrations"."app", "django_migrations"."name", "django_migrations"."applied" FROM "django_migrations"; args=(); alias=default
DEBUG 2025-04-21 17:15:27,139 autoreload File /home/karim/.local/lib/python3.10/site-packages/django/conf/urls/static.py first seen with mtime 1741778993.5580328
DEBUG 2025-04-21 17:15:27,139 autoreload File /home/karim/.local/lib/python3.10/site-packages/sqlparse/keywords.py first seen with mtime 1724687074.3767824
DEBUG 2025-04-21 17:15:27,139 autoreload File /usr/lib/python3.10/asyncio/locks.py first seen with mtime 1738681056.0
DEBUG 2025-04-21 17:15:27,139 autoreload File /home/karim/.local/lib/python3.10/site-packages/django/template/loader.py first seen with mtime 1741778994.0530336
DEBUG 2025-04-21 17:15:27,139 autoreload File /usr/lib/python3.10/quopri.py first seen with mtime 1738681056.0
DEBUG 2025-04-21 17:15:27,140 autoreload File /home/karim/.local/lib/python3.10/site-packages/django/core/files/storage/__init__.py first seen with mtime 1741778994.0070333
DEBUG 2025-04-21 17:15:27,140 autoreload File /usr/lib/python3.10/html/__init__.py first seen with mtime 1738681056.0
DEBUG 2025-04-21 17:15:27,140 autoreload File /home/karim/.local/lib/python3.10/site-packages/django/contrib/sites/shortcuts.py first seen with mtime 1741778993.9710333
DEBUG 2025-04-21 17:15:27,140 autoreload File /home/karim/.local/lib/python3.10/site-packages/django/contrib/staticfiles/checks.py first seen with mtime 1741778993.9990335
DEBUG 2025-04-21 17:15:27,140 autoreload File /home/karim/.local/lib/python3.10/site-packages/django/db/models/indexes.py first seen with mtime 1741778994.0300336
DEBUG 2025-04-21 17:15:27,140 autoreload File /home/karim/CREM_Webapp/front_app/models.py first seen with mtime 1742568234.011488
DEBUG 2025-04-21 17:15:27,140 autoreload File /home/karim/.local/lib/python3.10/site-packages/django/contrib/messages/apps.py first seen with mtime 1741778993.8790333
DEBUG 2025-04-21 17:15:27,140 autoreload File /usr/lib/python3.10/datetime.py first seen with mtime 1738681056.0
DEBUG 2025-04-21 17:15:27,140 autoreload File /home/karim/.local/lib/python3.10/site-packages/django/db/models/fields/__init__.py first seen with mtime 1741778994.0320334
DEBUG 2025-04-21 17:15:27,140 autoreload File /home/karim/.local/lib/python3.10/site-packages/django/views/decorators/common.py first seen with mtime 1741778994.0670335
DEBUG 2025-04-21 17:15:27,140 autoreload File /home/karim/.local/lib/python3.10/site-packages/django/core/paginator.py first seen with mtime 1741778994.0020335
DEBUG 2025-04-21 17:15:27,140 autoreload File /home/karim/.local/lib/python3.10/site-packages/django/contrib/admin/views/main.py first seen with mtime 1741778993.6650329
DEBUG 2025-04-21 17:15:27,140 autoreload File /home/karim/.local/lib/python3.10/site-packages/django/utils/hashable.py first seen with mtime 1741778994.0620337
DEBUG 2025-04-21 17:15:27,140 autoreload File /home/karim/.local/lib/python3.10/site-packages/django/templatetags/l10n.py first seen with mtime 1741778994.0560336
DEBUG 2025-04-21 17:15:27,140 autoreload File /home/karim/.local/lib/python3.10/site-packages/django/contrib/staticfiles/utils.py first seen with mtime 1741778994.0000334
DEBUG 2025-04-21 17:15:27,140 autoreload File /home/karim/.local/lib/python3.10/site-packages/django/core/files/images.py first seen with mtime 1741778994.0060334
DEBUG 2025-04-21 17:15:27,140 autoreload File /home/karim/CREM_Webapp/front_app/admin.py first seen with mtime 1742568234.011488
DEBUG 2025-04-21 17:15:27,140 autoreload File /usr/lib/python3.10/asyncio/protocols.py first seen with mtime 1738681056.0
DEBUG 2025-04-21 17:15:27,140 autoreload File /home/karim/.local/lib/python3.10/site-packages/django/utils/translation/__init__.py first seen with mtime 1741778994.0650334
DEBUG 2025-04-21 17:15:27,140 autoreload File /home/karim/CREM_Webapp/CREM_Webapp/settings.py first seen with mtime 1745234251.9341745
DEBUG 2025-04-21 17:15:27,140 autoreload File /usr/lib/python3.10/email/message.py first seen with mtime 1738681056.0
DEBUG 2025-04-21 17:15:27,140 autoreload File /usr/lib/python3.10/email/_header_value_parser.py first seen with mtime 1738681056.0
DEBUG 2025-04-21 17:15:27,140 autoreload File /home/karim/.local/lib/python3.10/site-packages/django/core/checks/registry.py first seen with mtime 1741778994.0050335
DEBUG 2025-04-21 17:15:27,140 autoreload File /usr/lib/python3.10/_weakrefset.py first seen with mtime 1738681056.0
DEBUG 2025-04-21 17:15:27,140 autoreload File /home/karim/.local/lib/python3.10/site-packages/django/utils/_os.py first seen with mtime 1741778994.0590336
DEBUG 2025-04-21 17:15:27,140 autoreload File /home/karim/.local/lib/python3.10/site-packages/django/core/files/storage/handler.py first seen with mtime 1741778994.0070333
DEBUG 2025-04-21 17:15:27,140 autoreload File /usr/lib/python3.10/multiprocessing/reduction.py first seen with mtime 1738681056.0
DEBUG 2025-04-21 17:15:27,141 autoreload File /usr/lib/python3/dist-packages/colorama/winterm.py first seen with mtime 1602564393.0
DEBUG 2025-04-21 17:15:27,141 autoreload File /home/karim/.local/lib/python3.10/site-packages/django/contrib/messages/constants.py first seen with mtime 1741778993.8790333
DEBUG 2025-04-21 17:15:27,141 autoreload File /usr/lib/python3.10/asyncio/subprocess.py first seen with mtime 1738681056.0
DEBUG 2025-04-21 17:15:27,141 autoreload File /usr/lib/python3.10/email/iterators.py first seen with mtime 1738681056.0
DEBUG 2025-04-21 17:15:27,141 autoreload File /usr/lib/python3.10/asyncio/format_helpers.py first seen with mtime 1738681056.0
DEBUG 2025-04-21 17:15:27,141 autoreload File /home/karim/.local/lib/python3.10/site-packages/django/template/loader_tags.py first seen with mtime 1741778994.0530336
DEBUG 2025-04-21 17:15:27,141 autoreload File /home/karim/.local/lib/python3.10/site-packages/django/template/smartif.py first seen with mtime 1741778994.0540335
DEBUG 2025-04-21 17:15:27,141 autoreload File /home/karim/.local/lib/python3.10/site-packages/django/middleware/__init__.py first seen with mtime 1741778994.0500336
DEBUG 2025-04-21 17:15:27,141 autoreload File /home/karim/.local/lib/python3.10/site-packages/django/db/backends/signals.py first seen with mtime 1741778994.0170336
DEBUG 2025-04-21 17:15:27,141 autoreload File /home/karim/.local/lib/python3.10/site-packages/sqlparse/exceptions.py first seen with mtime 1724687074.3767824
DEBUG 2025-04-21 17:15:27,141 autoreload File /home/karim/.local/lib/python3.10/site-packages/django/contrib/admin/models.py first seen with mtime 1741778993.5600326
DEBUG 2025-04-21 17:15:27,141 autoreload File /usr/lib/python3.10/zoneinfo/__init__.py first seen with mtime 1738681056.0
DEBUG 2025-04-21 17:15:27,141 autoreload File /usr/lib/python3.10/numbers.py first seen with mtime 1738681056.0
DEBUG 2025-04-21 17:15:27,141 autoreload File /home/karim/.local/lib/python3.10/site-packages/django/db/backends/base/features.py first seen with mtime 1741778994.0180335
DEBUG 2025-04-21 17:15:27,141 autoreload File /home/karim/.local/lib/python3.10/site-packages/django/db/models/expressions.py first seen with mtime 1741778994.0300336
DEBUG 2025-04-21 17:15:27,141 autoreload File /usr/lib/python3.10/zoneinfo/_common.py first seen with mtime 1738681056.0
DEBUG 2025-04-21 17:15:27,141 autoreload File /home/karim/.local/lib/python3.10/site-packages/django/contrib/auth/checks.py first seen with mtime 1741778993.700033
DEBUG 2025-04-21 17:15:27,141 autoreload File /home/karim/.local/lib/python3.10/site-packages/django/core/wsgi.py first seen with mtime 1741778994.0020335
DEBUG 2025-04-21 17:15:27,141 autoreload File /usr/lib/python3.10/copy.py first seen with mtime 1738681056.0
DEBUG 2025-04-21 17:15:27,141 autoreload File /home/karim/.local/lib/python3.10/site-packages/django/core/management/__init__.py first seen with mtime 1741778994.0100334
DEBUG 2025-04-21 17:15:27,141 autoreload File /home/karim/.local/lib/python3.10/site-packages/django/urls/converters.py first seen with mtime 1741778994.0580335
DEBUG 2025-04-21 17:15:27,141 autoreload File /usr/lib/python3.10/json/__init__.py first seen with mtime 1738681056.0
DEBUG 2025-04-21 17:15:27,141 autoreload File /home/karim/.local/lib/python3.10/site-packages/django/db/models/sql/subqueries.py first seen with mtime 1741778994.0370336
DEBUG 2025-04-21 17:15:27,141 autoreload File /home/karim/.local/lib/python3.10/site-packages/django/core/handlers/base.py first seen with mtime 1741778994.0080335
DEBUG 2025-04-21 17:15:27,141 autoreload File /home/karim/.local/lib/python3.10/site-packages/django/contrib/contenttypes/models.py first seen with mtime 1741778993.741033
DEBUG 2025-04-21 17:15:27,141 autoreload File /usr/lib/python3.10/lib-dynload/termios.cpython-310-x86_64-linux-gnu.so first seen with mtime 1738681056.0
DEBUG 2025-04-21 17:15:27,141 autoreload File /usr/lib/python3.10/re.py first seen with mtime 1738681056.0
DEBUG 2025-04-21 17:15:27,141 autoreload File /usr/lib/python3.10/asyncio/futures.py first seen with mtime 1738681056.0
DEBUG 2025-04-21 17:15:27,142 autoreload File /home/karim/.local/lib/python3.10/site-packages/django/db/models/fields/reverse_related.py first seen with mtime 1741778994.0340335
DEBUG 2025-04-21 17:15:27,142 autoreload File /usr/lib/python3.10/bisect.py first seen with mtime 1738681056.0
DEBUG 2025-04-21 17:15:27,142 autoreload File /usr/lib/python3.10/keyword.py first seen with mtime 1738681056.0
DEBUG 2025-04-21 17:15:27,142 autoreload File /home/karim/.local/lib/python3.10/site-packages/django/contrib/contenttypes/admin.py first seen with mtime 1741778993.740033
DEBUG 2025-04-21 17:15:27,142 autoreload File /home/karim/.local/lib/python3.10/site-packages/django/core/serializers/base.py first seen with mtime 1741778994.0150335
DEBUG 2025-04-21 17:15:27,142 autoreload File /usr/lib/python3.10/statistics.py first seen with mtime 1738681056.0
DEBUG 2025-04-21 17:15:27,142 autoreload File /usr/lib/python3/dist-packages/colorama/ansi.py first seen with mtime 1602564393.0
DEBUG 2025-04-21 17:15:27,142 autoreload File /home/karim/.local/lib/python3.10/site-packages/django/forms/formsets.py first seen with mtime 1741778994.0380335
DEBUG 2025-04-21 17:15:27,142 autoreload File /usr/lib/python3.10/ast.py first seen with mtime 1738681056.0
DEBUG 2025-04-21 17:15:27,142 autoreload File /home/karim/.local/lib/python3.10/site-packages/django/utils/deprecation.py first seen with mtime 1741778994.0610335
DEBUG 2025-04-21 17:15:27,142 autoreload File /home/karim/CREM_Webapp/front_app/__init__.py first seen with mtime 1742568234.011488
DEBUG 2025-04-21 17:15:27,142 autoreload File /home/karim/.local/lib/python3.10/site-packages/django/core/files/uploadedfile.py first seen with mtime 1741778994.0070333
DEBUG 2025-04-21 17:15:27,142 autoreload File /usr/lib/python3.10/uu.py first seen with mtime 1738681056.0
DEBUG 2025-04-21 17:15:27,142 autoreload File /home/karim/.local/lib/python3.10/site-packages/django/db/backends/__init__.py first seen with mtime 1741778994.0160334
DEBUG 2025-04-21 17:15:27,142 autoreload File /usr/lib/python3.10/base64.py first seen with mtime 1738681056.0
DEBUG 2025-04-21 17:15:27,142 autoreload File /usr/lib/python3.10/json/decoder.py first seen with mtime 1738681056.0
DEBUG 2025-04-21 17:15:27,142 autoreload File /home/karim/.local/lib/python3.10/site-packages/django/db/models/fields/generated.py first seen with mtime 1741778994.0330334
DEBUG 2025-04-21 17:15:27,142 autoreload File /home/karim/.local/lib/python3.10/site-packages/django/db/models/functions/comparison.py first seen with mtime 1741778994.0340335
DEBUG 2025-04-21 17:15:27,142 autoreload File /usr/lib/python3.10/urllib/__init__.py first seen with mtime 1738681056.0
DEBUG 2025-04-21 17:15:27,142 autoreload File /home/karim/.local/lib/python3.10/site-packages/django/core/serializers/json.py first seen with mtime 1741778994.0150335
DEBUG 2025-04-21 17:15:27,142 autoreload File /home/karim/.local/lib/python3.10/site-packages/django/core/checks/urls.py first seen with mtime 1741778994.0050335
DEBUG 2025-04-21 17:15:27,142 autoreload File /home/karim/.local/lib/python3.10/site-packages/django/forms/utils.py first seen with mtime 1741778994.0390334
DEBUG 2025-04-21 17:15:27,142 autoreload File /usr/lib/python3.10/posixpath.py first seen with mtime 1738681056.0
DEBUG 2025-04-21 17:15:27,142 autoreload File /usr/lib/python3.10/pkgutil.py first seen with mtime 1738681056.0
DEBUG 2025-04-21 17:15:27,142 autoreload File /home/karim/CREM_Webapp/CREM_Webapp/urls.py first seen with mtime 1742568234.0074878
DEBUG 2025-04-21 17:15:27,142 autoreload File /home/karim/.local/lib/python3.10/site-packages/django/contrib/__init__.py first seen with mtime 1741778993.5580328
DEBUG 2025-04-21 17:15:27,142 autoreload File /home/karim/.local/lib/python3.10/site-packages/django/utils/cache.py first seen with mtime 1741778994.0600336
DEBUG 2025-04-21 17:15:27,142 autoreload File /home/karim/.local/lib/python3.10/site-packages/django/core/cache/backends/filebased.py first seen with mtime 1741778994.0030334
DEBUG 2025-04-21 17:15:27,142 autoreload File /home/karim/.local/lib/python3.10/site-packages/django/utils/dates.py first seen with mtime 1741778994.0610335
DEBUG 2025-04-21 17:15:27,143 autoreload File /usr/lib/python3.10/email/mime/__init__.py first seen with mtime 1738681056.0
DEBUG 2025-04-21 17:15:27,143 autoreload File /usr/lib/python3.10/uuid.py first seen with mtime 1738681056.0
DEBUG 2025-04-21 17:15:27,143 autoreload File /home/karim/.local/lib/python3.10/site-packages/django/contrib/staticfiles/management/__init__.py first seen with mtime 1741778994.0000334
DEBUG 2025-04-21 17:15:27,143 autoreload File /home/karim/.local/lib/python3.10/site-packages/django/contrib/auth/models.py first seen with mtime 1741778993.702033
DEBUG 2025-04-21 17:15:27,143 autoreload File /home/karim/.local/lib/python3.10/site-packages/django/utils/module_loading.py first seen with mtime 1741778994.0630336
DEBUG 2025-04-21 17:15:27,143 autoreload File /usr/lib/python3.10/urllib/parse.py first seen with mtime 1738681056.0
DEBUG 2025-04-21 17:15:27,143 autoreload File /home/karim/.local/lib/python3.10/site-packages/django/db/backends/ddl_references.py first seen with mtime 1741778994.0170336
DEBUG 2025-04-21 17:15:27,143 autoreload File /home/karim/.local/lib/python3.10/site-packages/django/utils/translation/reloader.py first seen with mtime 1741778994.0650334
DEBUG 2025-04-21 17:15:27,143 autoreload File /usr/lib/python3.10/email/policy.py first seen with mtime 1738681056.0
DEBUG 2025-04-21 17:15:27,143 autoreload File /usr/lib/python3.10/token.py first seen with mtime 1738681056.0
DEBUG 2025-04-21 17:15:27,143 autoreload File /home/karim/.local/lib/python3.10/site-packages/django/utils/datastructures.py first seen with mtime 1741778994.0600336
DEBUG 2025-04-21 17:15:27,143 autoreload File /usr/lib/python3.10/asyncio/base_subprocess.py first seen with mtime 1738681056.0
DEBUG 2025-04-21 17:15:27,143 autoreload File /usr/lib/python3.10/email/parser.py first seen with mtime 1738681056.0
DEBUG 2025-04-21 17:15:27,143 autoreload File /usr/lib/python3.10/email/quoprimime.py first seen with mtime 1738681056.0
DEBUG 2025-04-21 17:15:27,143 autoreload File /usr/lib/python3/dist-packages/PIL/TiffTags.py first seen with mtime 1643848538.0
DEBUG 2025-04-21 17:15:27,143 autoreload File /usr/lib/python3.10/lib-dynload/_uuid.cpython-310-x86_64-linux-gnu.so first seen with mtime 1738681056.0
DEBUG 2025-04-21 17:15:27,143 autoreload File /usr/lib/python3.10/bz2.py first seen with mtime 1738681056.0
DEBUG 2025-04-21 17:15:27,143 autoreload File /home/karim/.local/lib/python3.10/site-packages/django/db/backends/sqlite3/__init__.py first seen with mtime 1741778994.0240335
DEBUG 2025-04-21 17:15:27,143 autoreload File /home/karim/.local/lib/python3.10/site-packages/django/contrib/admin/__init__.py first seen with mtime 1741778993.5580328
DEBUG 2025-04-21 17:15:27,143 autoreload File /home/karim/.local/lib/python3.10/site-packages/django/template/defaulttags.py first seen with mtime 1741778994.0530336
DEBUG 2025-04-21 17:15:27,143 autoreload File /home/karim/.local/lib/python3.10/site-packages/sqlparse/sql.py first seen with mtime 1724687074.3807824
DEBUG 2025-04-21 17:15:27,143 autoreload File /usr/lib/python3.10/concurrent/futures/thread.py first seen with mtime 1738681056.0
DEBUG 2025-04-21 17:15:27,143 autoreload File /home/karim/.local/lib/python3.10/site-packages/sqlparse/filters/others.py first seen with mtime 1724687074.3807824
DEBUG 2025-04-21 17:15:27,143 autoreload File /home/karim/.local/lib/python3.10/site-packages/django/template/base.py first seen with mtime 1741778994.0520334
DEBUG 2025-04-21 17:15:27,143 autoreload File /usr/lib/python3.10/wsgiref/handlers.py first seen with mtime 1738681056.0
DEBUG 2025-04-21 17:15:27,143 autoreload File /home/karim/.local/lib/python3.10/site-packages/django/template/exceptions.py first seen with mtime 1741778994.0530336
DEBUG 2025-04-21 17:15:27,143 autoreload File /home/karim/.local/lib/python3.10/site-packages/django/utils/connection.py first seen with mtime 1741778994.0600336
DEBUG 2025-04-21 17:15:27,143 autoreload File /home/karim/.local/lib/python3.10/site-packages/django/core/checks/files.py first seen with mtime 1741778994.0040333
DEBUG 2025-04-21 17:15:27,143 autoreload File /home/karim/.local/lib/python3.10/site-packages/django/db/models/sql/__init__.py first seen with mtime 1741778994.0350335
DEBUG 2025-04-21 17:15:27,143 autoreload File /home/karim/.local/lib/python3.10/site-packages/asgiref/__init__.py first seen with mtime 1724687074.4167829
DEBUG 2025-04-21 17:15:27,144 autoreload File /home/karim/.local/lib/python3.10/site-packages/django/contrib/contenttypes/fields.py first seen with mtime 1741778993.741033
DEBUG 2025-04-21 17:15:27,144 autoreload File /usr/lib/python3.10/logging/handlers.py first seen with mtime 1738681056.0
DEBUG 2025-04-21 17:15:27,144 autoreload File /usr/lib/python3.10/collections/abc.py first seen with mtime 1738681056.0
DEBUG 2025-04-21 17:15:27,144 autoreload File /usr/lib/python3/dist-packages/PIL/__init__.py first seen with mtime 1643848538.0
DEBUG 2025-04-21 17:15:27,144 autoreload File /home/karim/.local/lib/python3.10/site-packages/django/core/signals.py first seen with mtime 1741778994.0020335
DEBUG 2025-04-21 17:15:27,144 autoreload File /home/karim/.local/lib/python3.10/site-packages/django/db/models/manager.py first seen with mtime 1741778994.0310335
DEBUG 2025-04-21 17:15:27,144 autoreload File /usr/lib/python3.10/asyncio/base_events.py first seen with mtime 1738681056.0
DEBUG 2025-04-21 17:15:27,144 autoreload File /home/karim/.local/lib/python3.10/site-packages/django/conf/urls/__init__.py first seen with mtime 1741778993.5580328
DEBUG 2025-04-21 17:15:27,144 autoreload File /home/karim/.local/lib/python3.10/site-packages/django/db/backends/base/__init__.py first seen with mtime 1741778994.0170336
DEBUG 2025-04-21 17:15:27,144 autoreload File /usr/lib/python3.10/multiprocessing/process.py first seen with mtime 1738681056.0
DEBUG 2025-04-21 17:15:27,144 autoreload File /home/karim/.local/lib/python3.10/site-packages/sqlparse/tokens.py first seen with mtime 1724687074.3807824
DEBUG 2025-04-21 17:15:27,144 autoreload File /usr/lib/python3.10/http/__init__.py first seen with mtime 1738681056.0
DEBUG 2025-04-21 17:15:27,144 autoreload File /usr/lib/python3.10/asyncio/runners.py first seen with mtime 1738681056.0
DEBUG 2025-04-21 17:15:27,144 autoreload File /usr/lib/python3.10/lib-dynload/_ctypes.cpython-310-x86_64-linux-gnu.so first seen with mtime 1738681056.0
DEBUG 2025-04-21 17:15:27,144 autoreload File /home/karim/.local/lib/python3.10/site-packages/django/template/response.py first seen with mtime 1741778994.0540335
DEBUG 2025-04-21 17:15:27,144 autoreload File /home/karim/.local/lib/python3.10/site-packages/sqlparse/lexer.py first seen with mtime 1724687074.3807824
DEBUG 2025-04-21 17:15:27,144 autoreload File /home/karim/.local/lib/python3.10/site-packages/django/contrib/auth/signals.py first seen with mtime 1741778993.702033
DEBUG 2025-04-21 17:15:27,144 autoreload File /home/karim/.local/lib/python3.10/site-packages/django/templatetags/static.py first seen with mtime 1741778994.0560336
DEBUG 2025-04-21 17:15:27,144 autoreload File /home/karim/.local/lib/python3.10/site-packages/django/contrib/contenttypes/__init__.py first seen with mtime 1741778993.740033
DEBUG 2025-04-21 17:15:27,144 autoreload File /home/karim/.local/lib/python3.10/site-packages/django/db/migrations/operations/base.py first seen with mtime 1741778994.0280335
DEBUG 2025-04-21 17:15:27,144 autoreload File /usr/lib/python3.10/gettext.py first seen with mtime 1738681056.0
DEBUG 2025-04-21 17:15:27,144 autoreload File /home/karim/.local/lib/python3.10/site-packages/django/core/checks/model_checks.py first seen with mtime 1741778994.0040333
DEBUG 2025-04-21 17:15:27,144 autoreload File /usr/lib/python3.10/threading.py first seen with mtime 1738681056.0
DEBUG 2025-04-21 17:15:27,144 autoreload File /usr/lib/python3.10/lib-dynload/_json.cpython-310-x86_64-linux-gnu.so first seen with mtime 1738681056.0
DEBUG 2025-04-21 17:15:27,144 autoreload File /usr/lib/python3.10/contextlib.py first seen with mtime 1738681056.0
DEBUG 2025-04-21 17:15:27,144 autoreload File /usr/lib/python3.10/sre_parse.py first seen with mtime 1738681056.0
DEBUG 2025-04-21 17:15:27,144 autoreload File /usr/lib/python3.10/email/_encoded_words.py first seen with mtime 1738681056.0
DEBUG 2025-04-21 17:15:27,144 autoreload File /home/karim/.local/lib/python3.10/site-packages/django/db/models/functions/text.py first seen with mtime 1741778994.0350335
DEBUG 2025-04-21 17:15:27,144 autoreload File /home/karim/.local/lib/python3.10/site-packages/django/db/models/fields/files.py first seen with mtime 1741778994.0330334
DEBUG 2025-04-21 17:15:27,144 autoreload File /usr/lib/python3.10/asyncio/staggered.py first seen with mtime 1738681056.0
DEBUG 2025-04-21 17:15:27,144 autoreload File /home/karim/.local/lib/python3.10/site-packages/django/db/backends/sqlite3/schema.py first seen with mtime 1741778994.0250335
DEBUG 2025-04-21 17:15:27,145 autoreload File /usr/lib/python3.10/signal.py first seen with mtime 1738681056.0
DEBUG 2025-04-21 17:15:27,145 autoreload File /home/karim/.local/lib/python3.10/site-packages/sqlparse/engine/filter_stack.py first seen with mtime 1724687074.3807824
DEBUG 2025-04-21 17:15:27,145 autoreload File /usr/lib/python3.10/email/header.py first seen with mtime 1738681056.0
DEBUG 2025-04-21 17:15:27,145 autoreload File /home/karim/.local/lib/python3.10/site-packages/django/conf/global_settings.py first seen with mtime 1741778993.4790325
DEBUG 2025-04-21 17:15:27,145 autoreload File /home/karim/.local/lib/python3.10/site-packages/django/views/static.py first seen with mtime 1741778994.0660336
DEBUG 2025-04-21 17:15:27,145 autoreload File /usr/lib/python3.10/random.py first seen with mtime 1738681056.0
DEBUG 2025-04-21 17:15:27,145 autoreload File /home/karim/.local/lib/python3.10/site-packages/django/db/migrations/__init__.py first seen with mtime 1741778994.0250335
DEBUG 2025-04-21 17:15:27,145 autoreload File /usr/lib/python3.10/asyncio/queues.py first seen with mtime 1738681056.0
DEBUG 2025-04-21 17:15:27,145 autoreload File /home/karim/.local/lib/python3.10/site-packages/django/contrib/admin/options.py first seen with mtime 1741778993.5600326
DEBUG 2025-04-21 17:15:27,145 autoreload File /home/karim/.local/lib/python3.10/site-packages/django/contrib/auth/forms.py first seen with mtime 1741778993.7010329
DEBUG 2025-04-21 17:15:27,145 autoreload File /home/karim/.local/lib/python3.10/site-packages/sqlparse/filters/aligned_indent.py first seen with mtime 1724687074.3807824
DEBUG 2025-04-21 17:15:27,145 autoreload File /home/karim/.local/lib/python3.10/site-packages/django/contrib/auth/__init__.py first seen with mtime 1741778993.700033
DEBUG 2025-04-21 17:15:27,145 autoreload File /usr/lib/python3.10/os.py first seen with mtime 1738681056.0
DEBUG 2025-04-21 17:15:27,145 autoreload File /home/karim/.local/lib/python3.10/site-packages/sqlparse/engine/__init__.py first seen with mtime 1724687074.3807824
DEBUG 2025-04-21 17:15:27,145 autoreload File /home/karim/.local/lib/python3.10/site-packages/django/views/generic/edit.py first seen with mtime 1741778994.0680335
DEBUG 2025-04-21 17:15:27,145 autoreload File /usr/lib/python3.10/codecs.py first seen with mtime 1738681056.0
DEBUG 2025-04-21 17:15:27,145 autoreload File /home/karim/.local/lib/python3.10/site-packages/django/forms/boundfield.py first seen with mtime 1741778994.0380335
DEBUG 2025-04-21 17:15:27,145 autoreload File /usr/lib/python3.10/hmac.py first seen with mtime 1738681056.0
DEBUG 2025-04-21 17:15:27,145 autoreload File /home/karim/.local/lib/python3.10/site-packages/django/core/files/storage/filesystem.py first seen with mtime 1741778994.0070333
DEBUG 2025-04-21 17:15:27,145 autoreload File /usr/lib/python3.10/ipaddress.py first seen with mtime 1738681056.0
DEBUG 2025-04-21 17:15:27,145 autoreload File /home/karim/.local/lib/python3.10/site-packages/django/contrib/admin/views/autocomplete.py first seen with mtime 1741778993.6650329
DEBUG 2025-04-21 17:15:27,145 autoreload File /home/karim/.local/lib/python3.10/site-packages/django/http/request.py first seen with mtime 1741778994.0500336
DEBUG 2025-04-21 17:15:27,145 autoreload File /home/karim/CREM_Webapp/front_app/urls.py first seen with mtime 1742568234.011488
DEBUG 2025-04-21 17:15:27,145 autoreload File /home/karim/.local/lib/python3.10/site-packages/django/contrib/admin/views/__init__.py first seen with mtime 1741778993.6650329
DEBUG 2025-04-21 17:15:27,145 autoreload File /home/karim/.local/lib/python3.10/site-packages/django/db/models/fields/json.py first seen with mtime 1741778994.0330334
DEBUG 2025-04-21 17:15:27,145 autoreload File /home/karim/.local/lib/python3.10/site-packages/django/middleware/cache.py first seen with mtime 1741778994.0500336
DEBUG 2025-04-21 17:15:27,145 autoreload File /home/karim/.local/lib/python3.10/site-packages/django/core/management/color.py first seen with mtime 1741778994.0100334
DEBUG 2025-04-21 17:15:27,145 autoreload File /usr/lib/python3.10/contextvars.py first seen with mtime 1738681056.0
DEBUG 2025-04-21 17:15:27,145 autoreload File /home/karim/.local/lib/python3.10/site-packages/django/core/handlers/exception.py first seen with mtime 1741778994.0080335
DEBUG 2025-04-21 17:15:27,145 autoreload File /home/karim/.local/lib/python3.10/site-packages/django/template/loaders/app_directories.py first seen with mtime 1741778994.0550334
DEBUG 2025-04-21 17:15:27,146 autoreload File /usr/lib/python3.10/logging/__init__.py first seen with mtime 1738681056.0
DEBUG 2025-04-21 17:15:27,146 autoreload File /usr/lib/python3.10/lib-dynload/_sqlite3.cpython-310-x86_64-linux-gnu.so first seen with mtime 1738681056.0
DEBUG 2025-04-21 17:15:27,146 autoreload File /usr/lib/python3.10/asyncio/events.py first seen with mtime 1738681056.0
DEBUG 2025-04-21 17:15:27,146 autoreload File /usr/lib/python3.10/importlib/_abc.py first seen with mtime 1738681056.0
DEBUG 2025-04-21 17:15:27,146 autoreload File /usr/lib/python3.10/copyreg.py first seen with mtime 1738681056.0
DEBUG 2025-04-21 17:15:27,146 autoreload File /usr/lib/python3.10/pprint.py first seen with mtime 1738681056.0
DEBUG 2025-04-21 17:15:27,146 autoreload File /home/karim/.local/lib/python3.10/site-packages/sqlparse/utils.py first seen with mtime 1724687074.3807824
DEBUG 2025-04-21 17:15:27,146 autoreload File /usr/lib/python3.10/ssl.py first seen with mtime 1738681056.0
DEBUG 2025-04-21 17:15:27,146 autoreload File /home/karim/CREM_Webapp/front_app/views.py first seen with mtime 1745234307.8414743
DEBUG 2025-04-21 17:15:27,146 autoreload File /home/karim/.local/lib/python3.10/site-packages/django/db/models/fields/related.py first seen with mtime 1741778994.0340335
DEBUG 2025-04-21 17:15:27,146 autoreload File /home/karim/.local/lib/python3.10/site-packages/django/db/models/functions/datetime.py first seen with mtime 1741778994.0350335
DEBUG 2025-04-21 17:15:27,146 autoreload File /home/karim/CREM_Webapp/instrumentation/models.py first seen with mtime 1742568234.013488
DEBUG 2025-04-21 17:15:27,146 autoreload File /home/karim/.local/lib/python3.10/site-packages/django/apps/__init__.py first seen with mtime 1741778993.4780326
DEBUG 2025-04-21 17:15:27,146 autoreload File /home/karim/.local/lib/python3.10/site-packages/django/forms/widgets.py first seen with mtime 1741778994.0390334
DEBUG 2025-04-21 17:15:27,146 autoreload File /home/karim/.local/lib/python3.10/site-packages/django/contrib/contenttypes/apps.py first seen with mtime 1741778993.740033
DEBUG 2025-04-21 17:15:27,146 autoreload File /home/karim/.local/lib/python3.10/site-packages/django/core/files/utils.py first seen with mtime 1741778994.0070333
DEBUG 2025-04-21 17:15:27,146 autoreload File /home/karim/.local/lib/python3.10/site-packages/django/db/backends/base/validation.py first seen with mtime 1741778994.0190334
DEBUG 2025-04-21 17:15:27,146 autoreload File /home/karim/.local/lib/python3.10/site-packages/django/core/checks/security/__init__.py first seen with mtime 1741778994.0050335
DEBUG 2025-04-21 17:15:27,146 autoreload File /home/karim/.local/lib/python3.10/site-packages/django/core/checks/compatibility/__init__.py first seen with mtime 1741778994.0050335
DEBUG 2025-04-21 17:15:27,146 autoreload File /home/karim/.local/lib/python3.10/site-packages/django/urls/__init__.py first seen with mtime 1741778994.0580335
DEBUG 2025-04-21 17:15:27,146 autoreload File /home/karim/.local/lib/python3.10/site-packages/django/utils/text.py first seen with mtime 1741778994.0640335
DEBUG 2025-04-21 17:15:27,146 autoreload File /home/karim/.local/lib/python3.10/site-packages/django/core/handlers/wsgi.py first seen with mtime 1741778994.0080335
DEBUG 2025-04-21 17:15:27,146 autoreload File /usr/lib/python3/dist-packages/PIL/_binary.py first seen with mtime 1643848538.0
DEBUG 2025-04-21 17:15:27,146 autoreload File /home/karim/.local/lib/python3.10/site-packages/django/contrib/auth/base_user.py first seen with mtime 1741778993.700033
DEBUG 2025-04-21 17:15:27,146 autoreload File /usr/lib/python3.10/asyncio/coroutines.py first seen with mtime 1738681056.0
DEBUG 2025-04-21 17:15:27,146 autoreload File /home/karim/.local/lib/python3.10/site-packages/django/contrib/messages/storage/__init__.py first seen with mtime 1741778993.8800333
DEBUG 2025-04-21 17:15:27,146 autoreload File /home/karim/.local/lib/python3.10/site-packages/django/db/models/sql/constants.py first seen with mtime 1741778994.0360334
DEBUG 2025-04-21 17:15:27,146 autoreload File /home/karim/.local/lib/python3.10/site-packages/sqlparse/filters/reindent.py first seen with mtime 1724687074.3807824
DEBUG 2025-04-21 17:15:27,146 autoreload File /home/karim/.local/lib/python3.10/site-packages/django/views/generic/__init__.py first seen with mtime 1741778994.0680335
DEBUG 2025-04-21 17:15:27,146 autoreload File /home/karim/.local/lib/python3.10/site-packages/sqlparse/filters/__init__.py first seen with mtime 1724687074.3807824
DEBUG 2025-04-21 17:15:27,147 autoreload File /home/karim/.local/lib/python3.10/site-packages/django/template/backends/base.py first seen with mtime 1741778994.0540335
DEBUG 2025-04-21 17:15:27,147 autoreload File /home/karim/.local/lib/python3.10/site-packages/django/core/cache/backends/base.py first seen with mtime 1741778994.0030334
DEBUG 2025-04-21 17:15:27,147 autoreload File /home/karim/CREM_Webapp/contact/models.py first seen with mtime 1742568234.0094879
DEBUG 2025-04-21 17:15:27,147 autoreload File /usr/lib/python3.10/lib-dynload/_decimal.cpython-310-x86_64-linux-gnu.so first seen with mtime 1738681056.0
DEBUG 2025-04-21 17:15:27,147 autoreload File /home/karim/.local/lib/python3.10/site-packages/django/core/files/storage/mixins.py first seen with mtime 1741778994.0080335
DEBUG 2025-04-21 17:15:27,147 autoreload File /home/karim/.local/lib/python3.10/site-packages/django/contrib/sessions/models.py first seen with mtime 1741778993.9400334
DEBUG 2025-04-21 17:15:27,147 autoreload File /home/karim/.local/lib/python3.10/site-packages/django/core/cache/utils.py first seen with mtime 1741778994.0030334
DEBUG 2025-04-21 17:15:27,147 autoreload File /home/karim/.local/lib/python3.10/site-packages/django/db/backends/sqlite3/features.py first seen with mtime 1741778994.0250335
DEBUG 2025-04-21 17:15:27,147 autoreload File /home/karim/.local/lib/python3.10/site-packages/django/db/models/fields/mixins.py first seen with mtime 1741778994.0330334
DEBUG 2025-04-21 17:15:27,147 autoreload File /usr/lib/python3.10/fnmatch.py first seen with mtime 1738681056.0
DEBUG 2025-04-21 17:15:27,147 autoreload File /home/karim/CREM_Webapp/contact/admin.py first seen with mtime 1742568234.008488
DEBUG 2025-04-21 17:15:27,147 autoreload File /home/karim/.local/lib/python3.10/site-packages/django/db/models/fields/proxy.py first seen with mtime 1741778994.0330334
DEBUG 2025-04-21 17:15:27,147 autoreload File /home/karim/.local/lib/python3.10/site-packages/django/db/models/options.py first seen with mtime 1741778994.0310335
DEBUG 2025-04-21 17:15:27,147 autoreload File /home/karim/.local/lib/python3.10/site-packages/django/middleware/csrf.py first seen with mtime 1741778994.0510335
DEBUG 2025-04-21 17:15:27,147 autoreload File /usr/lib/python3.10/decimal.py first seen with mtime 1738681056.0
DEBUG 2025-04-21 17:15:27,147 autoreload File /usr/lib/python3.10/inspect.py first seen with mtime 1738681056.0
DEBUG 2025-04-21 17:15:27,147 autoreload File /usr/lib/python3.10/tokenize.py first seen with mtime 1738681056.0
DEBUG 2025-04-21 17:15:27,147 autoreload File /usr/lib/python3/dist-packages/PIL/ImageMode.py first seen with mtime 1643848543.0
DEBUG 2025-04-21 17:15:27,147 autoreload File /home/karim/.local/lib/python3.10/site-packages/django/contrib/admin/templatetags/admin_list.py first seen with mtime 1741778993.664033
DEBUG 2025-04-21 17:15:27,147 autoreload File /home/karim/.local/lib/python3.10/site-packages/asgiref/sync.py first seen with mtime 1724687074.4167829
DEBUG 2025-04-21 17:15:27,147 autoreload File /home/karim/.local/lib/python3.10/site-packages/django/conf/locale/__init__.py first seen with mtime 1741778993.4800324
DEBUG 2025-04-21 17:15:27,147 autoreload File /home/karim/.local/lib/python3.10/site-packages/django/contrib/staticfiles/handlers.py first seen with mtime 1741778994.0000334
DEBUG 2025-04-21 17:15:27,147 autoreload File /usr/lib/python3.10/pickle.py first seen with mtime 1738681056.0
DEBUG 2025-04-21 17:15:27,147 autoreload File /home/karim/.local/lib/python3.10/site-packages/django/core/files/storage/memory.py first seen with mtime 1741778994.0080335
DEBUG 2025-04-21 17:15:27,147 autoreload File /home/karim/.local/lib/python3.10/site-packages/django/utils/http.py first seen with mtime 1741778994.0620337
DEBUG 2025-04-21 17:15:27,147 autoreload File /usr/lib/python3.10/asyncio/__init__.py first seen with mtime 1738681056.0
DEBUG 2025-04-21 17:15:27,147 autoreload File /home/karim/.local/lib/python3.10/site-packages/django/core/files/base.py first seen with mtime 1741778994.0060334
DEBUG 2025-04-21 17:15:27,147 autoreload File /home/karim/.local/lib/python3.10/site-packages/django/db/migrations/operations/special.py first seen with mtime 1741778994.0280335
DEBUG 2025-04-21 17:15:27,147 autoreload File /home/karim/.local/lib/python3.10/site-packages/django/utils/autoreload.py first seen with mtime 1741778994.0600336
DEBUG 2025-04-21 17:15:27,147 autoreload File /usr/lib/python3.10/email/_parseaddr.py first seen with mtime 1738681056.0
DEBUG 2025-04-21 17:15:27,147 autoreload File /home/karim/.local/lib/python3.10/site-packages/django/contrib/messages/utils.py first seen with mtime 1741778993.8800333
DEBUG 2025-04-21 17:15:27,148 autoreload File /usr/lib/python3.10/multiprocessing/context.py first seen with mtime 1738681056.0
DEBUG 2025-04-21 17:15:27,148 autoreload File /usr/lib/python3.10/email/headerregistry.py first seen with mtime 1738681056.0
DEBUG 2025-04-21 17:15:27,148 autoreload File /home/karim/.local/lib/python3.10/site-packages/django/contrib/contenttypes/views.py first seen with mtime 1741778993.741033
DEBUG 2025-04-21 17:15:27,148 autoreload File /usr/lib/python3.10/socket.py first seen with mtime 1738681056.0
DEBUG 2025-04-21 17:15:27,148 autoreload File /home/karim/.local/lib/python3.10/site-packages/sqlparse/filters/right_margin.py first seen with mtime 1724687074.3807824
DEBUG 2025-04-21 17:15:27,148 autoreload File /usr/lib/python3/dist-packages/colorama/win32.py first seen with mtime 1602564393.0
DEBUG 2025-04-21 17:15:27,148 autoreload File /home/karim/.local/lib/python3.10/site-packages/django/core/files/locks.py first seen with mtime 1741778994.0060334
DEBUG 2025-04-21 17:15:27,148 autoreload File /home/karim/.local/lib/python3.10/site-packages/django/template/autoreload.py first seen with mtime 1741778994.0520334
DEBUG 2025-04-21 17:15:27,148 autoreload File /usr/lib/python3.10/encodings/__init__.py first seen with mtime 1738681056.0
DEBUG 2025-04-21 17:15:27,148 autoreload File /home/karim/.local/lib/python3.10/site-packages/django/utils/dateformat.py first seen with mtime 1741778994.0600336
DEBUG 2025-04-21 17:15:27,148 autoreload File /home/karim/.local/lib/python3.10/site-packages/django/templatetags/__init__.py first seen with mtime 1741778994.0550334
DEBUG 2025-04-21 17:15:27,148 autoreload File /home/karim/.local/lib/python3.10/site-packages/django/utils/functional.py first seen with mtime 1741778994.0620337
DEBUG 2025-04-21 17:15:27,148 autoreload File /usr/lib/python3.10/typing.py first seen with mtime 1738681056.0
DEBUG 2025-04-21 17:15:27,148 autoreload File /home/karim/.local/lib/python3.10/site-packages/sqlparse/engine/grouping.py first seen with mtime 1724687074.3807824
DEBUG 2025-04-21 17:15:27,148 autoreload File /home/karim/CREM_Webapp/instrumentation/__init__.py first seen with mtime 1742568234.012488
DEBUG 2025-04-21 17:15:27,148 autoreload File /usr/lib/python3.10/html/parser.py first seen with mtime 1738681056.0
DEBUG 2025-04-21 17:15:27,148 autoreload File /usr/lib/python3.10/gzip.py first seen with mtime 1738681056.0
DEBUG 2025-04-21 17:15:27,148 autoreload File /home/karim/.local/lib/python3.10/site-packages/django/template/utils.py first seen with mtime 1741778994.0540335
DEBUG 2025-04-21 17:15:27,148 autoreload File /home/karim/.local/lib/python3.10/site-packages/django/core/mail/message.py first seen with mtime 1741778994.0090334
DEBUG 2025-04-21 17:15:27,148 autoreload File /home/karim/.local/lib/python3.10/site-packages/django/template/loaders/filesystem.py first seen with mtime 1741778994.0550334
DEBUG 2025-04-21 17:15:27,148 autoreload File /usr/lib/python3.10/collections/__init__.py first seen with mtime 1738681056.0
DEBUG 2025-04-21 17:15:27,148 autoreload File /home/karim/.local/lib/python3.10/site-packages/django/db/models/sql/datastructures.py first seen with mtime 1741778994.0360334
DEBUG 2025-04-21 17:15:27,148 autoreload File /usr/lib/python3.10/email/mime/message.py first seen with mtime 1738681056.0
DEBUG 2025-04-21 17:15:27,148 autoreload File /usr/lib/python3.10/asyncio/streams.py first seen with mtime 1738681056.0
DEBUG 2025-04-21 17:15:27,148 autoreload File /home/karim/.local/lib/python3.10/site-packages/django/contrib/admin/exceptions.py first seen with mtime 1741778993.5590327
DEBUG 2025-04-21 17:15:27,148 autoreload File /home/karim/.local/lib/python3.10/site-packages/django/core/mail/__init__.py first seen with mtime 1741778994.0090334
DEBUG 2025-04-21 17:15:27,148 autoreload File /home/karim/.local/lib/python3.10/site-packages/django/utils/regex_helper.py first seen with mtime 1741778994.0640335
DEBUG 2025-04-21 17:15:27,148 autoreload File /usr/lib/python3.10/ntpath.py first seen with mtime 1738681056.0
DEBUG 2025-04-21 17:15:27,148 autoreload File /home/karim/.local/lib/python3.10/site-packages/django/db/models/constants.py first seen with mtime 1741778994.0290334
DEBUG 2025-04-21 17:15:27,148 autoreload File /home/karim/.local/lib/python3.10/site-packages/django/db/models/functions/window.py first seen with mtime 1741778994.0350335
DEBUG 2025-04-21 17:15:27,149 autoreload File /home/karim/.local/lib/python3.10/site-packages/django/template/loaders/cached.py first seen with mtime 1741778994.0550334
DEBUG 2025-04-21 17:15:27,149 autoreload File /home/karim/.local/lib/python3.10/site-packages/django/template/context.py first seen with mtime 1741778994.0520334
DEBUG 2025-04-21 17:15:27,149 autoreload File /usr/lib/python3.10/email/mime/multipart.py first seen with mtime 1738681056.0
DEBUG 2025-04-21 17:15:27,149 autoreload File /home/karim/.local/lib/python3.10/site-packages/django/db/backends/base/base.py first seen with mtime 1741778994.0170336
DEBUG 2025-04-21 17:15:27,149 autoreload File /home/karim/.local/lib/python3.10/site-packages/django/dispatch/__init__.py first seen with mtime 1741778994.0370336
DEBUG 2025-04-21 17:15:27,149 autoreload File /home/karim/.local/lib/python3.10/site-packages/django/template/defaultfilters.py first seen with mtime 1741778994.0520334
DEBUG 2025-04-21 17:15:27,149 autoreload File /home/karim/.local/lib/python3.10/site-packages/django/db/models/sql/query.py first seen with mtime 1741778994.0370336
DEBUG 2025-04-21 17:15:27,149 autoreload File /home/karim/.local/lib/python3.10/site-packages/django/utils/lorem_ipsum.py first seen with mtime 1741778994.0630336
DEBUG 2025-04-21 17:15:27,149 autoreload File /usr/lib/python3.10/getpass.py first seen with mtime 1738681056.0
DEBUG 2025-04-21 17:15:27,149 autoreload File /home/karim/.local/lib/python3.10/site-packages/django/views/__init__.py first seen with mtime 1741778994.0660336
DEBUG 2025-04-21 17:15:27,149 autoreload File /usr/lib/python3.10/importlib/util.py first seen with mtime 1738681056.0
DEBUG 2025-04-21 17:15:27,149 autoreload File /home/karim/CREM_Webapp/contact/__init__.py first seen with mtime 1742568234.0074878
DEBUG 2025-04-21 17:15:27,149 autoreload File /home/karim/.local/lib/python3.10/site-packages/django/db/migrations/state.py first seen with mtime 1741778994.0270336
DEBUG 2025-04-21 17:15:27,149 autoreload File /home/karim/.local/lib/python3.10/site-packages/django/template/loaders/__init__.py first seen with mtime 1741778994.0550334
DEBUG 2025-04-21 17:15:27,149 autoreload File /usr/lib/python3.10/shutil.py first seen with mtime 1738681056.0
DEBUG 2025-04-21 17:15:27,149 autoreload File /home/karim/.local/lib/python3.10/site-packages/django/contrib/admin/templatetags/admin_modify.py first seen with mtime 1741778993.664033
DEBUG 2025-04-21 17:15:27,149 autoreload File /home/karim/.local/lib/python3.10/site-packages/django/contrib/auth/admin.py first seen with mtime 1741778993.700033
DEBUG 2025-04-21 17:15:27,149 autoreload File /usr/lib/python3.10/lib-dynload/_bz2.cpython-310-x86_64-linux-gnu.so first seen with mtime 1738681056.0
DEBUG 2025-04-21 17:15:27,149 autoreload File /home/karim/.local/lib/python3.10/site-packages/django/contrib/sessions/__init__.py first seen with mtime 1741778993.9390333
DEBUG 2025-04-21 17:15:27,149 autoreload File /usr/lib/python3.10/site.py first seen with mtime 1738681056.0
DEBUG 2025-04-21 17:15:27,149 autoreload File /usr/lib/python3.10/stat.py first seen with mtime 1738681056.0
DEBUG 2025-04-21 17:15:27,149 autoreload File /home/karim/.local/lib/python3.10/site-packages/django/db/models/functions/__init__.py first seen with mtime 1741778994.0340335
DEBUG 2025-04-21 17:15:27,149 autoreload File /home/karim/.local/lib/python3.10/site-packages/django/http/__init__.py first seen with mtime 1741778994.0490334
DEBUG 2025-04-21 17:15:27,149 autoreload File /usr/lib/python3.10/argparse.py first seen with mtime 1738681056.0
DEBUG 2025-04-21 17:15:27,149 autoreload File /home/karim/.local/lib/python3.10/site-packages/django/db/models/utils.py first seen with mtime 1741778994.0320334
DEBUG 2025-04-21 17:15:27,149 autoreload File /home/karim/.local/lib/python3.10/site-packages/django/core/validators.py first seen with mtime 1741778994.0020335
DEBUG 2025-04-21 17:15:27,149 autoreload File /home/karim/.local/lib/python3.10/site-packages/django/contrib/contenttypes/management/__init__.py first seen with mtime 1741778993.768033
DEBUG 2025-04-21 17:15:27,149 autoreload File /home/karim/.local/lib/python3.10/site-packages/django/templatetags/tz.py first seen with mtime 1741778994.0560336
DEBUG 2025-04-21 17:15:27,150 autoreload File /usr/lib/python3.10/asyncio/trsock.py first seen with mtime 1738681056.0
DEBUG 2025-04-21 17:15:27,150 autoreload File /usr/lib/python3.10/email/generator.py first seen with mtime 1738681056.0
DEBUG 2025-04-21 17:15:27,150 autoreload File /usr/lib/python3/dist-packages/colorama/__init__.py first seen with mtime 1602564393.0
DEBUG 2025-04-21 17:15:27,150 autoreload File /home/karim/.local/lib/python3.10/site-packages/django/contrib/staticfiles/__init__.py first seen with mtime 1741778993.9990335
DEBUG 2025-04-21 17:15:27,150 autoreload File /home/karim/.local/lib/python3.10/site-packages/django/utils/crypto.py first seen with mtime 1741778994.0600336
DEBUG 2025-04-21 17:15:27,150 autoreload File /home/karim/.local/lib/python3.10/site-packages/django/contrib/auth/validators.py first seen with mtime 1741778993.702033
DEBUG 2025-04-21 17:15:27,150 autoreload File /home/karim/.local/lib/python3.10/site-packages/django/forms/models.py first seen with mtime 1741778994.0390334
DEBUG 2025-04-21 17:15:27,150 autoreload File /home/karim/.local/lib/python3.10/site-packages/django/core/checks/database.py first seen with mtime 1741778994.0040333
DEBUG 2025-04-21 17:15:27,150 autoreload File /usr/lib/python3.10/asyncio/sslproto.py first seen with mtime 1738681056.0
DEBUG 2025-04-21 17:15:27,150 autoreload File /home/karim/.local/lib/python3.10/site-packages/django/db/migrations/operations/models.py first seen with mtime 1741778994.0280335
DEBUG 2025-04-21 17:15:27,150 autoreload File /home/karim/.local/lib/python3.10/site-packages/django/core/checks/templates.py first seen with mtime 1741778994.0050335
DEBUG 2025-04-21 17:15:27,150 autoreload File /home/karim/.local/lib/python3.10/site-packages/django/contrib/staticfiles/finders.py first seen with mtime 1741778993.9990335
DEBUG 2025-04-21 17:15:27,150 autoreload File /home/karim/.local/lib/python3.10/site-packages/django/views/debug.py first seen with mtime 1741778994.0660336
DEBUG 2025-04-21 17:15:27,150 autoreload File /home/karim/.local/lib/python3.10/site-packages/django/template/backends/django.py first seen with mtime 1741778994.0540335
DEBUG 2025-04-21 17:15:27,150 autoreload File /home/karim/.local/lib/python3.10/site-packages/django/db/utils.py first seen with mtime 1741778994.0160334
DEBUG 2025-04-21 17:15:27,150 autoreload File /usr/lib/python3.10/concurrent/futures/_base.py first seen with mtime 1738681056.0
DEBUG 2025-04-21 17:15:27,150 autoreload File /home/karim/.local/lib/python3.10/site-packages/django/db/backends/base/creation.py first seen with mtime 1741778994.0170336
DEBUG 2025-04-21 17:15:27,150 autoreload File /home/karim/.local/lib/python3.10/site-packages/django/db/migrations/exceptions.py first seen with mtime 1741778994.0260334
DEBUG 2025-04-21 17:15:27,150 autoreload File /home/karim/.local/lib/python3.10/site-packages/django/shortcuts.py first seen with mtime 1741778993.4780326
DEBUG 2025-04-21 17:15:27,150 autoreload File /home/karim/.local/lib/python3.10/site-packages/django/core/checks/compatibility/django_4_0.py first seen with mtime 1741778994.0050335
DEBUG 2025-04-21 17:15:27,150 autoreload File /home/karim/.local/lib/python3.10/site-packages/django/db/models/aggregates.py first seen with mtime 1741778994.0290334
DEBUG 2025-04-21 17:15:27,150 autoreload File /home/karim/.local/lib/python3.10/site-packages/django/views/defaults.py first seen with mtime 1741778994.0660336
DEBUG 2025-04-21 17:15:27,150 autoreload File /usr/lib/python3.10/http/server.py first seen with mtime 1738681056.0
DEBUG 2025-04-21 17:15:27,150 autoreload File /home/karim/.local/lib/python3.10/site-packages/django/template/engine.py first seen with mtime 1741778994.0530336
DEBUG 2025-04-21 17:15:27,150 autoreload File /home/karim/.local/lib/python3.10/site-packages/django/http/multipartparser.py first seen with mtime 1741778994.0500336
DEBUG 2025-04-21 17:15:27,150 autoreload File /home/karim/.local/lib/python3.10/site-packages/django/db/models/functions/mixins.py first seen with mtime 1741778994.0350335
DEBUG 2025-04-21 17:15:27,150 autoreload File /usr/lib/python3.10/lib-dynload/_asyncio.cpython-310-x86_64-linux-gnu.so first seen with mtime 1738681056.0
DEBUG 2025-04-21 17:15:27,150 autoreload File /home/karim/.local/lib/python3.10/site-packages/django/core/signing.py first seen with mtime 1741778994.0020335
DEBUG 2025-04-21 17:15:27,150 autoreload File /home/karim/.local/lib/python3.10/site-packages/django/core/cache/__init__.py first seen with mtime 1741778994.0020335
DEBUG 2025-04-21 17:15:27,151 autoreload File /usr/lib/python3.10/asyncio/selector_events.py first seen with mtime 1738681056.0
DEBUG 2025-04-21 17:15:27,151 autoreload File /home/karim/CREM_Webapp/front_app/apps.py first seen with mtime 1742568234.011488
DEBUG 2025-04-21 17:15:27,151 autoreload File /usr/lib/python3.10/sqlite3/dbapi2.py first seen with mtime 1738681056.0
DEBUG 2025-04-21 17:15:27,151 autoreload File /usr/lib/python3.10/opcode.py first seen with mtime 1738681056.0
DEBUG 2025-04-21 17:15:27,151 autoreload File /usr/lib/python3.10/importlib/__init__.py first seen with mtime 1738681056.0
DEBUG 2025-04-21 17:15:27,151 autoreload File /usr/lib/python3.10/socketserver.py first seen with mtime 1738681056.0
DEBUG 2025-04-21 17:15:27,151 autoreload File /usr/lib/python3.10/glob.py first seen with mtime 1738681056.0
DEBUG 2025-04-21 17:15:27,151 autoreload File /home/karim/.local/lib/python3.10/site-packages/django/contrib/admin/templatetags/admin_urls.py first seen with mtime 1741778993.6650329
DEBUG 2025-04-21 17:15:27,151 autoreload File /usr/lib/python3.10/json/encoder.py first seen with mtime 1738681056.0
DEBUG 2025-04-21 17:15:27,151 autoreload File /usr/lib/python3.10/email/utils.py first seen with mtime 1738681056.0
DEBUG 2025-04-21 17:15:27,151 autoreload File /usr/lib/python3.10/email/_policybase.py first seen with mtime 1738681056.0
DEBUG 2025-04-21 17:15:27,151 autoreload File /home/karim/.local/lib/python3.10/site-packages/django/utils/tree.py first seen with mtime 1741778994.0640335
DEBUG 2025-04-21 17:15:27,151 autoreload File /home/karim/.local/lib/python3.10/site-packages/django/contrib/admin/widgets.py first seen with mtime 1741778993.5610328
DEBUG 2025-04-21 17:15:27,151 autoreload File /usr/lib/python3.10/email/errors.py first seen with mtime 1738681056.0
DEBUG 2025-04-21 17:15:27,151 autoreload File /home/karim/.local/lib/python3.10/site-packages/django/db/models/base.py first seen with mtime 1741778994.0290334
DEBUG 2025-04-21 17:15:27,151 autoreload File /home/karim/.local/lib/python3.10/site-packages/django/core/files/uploadhandler.py first seen with mtime 1741778994.0070333
DEBUG 2025-04-21 17:15:27,151 autoreload File /home/karim/.local/lib/python3.10/site-packages/django/contrib/auth/management/__init__.py first seen with mtime 1741778993.738033
DEBUG 2025-04-21 17:15:27,151 autoreload File /home/karim/.local/lib/python3.10/site-packages/django/utils/itercompat.py first seen with mtime 1741778994.0630336
DEBUG 2025-04-21 17:15:27,151 autoreload File /home/karim/.local/lib/python3.10/site-packages/django/core/__init__.py first seen with mtime 1741778994.0010335
DEBUG 2025-04-21 17:15:27,151 autoreload File /home/karim/.local/lib/python3.10/site-packages/django/db/models/query.py first seen with mtime 1741778994.0310335
DEBUG 2025-04-21 17:15:27,151 autoreload File /home/karim/.local/lib/python3.10/site-packages/django/core/files/storage/base.py first seen with mtime 1741778994.0070333
DEBUG 2025-04-21 17:15:27,151 autoreload File /home/karim/.local/lib/python3.10/site-packages/django/utils/formats.py first seen with mtime 1741778994.0620337
DEBUG 2025-04-21 17:15:27,151 autoreload File /usr/lib/python3.10/email/contentmanager.py first seen with mtime 1738681056.0
DEBUG 2025-04-21 17:15:27,151 autoreload File /home/karim/.local/lib/python3.10/site-packages/django/views/decorators/__init__.py first seen with mtime 1741778994.0660336
DEBUG 2025-04-21 17:15:27,151 autoreload File /home/karim/.local/lib/python3.10/site-packages/django/views/generic/dates.py first seen with mtime 1741778994.0680335
DEBUG 2025-04-21 17:15:27,151 autoreload File /home/karim/.local/lib/python3.10/site-packages/django/db/models/fields/related_descriptors.py first seen with mtime 1741778994.0340335
DEBUG 2025-04-21 17:15:27,151 autoreload File /usr/lib/python3.10/_sitebuiltins.py first seen with mtime 1738681056.0
DEBUG 2025-04-21 17:15:27,151 autoreload File /usr/lib/python3.10/email/charset.py first seen with mtime 1738681056.0
DEBUG 2025-04-21 17:15:27,151 autoreload File /home/karim/.local/lib/python3.10/site-packages/django/core/checks/caches.py first seen with mtime 1741778994.0040333
DEBUG 2025-04-21 17:15:27,151 autoreload File /usr/lib/python3.10/genericpath.py first seen with mtime 1738681056.0
DEBUG 2025-04-21 17:15:27,152 autoreload File /home/karim/.local/lib/python3.10/site-packages/django/http/cookie.py first seen with mtime 1741778994.0490334
DEBUG 2025-04-21 17:15:27,152 autoreload File /usr/lib/python3.10/logging/config.py first seen with mtime 1738681056.0
DEBUG 2025-04-21 17:15:27,152 autoreload File /home/karim/.local/lib/python3.10/site-packages/django/utils/__init__.py first seen with mtime 1741778994.0590336
DEBUG 2025-04-21 17:15:27,152 autoreload File /home/karim/.local/lib/python3.10/site-packages/django/contrib/admin/templatetags/log.py first seen with mtime 1741778993.6650329
DEBUG 2025-04-21 17:15:27,152 autoreload File /usr/lib/python3.10/locale.py first seen with mtime 1738681056.0
DEBUG 2025-04-21 17:15:27,152 autoreload File /usr/lib/python3.10/concurrent/futures/__init__.py first seen with mtime 1738681056.0
DEBUG 2025-04-21 17:15:27,152 autoreload File /home/karim/.local/lib/python3.10/site-packages/django/urls/base.py first seen with mtime 1741778994.0580335
DEBUG 2025-04-21 17:15:27,152 autoreload File /home/karim/.local/lib/python3.10/site-packages/django/urls/exceptions.py first seen with mtime 1741778994.0580335
DEBUG 2025-04-21 17:15:27,152 autoreload File /home/karim/.local/lib/python3.10/site-packages/django/contrib/admin/apps.py first seen with mtime 1741778993.5590327
DEBUG 2025-04-21 17:15:27,152 autoreload File /home/karim/.local/lib/python3.10/site-packages/django/template/__init__.py first seen with mtime 1741778994.0510335
DEBUG 2025-04-21 17:15:27,152 autoreload File /usr/lib/python3.10/string.py first seen with mtime 1738681056.0
DEBUG 2025-04-21 17:15:27,152 autoreload File /usr/lib/python3.10/json/scanner.py first seen with mtime 1738681056.0
DEBUG 2025-04-21 17:15:27,152 autoreload File /home/karim/.local/lib/python3.10/site-packages/django/core/checks/messages.py first seen with mtime 1741778994.0040333
DEBUG 2025-04-21 17:15:27,152 autoreload File /usr/lib/python3.10/abc.py first seen with mtime 1738681056.0
DEBUG 2025-04-21 17:15:27,152 autoreload File /home/karim/.local/lib/python3.10/site-packages/django/views/generic/base.py first seen with mtime 1741778994.0680335
DEBUG 2025-04-21 17:15:27,152 autoreload File /home/karim/.local/lib/python3.10/site-packages/django/db/transaction.py first seen with mtime 1741778994.0160334
DEBUG 2025-04-21 17:15:27,152 autoreload File /usr/lib/python3.10/pathlib.py first seen with mtime 1738681056.0
DEBUG 2025-04-21 17:15:27,152 autoreload File /usr/lib/python3.10/lib-dynload/_lzma.cpython-310-x86_64-linux-gnu.so first seen with mtime 1738681056.0
DEBUG 2025-04-21 17:15:27,152 autoreload File /home/karim/.local/lib/python3.10/site-packages/django/forms/forms.py first seen with mtime 1741778994.0380335
DEBUG 2025-04-21 17:15:27,152 autoreload File /home/karim/.local/lib/python3.10/site-packages/django/forms/__init__.py first seen with mtime 1741778994.0380335
DEBUG 2025-04-21 17:15:27,152 autoreload File /home/karim/.local/lib/python3.10/site-packages/django/core/files/move.py first seen with mtime 1741778994.0060334
DEBUG 2025-04-21 17:15:27,152 autoreload File /home/karim/.local/lib/python3.10/site-packages/django/contrib/admin/templatetags/__init__.py first seen with mtime 1741778993.664033
DEBUG 2025-04-21 17:15:27,152 autoreload File /usr/lib/python3.10/graphlib.py first seen with mtime 1738681056.0
DEBUG 2025-04-21 17:15:27,152 autoreload File /home/karim/.local/lib/python3.10/site-packages/django/db/migrations/operations/__init__.py first seen with mtime 1741778994.0280335
DEBUG 2025-04-21 17:15:27,152 autoreload File /home/karim/.local/lib/python3.10/site-packages/django/views/decorators/debug.py first seen with mtime 1741778994.0670335
DEBUG 2025-04-21 17:15:27,152 autoreload File /home/karim/CREM_Webapp/instrumentation/views.py first seen with mtime 1742568234.015488
DEBUG 2025-04-21 17:15:27,152 autoreload File /etc/python3.10/sitecustomize.py first seen with mtime 1648890259.0
DEBUG 2025-04-21 17:15:27,152 autoreload File /home/karim/.local/lib/python3.10/site-packages/django/views/generic/list.py first seen with mtime 1741778994.0680335
DEBUG 2025-04-21 17:15:27,152 autoreload File /home/karim/.local/lib/python3.10/site-packages/django/utils/dateparse.py first seen with mtime 1741778994.0610335
DEBUG 2025-04-21 17:15:27,153 autoreload File /home/karim/.local/lib/python3.10/site-packages/django/core/serializers/python.py first seen with mtime 1741778994.0150335
DEBUG 2025-04-21 17:15:27,153 autoreload File /usr/lib/python3.10/sre_constants.py first seen with mtime 1738681056.0
DEBUG 2025-04-21 17:15:27,153 autoreload File /home/karim/.local/lib/python3.10/site-packages/django/urls/resolvers.py first seen with mtime 1741778994.0590336
DEBUG 2025-04-21 17:15:27,153 autoreload File /usr/lib/python3.10/sqlite3/__init__.py first seen with mtime 1738681056.0
DEBUG 2025-04-21 17:15:27,153 autoreload File /usr/lib/python3.10/asyncio/transports.py first seen with mtime 1738681056.0
DEBUG 2025-04-21 17:15:27,153 autoreload File /home/karim/.local/lib/python3.10/site-packages/django/templatetags/cache.py first seen with mtime 1741778994.0560336
DEBUG 2025-04-21 17:15:27,153 autoreload File /usr/lib/python3.10/asyncio/tasks.py first seen with mtime 1738681056.0
DEBUG 2025-04-21 17:15:27,153 autoreload File /usr/lib/python3.10/selectors.py first seen with mtime 1738681056.0
DEBUG 2025-04-21 17:15:27,153 autoreload File /home/karim/CREM_Webapp/instrumentation/admin.py first seen with mtime 1742568234.012488
DEBUG 2025-04-21 17:15:27,153 autoreload File /usr/lib/python3.10/secrets.py first seen with mtime 1738681056.0
DEBUG 2025-04-21 17:15:27,153 autoreload File /home/karim/.local/lib/python3.10/site-packages/django/utils/translation/trans_real.py first seen with mtime 1741778994.0650334
DEBUG 2025-04-21 17:15:27,153 autoreload File /usr/lib/python3.10/encodings/utf_8.py first seen with mtime 1738681056.0
DEBUG 2025-04-21 17:15:27,153 autoreload File /home/karim/.local/lib/python3.10/site-packages/django/db/models/lookups.py first seen with mtime 1741778994.0300336
DEBUG 2025-04-21 17:15:27,153 autoreload File /usr/lib/python3.10/dis.py first seen with mtime 1738681056.0
DEBUG 2025-04-21 17:15:27,153 autoreload File /usr/lib/python3.10/wsgiref/simple_server.py first seen with mtime 1738681056.0
DEBUG 2025-04-21 17:15:27,153 autoreload File /home/karim/.local/lib/python3.10/site-packages/django/contrib/auth/tokens.py first seen with mtime 1741778993.702033
DEBUG 2025-04-21 17:15:27,153 autoreload File /usr/lib/python3.10/fractions.py first seen with mtime 1738681056.0
DEBUG 2025-04-21 17:15:27,153 autoreload File /usr/lib/python3.10/asyncio/exceptions.py first seen with mtime 1738681056.0
DEBUG 2025-04-21 17:15:27,153 autoreload File /usr/lib/python3.10/operator.py first seen with mtime 1738681056.0
DEBUG 2025-04-21 17:15:27,153 autoreload File /home/karim/CREM_Webapp/contact/views.py first seen with mtime 1744905431.7052162
DEBUG 2025-04-21 17:15:27,153 autoreload File /usr/lib/python3.10/wsgiref/headers.py first seen with mtime 1738681056.0
DEBUG 2025-04-21 17:15:27,153 autoreload File /home/karim/.local/lib/python3.10/site-packages/django/core/management/base.py first seen with mtime 1741778994.0100334
DEBUG 2025-04-21 17:15:27,153 autoreload File /home/karim/.local/lib/python3.10/site-packages/django/utils/html.py first seen with mtime 1741778994.0620337
DEBUG 2025-04-21 17:15:27,153 autoreload File /home/karim/.local/lib/python3.10/site-packages/django/db/models/constraints.py first seen with mtime 1741778994.0290334
DEBUG 2025-04-21 17:15:27,153 autoreload File /usr/lib/python3.10/io.py first seen with mtime 1738681056.0
DEBUG 2025-04-21 17:15:27,153 autoreload File /usr/lib/python3.10/traceback.py first seen with mtime 1738681056.0
DEBUG 2025-04-21 17:15:27,153 autoreload File /home/karim/.local/lib/python3.10/site-packages/django/contrib/admin/checks.py first seen with mtime 1741778993.5590327
DEBUG 2025-04-21 17:15:27,153 autoreload File /usr/lib/python3.10/asyncio/log.py first seen with mtime 1738681056.0
DEBUG 2025-04-21 17:15:27,153 autoreload File /home/karim/.local/lib/python3.10/site-packages/django/contrib/auth/apps.py first seen with mtime 1741778993.700033
DEBUG 2025-04-21 17:15:27,154 autoreload File /home/karim/.local/lib/python3.10/site-packages/django/contrib/messages/api.py first seen with mtime 1741778993.8790333
DEBUG 2025-04-21 17:15:27,154 autoreload File /home/karim/.local/lib/python3.10/site-packages/django/db/migrations/migration.py first seen with mtime 1741778994.0260334
DEBUG 2025-04-21 17:15:27,154 autoreload File /home/karim/.local/lib/python3.10/site-packages/django/core/checks/translation.py first seen with mtime 1741778994.0050335
DEBUG 2025-04-21 17:15:27,154 autoreload File /home/karim/.local/lib/python3.10/site-packages/django/contrib/admin/utils.py first seen with mtime 1741778993.5610328
DEBUG 2025-04-21 17:15:27,154 autoreload File /home/karim/.local/lib/python3.10/site-packages/django/contrib/staticfiles/management/commands/__init__.py first seen with mtime 1741778994.0000334
DEBUG 2025-04-21 17:15:27,154 autoreload File /home/karim/.local/lib/python3.10/site-packages/django/db/__init__.py first seen with mtime 1741778994.0160334
DEBUG 2025-04-21 17:15:27,154 autoreload File /usr/lib/python3.10/lib-dynload/_hashlib.cpython-310-x86_64-linux-gnu.so first seen with mtime 1738681056.0
DEBUG 2025-04-21 17:15:27,154 autoreload File /home/karim/.local/lib/python3.10/site-packages/django/contrib/staticfiles/views.py first seen with mtime 1741778994.0000334
DEBUG 2025-04-21 17:15:27,154 autoreload File /home/karim/.local/lib/python3.10/site-packages/django/core/checks/security/sessions.py first seen with mtime 1741778994.0060334
DEBUG 2025-04-21 17:15:27,154 autoreload File /usr/lib/python3.10/_compression.py first seen with mtime 1738681056.0
DEBUG 2025-04-21 17:15:27,154 autoreload File /usr/lib/python3.10/asyncio/base_futures.py first seen with mtime 1738681056.0
DEBUG 2025-04-21 17:15:27,154 autoreload File /usr/lib/python3.10/html/entities.py first seen with mtime 1738681056.0
DEBUG 2025-04-21 17:15:27,154 autoreload File /usr/lib/python3/dist-packages/PIL/Image.py first seen with mtime 1643848543.0
DEBUG 2025-04-21 17:15:27,154 autoreload File /home/karim/.local/lib/python3.10/site-packages/django/utils/decorators.py first seen with mtime 1741778994.0610335
DEBUG 2025-04-21 17:15:27,154 autoreload File /home/karim/.local/lib/python3.10/site-packages/django/contrib/contenttypes/checks.py first seen with mtime 1741778993.740033
DEBUG 2025-04-21 17:15:27,154 autoreload File /home/karim/.local/lib/python3.10/site-packages/django/conf/__init__.py first seen with mtime 1741778993.4790325
DEBUG 2025-04-21 17:15:27,154 autoreload File /home/karim/.local/lib/python3.10/site-packages/django/apps/registry.py first seen with mtime 1741778993.4790325
DEBUG 2025-04-21 17:15:27,154 autoreload File /home/karim/.local/lib/python3.10/site-packages/django/contrib/staticfiles/management/commands/runserver.py first seen with mtime 1741778994.0010335
DEBUG 2025-04-21 17:15:27,154 autoreload File /home/karim/.local/lib/python3.10/site-packages/django/core/checks/async_checks.py first seen with mtime 1741778994.0040333
DEBUG 2025-04-21 17:15:27,155 autoreload File /home/karim/.local/lib/python3.10/site-packages/django/utils/termcolors.py first seen with mtime 1741778994.0640335
DEBUG 2025-04-21 17:15:27,155 autoreload File /usr/lib/python3.10/importlib/machinery.py first seen with mtime 1738681056.0
DEBUG 2025-04-21 17:15:27,155 autoreload File /usr/lib/python3.10/ctypes/__init__.py first seen with mtime 1738681056.0
DEBUG 2025-04-21 17:15:27,155 autoreload File /home/karim/.local/lib/python3.10/site-packages/django/__init__.py first seen with mtime 1741778993.4780326
DEBUG 2025-04-21 17:15:27,155 autoreload File /usr/lib/python3.10/difflib.py first seen with mtime 1738681056.0
DEBUG 2025-04-21 17:15:27,155 autoreload File /usr/lib/python3.10/email/mime/base.py first seen with mtime 1738681056.0
DEBUG 2025-04-21 17:15:27,155 autoreload File /usr/lib/python3.10/encodings/aliases.py first seen with mtime 1738681056.0
DEBUG 2025-04-21 17:15:27,155 autoreload File /usr/lib/python3.10/heapq.py first seen with mtime 1738681056.0
DEBUG 2025-04-21 17:15:27,155 autoreload File /usr/lib/python3.10/email/__init__.py first seen with mtime 1738681056.0
DEBUG 2025-04-21 17:15:27,155 autoreload File /usr/lib/python3.10/mimetypes.py first seen with mtime 1738681056.0
DEBUG 2025-04-21 17:15:27,155 autoreload File /usr/lib/python3.10/urllib/response.py first seen with mtime 1738681056.0
DEBUG 2025-04-21 17:15:27,155 autoreload File /usr/lib/python3.10/email/encoders.py first seen with mtime 1738681056.0
DEBUG 2025-04-21 17:15:27,155 autoreload File /home/karim/.local/lib/python3.10/site-packages/sqlparse/cli.py first seen with mtime 1724687074.3767824
DEBUG 2025-04-21 17:15:27,155 autoreload File /home/karim/.local/lib/python3.10/site-packages/django/template/loaders/base.py first seen with mtime 1741778994.0550334
DEBUG 2025-04-21 17:15:27,155 autoreload File /home/karim/.local/lib/python3.10/site-packages/django/templatetags/i18n.py first seen with mtime 1741778994.0560336
DEBUG 2025-04-21 17:15:27,155 autoreload File /home/karim/.local/lib/python3.10/site-packages/django/utils/safestring.py first seen with mtime 1741778994.0640335
DEBUG 2025-04-21 17:15:27,155 autoreload File /home/karim/.local/lib/python3.10/site-packages/django/db/backends/sqlite3/operations.py first seen with mtime 1741778994.0250335
DEBUG 2025-04-21 17:15:27,155 autoreload File /home/karim/.local/lib/python3.10/site-packages/sqlparse/filters/tokens.py first seen with mtime 1724687074.3807824
DEBUG 2025-04-21 17:15:27,155 autoreload File /home/karim/.local/lib/python3.10/site-packages/django/db/backends/sqlite3/introspection.py first seen with mtime 1741778994.0250335
DEBUG 2025-04-21 17:15:27,155 autoreload File /usr/lib/python3.10/zoneinfo/_tzpath.py first seen with mtime 1738681056.0
DEBUG 2025-04-21 17:15:27,155 autoreload File /home/karim/.local/lib/python3.10/site-packages/django/core/files/temp.py first seen with mtime 1741778994.0060334
DEBUG 2025-04-21 17:15:27,155 autoreload File /home/karim/.local/lib/python3.10/site-packages/django/db/backends/sqlite3/base.py first seen with mtime 1741778994.0240335
DEBUG 2025-04-21 17:15:27,155 autoreload File /usr/lib/python3.10/reprlib.py first seen with mtime 1738681056.0
DEBUG 2025-04-21 17:15:27,155 autoreload File /home/karim/.local/lib/python3.10/site-packages/django/views/generic/detail.py first seen with mtime 1741778994.0680335
DEBUG 2025-04-21 17:15:27,155 autoreload File /home/karim/.local/lib/python3.10/site-packages/django/db/backends/base/operations.py first seen with mtime 1741778994.0180335
DEBUG 2025-04-21 17:15:27,155 autoreload File /home/karim/.local/lib/python3.10/site-packages/asgiref/local.py first seen with mtime 1724687074.4167829
DEBUG 2025-04-21 17:15:27,155 autoreload File /usr/lib/python3.10/asyncio/mixins.py first seen with mtime 1738681056.0
DEBUG 2025-04-21 17:15:27,156 autoreload File /home/karim/.local/lib/python3.10/site-packages/django/template/library.py first seen with mtime 1741778994.0530336
DEBUG 2025-04-21 17:15:27,156 autoreload File /home/karim/.local/lib/python3.10/site-packages/asgiref/current_thread_executor.py first seen with mtime 1724687074.4167829
DEBUG 2025-04-21 17:15:27,156 autoreload File /home/karim/.local/lib/python3.10/site-packages/django/db/migrations/utils.py first seen with mtime 1741778994.0270336
DEBUG 2025-04-21 17:15:27,156 autoreload File /home/karim/.local/lib/python3.10/site-packages/django/template/backends/__init__.py first seen with mtime 1741778994.0540335
DEBUG 2025-04-21 17:15:27,156 autoreload File /usr/lib/python3/dist-packages/PIL/_version.py first seen with mtime 1643848543.0
DEBUG 2025-04-21 17:15:27,156 autoreload File /home/karim/.local/lib/python3.10/site-packages/django/core/cache/backends/__init__.py first seen with mtime 1741778994.0030334
DEBUG 2025-04-21 17:15:27,156 autoreload File /home/karim/.local/lib/python3.10/site-packages/django/http/response.py first seen with mtime 1741778994.0500336
DEBUG 2025-04-21 17:15:27,156 autoreload File /home/karim/.local/lib/python3.10/site-packages/django/db/backends/base/introspection.py first seen with mtime 1741778994.0180335
DEBUG 2025-04-21 17:15:27,156 autoreload File /usr/lib/python3.10/email/base64mime.py first seen with mtime 1738681056.0
DEBUG 2025-04-21 17:15:27,156 autoreload File /home/karim/.local/lib/python3.10/site-packages/django/utils/timezone.py first seen with mtime 1741778994.0640335
DEBUG 2025-04-21 17:15:27,156 autoreload File /home/karim/.local/lib/python3.10/site-packages/django/forms/renderers.py first seen with mtime 1741778994.0390334
DEBUG 2025-04-21 17:15:27,156 autoreload File /usr/lib/python3.10/_sysconfigdata__x86_64-linux-gnu.py first seen with mtime 1738681056.0
DEBUG 2025-04-21 17:15:27,156 autoreload File /home/karim/.local/lib/python3.10/site-packages/django/views/csrf.py first seen with mtime 1741778994.0660336
DEBUG 2025-04-21 17:15:27,156 autoreload File /home/karim/.local/lib/python3.10/site-packages/django/contrib/auth/hashers.py first seen with mtime 1741778993.7010329
DEBUG 2025-04-21 17:15:27,156 autoreload File /home/karim/.local/lib/python3.10/site-packages/django/views/i18n.py first seen with mtime 1741778994.0660336
DEBUG 2025-04-21 17:15:27,156 autoreload File /home/karim/.local/lib/python3.10/site-packages/django/contrib/sites/requests.py first seen with mtime 1741778993.9710333
DEBUG 2025-04-21 17:15:27,156 autoreload File /usr/lib/python3.10/lib-dynload/_queue.cpython-310-x86_64-linux-gnu.so first seen with mtime 1738681056.0
DEBUG 2025-04-21 17:15:27,156 autoreload File /home/karim/.local/lib/python3.10/site-packages/django/utils/timesince.py first seen with mtime 1741778994.0640335
DEBUG 2025-04-21 17:15:27,156 autoreload File /usr/lib/python3.10/dataclasses.py first seen with mtime 1738681056.0
DEBUG 2025-04-21 17:15:27,156 autoreload File /home/karim/CREM_Webapp/manage.py first seen with mtime 1742568234.015488
DEBUG 2025-04-21 17:15:27,156 autoreload File /home/karim/.local/lib/python3.10/site-packages/django/db/models/enums.py first seen with mtime 1741778994.0300336
DEBUG 2025-04-21 17:15:27,156 autoreload File /usr/lib/python3.10/_markupbase.py first seen with mtime 1738681056.0
DEBUG 2025-04-21 17:15:27,156 autoreload File /home/karim/.local/lib/python3.10/site-packages/sqlparse/__init__.py first seen with mtime 1724687074.3767824
DEBUG 2025-04-21 17:15:27,156 autoreload File /home/karim/.local/lib/python3.10/site-packages/django/utils/inspect.py first seen with mtime 1741778994.0620337
DEBUG 2025-04-21 17:15:27,156 autoreload File /usr/lib/python3.10/lib-dynload/_ssl.cpython-310-x86_64-linux-gnu.so first seen with mtime 1738681056.0
DEBUG 2025-04-21 17:15:27,156 autoreload File /home/karim/.local/lib/python3.10/site-packages/django/views/decorators/cache.py first seen with mtime 1741778994.0670335
DEBUG 2025-04-21 17:15:27,156 autoreload File /home/karim/.local/lib/python3.10/site-packages/django/utils/deconstruct.py first seen with mtime 1741778994.0610335
DEBUG 2025-04-21 17:15:27,156 autoreload File /home/karim/.local/lib/python3.10/site-packages/django/core/files/__init__.py first seen with mtime 1741778994.0060334
DEBUG 2025-04-21 17:15:27,156 autoreload File /home/karim/.local/lib/python3.10/site-packages/django/core/handlers/asgi.py first seen with mtime 1741778994.0080335
DEBUG 2025-04-21 17:15:27,157 autoreload File /home/karim/.local/lib/python3.10/site-packages/django/contrib/sessions/base_session.py first seen with mtime 1741778993.9400334
DEBUG 2025-04-21 17:15:27,157 autoreload File /home/karim/.local/lib/python3.10/site-packages/django/db/backends/sqlite3/creation.py first seen with mtime 1741778994.0240335
DEBUG 2025-04-21 17:15:27,157 autoreload File /usr/lib/python3.10/lib-dynload/_zoneinfo.cpython-310-x86_64-linux-gnu.so first seen with mtime 1738681056.0
DEBUG 2025-04-21 17:15:27,157 autoreload File /usr/lib/python3.10/asyncio/base_tasks.py first seen with mtime 1738681056.0
DEBUG 2025-04-21 17:15:27,157 autoreload File /home/karim/.local/lib/python3.10/site-packages/django/core/handlers/__init__.py first seen with mtime 1741778994.0080335
DEBUG 2025-04-21 17:15:27,157 autoreload File /usr/lib/python3.10/lib-dynload/_opcode.cpython-310-x86_64-linux-gnu.so first seen with mtime 1738681056.0
DEBUG 2025-04-21 17:15:27,157 autoreload File /home/karim/.local/lib/python3.10/site-packages/django/db/backends/sqlite3/client.py first seen with mtime 1741778994.0240335
DEBUG 2025-04-21 17:15:27,157 autoreload File /usr/lib/python3.10/_collections_abc.py first seen with mtime 1738681056.0
DEBUG 2025-04-21 17:15:27,157 autoreload File /usr/lib/python3.10/weakref.py first seen with mtime 1738681056.0
DEBUG 2025-04-21 17:15:27,157 autoreload File /usr/lib/python3.10/subprocess.py first seen with mtime 1738681056.0
DEBUG 2025-04-21 17:15:27,157 autoreload File /home/karim/.local/lib/python3.10/site-packages/django/contrib/admin/helpers.py first seen with mtime 1741778993.5600326
DEBUG 2025-04-21 17:15:27,157 autoreload File /home/karim/.local/lib/python3.10/site-packages/django/core/exceptions.py first seen with mtime 1741778994.0020335
DEBUG 2025-04-21 17:15:27,157 autoreload File /usr/lib/python3.10/email/feedparser.py first seen with mtime 1738681056.0
DEBUG 2025-04-21 17:15:27,157 autoreload File /usr/lib/python3.10/queue.py first seen with mtime 1738681056.0
DEBUG 2025-04-21 17:15:27,157 autoreload File /home/karim/.local/lib/python3.10/site-packages/django/utils/numberformat.py first seen with mtime 1741778994.0630336
DEBUG 2025-04-21 17:15:27,157 autoreload File /home/karim/.local/lib/python3.10/site-packages/django/utils/duration.py first seen with mtime 1741778994.0610335
DEBUG 2025-04-21 17:15:27,157 autoreload File /home/karim/.local/lib/python3.10/site-packages/django/core/serializers/__init__.py first seen with mtime 1741778994.0150335
DEBUG 2025-04-21 17:15:27,157 autoreload File /home/karim/.local/lib/python3.10/site-packages/django/utils/ipv6.py first seen with mtime 1741778994.0630336
DEBUG 2025-04-21 17:15:27,158 autoreload File /home/karim/.local/lib/python3.10/site-packages/django/db/backends/base/client.py first seen with mtime 1741778994.0170336
DEBUG 2025-04-21 17:15:27,158 autoreload File /usr/lib/python3.10/lzma.py first seen with mtime 1738681056.0
DEBUG 2025-04-21 17:15:27,158 autoreload File /home/karim/.local/lib/python3.10/site-packages/django/db/models/fields/related_lookups.py first seen with mtime 1741778994.0340335
DEBUG 2025-04-21 17:15:27,158 autoreload File /usr/lib/python3.10/sre_compile.py first seen with mtime 1738681056.0
DEBUG 2025-04-21 17:15:27,158 autoreload File /home/karim/.local/lib/python3.10/site-packages/django/urls/utils.py first seen with mtime 1741778994.0590336
DEBUG 2025-04-21 17:15:27,158 autoreload File /usr/lib/python3.10/types.py first seen with mtime 1738681056.0
DEBUG 2025-04-21 17:15:27,158 autoreload File /usr/lib/python3.10/http/client.py first seen with mtime 1738681056.0
DEBUG 2025-04-21 17:15:27,158 autoreload File /usr/lib/python3.10/textwrap.py first seen with mtime 1738681056.0
DEBUG 2025-04-21 17:15:27,158 autoreload File /home/karim/.local/lib/python3.10/site-packages/sqlparse/filters/output.py first seen with mtime 1724687074.3807824
DEBUG 2025-04-21 17:15:27,158 autoreload File /home/karim/CREM_Webapp/instrumentation/apps.py first seen with mtime 1742568234.012488
DEBUG 2025-04-21 17:15:27,158 autoreload File /home/karim/.local/lib/python3.10/site-packages/django/utils/version.py first seen with mtime 1741778994.0650334
DEBUG 2025-04-21 17:15:27,158 autoreload File /usr/lib/python3.10/ctypes/_endian.py first seen with mtime 1738681056.0
DEBUG 2025-04-21 17:15:27,158 autoreload File /home/karim/.local/lib/python3.10/site-packages/sqlparse/engine/statement_splitter.py first seen with mtime 1724687074.3807824
DEBUG 2025-04-21 17:15:27,158 autoreload File /home/karim/.local/lib/python3.10/site-packages/django/db/models/query_utils.py first seen with mtime 1741778994.0320334
DEBUG 2025-04-21 17:15:27,158 autoreload File /usr/lib/python3.10/multiprocessing/__init__.py first seen with mtime 1738681056.0
DEBUG 2025-04-21 17:15:27,158 autoreload File /home/karim/.local/lib/python3.10/site-packages/django/contrib/admin/filters.py first seen with mtime 1741778993.5590327
DEBUG 2025-04-21 17:15:27,158 autoreload File /home/karim/.local/lib/python3.10/site-packages/django/utils/choices.py first seen with mtime 1741778994.0600336
DEBUG 2025-04-21 17:15:27,158 autoreload File /home/karim/.local/lib/python3.10/site-packages/django/contrib/sites/__init__.py first seen with mtime 1741778993.9700334
DEBUG 2025-04-21 17:15:27,158 autoreload File /home/karim/.local/lib/python3.10/site-packages/django/utils/encoding.py first seen with mtime 1741778994.0610335
DEBUG 2025-04-21 17:15:27,158 autoreload File /usr/lib/python3.10/asyncio/constants.py first seen with mtime 1738681056.0
DEBUG 2025-04-21 17:15:27,158 autoreload File /usr/lib/python3.10/lib-dynload/_contextvars.cpython-310-x86_64-linux-gnu.so first seen with mtime 1738681056.0
DEBUG 2025-04-21 17:15:27,158 autoreload File /usr/lib/python3.10/concurrent/__init__.py first seen with mtime 1738681056.0
DEBUG 2025-04-21 17:15:27,158 autoreload File /home/karim/.local/lib/python3.10/site-packages/django/contrib/admin/actions.py first seen with mtime 1741778993.5590327
DEBUG 2025-04-21 17:15:27,158 autoreload File /home/karim/.local/lib/python3.10/site-packages/django/utils/log.py first seen with mtime 1741778994.0630336
DEBUG 2025-04-21 17:15:27,158 autoreload File /usr/lib/python3.10/linecache.py first seen with mtime 1738681056.0
DEBUG 2025-04-21 17:15:27,158 autoreload File /usr/lib/python3.10/email/mime/text.py first seen with mtime 1738681056.0
DEBUG 2025-04-21 17:15:27,158 autoreload File /home/karim/.local/lib/python3.10/site-packages/django/contrib/auth/password_validation.py first seen with mtime 1741778993.702033
DEBUG 2025-04-21 17:15:27,158 autoreload File /home/karim/.local/lib/python3.10/site-packages/django/contrib/admin/sites.py first seen with mtime 1741778993.5610328
DEBUG 2025-04-21 17:15:27,158 autoreload File /home/karim/.local/lib/python3.10/site-packages/django/contrib/contenttypes/forms.py first seen with mtime 1741778993.741033
DEBUG 2025-04-21 17:15:27,158 autoreload File /home/karim/.local/lib/python3.10/site-packages/django/contrib/messages/__init__.py first seen with mtime 1741778993.8790333
DEBUG 2025-04-21 17:15:27,159 autoreload File /home/karim/.local/lib/python3.10/site-packages/django/contrib/admin/templatetags/base.py first seen with mtime 1741778993.6650329
DEBUG 2025-04-21 17:15:27,159 autoreload File /home/karim/.local/lib/python3.10/site-packages/django/core/servers/basehttp.py first seen with mtime 1741778994.0160334
DEBUG 2025-04-21 17:15:27,159 autoreload File /home/karim/CREM_Webapp/contact/apps.py first seen with mtime 1742568234.008488
DEBUG 2025-04-21 17:15:27,159 autoreload File /home/karim/.local/lib/python3.10/site-packages/django/views/decorators/csrf.py first seen with mtime 1741778994.0670335
DEBUG 2025-04-21 17:15:27,159 autoreload File /usr/lib/python3.10/enum.py first seen with mtime 1738681056.0
DEBUG 2025-04-21 17:15:27,159 autoreload File /usr/lib/python3.10/wsgiref/util.py first seen with mtime 1738681056.0
DEBUG 2025-04-21 17:15:27,159 autoreload File /usr/lib/python3/dist-packages/colorama/initialise.py first seen with mtime 1602564393.0
DEBUG 2025-04-21 17:15:27,159 autoreload File /usr/lib/python3.10/asyncio/threads.py first seen with mtime 1738681056.0
DEBUG 2025-04-21 17:15:27,159 autoreload File /home/karim/.local/lib/python3.10/site-packages/django/contrib/sessions/apps.py first seen with mtime 1741778993.9400334
DEBUG 2025-04-21 17:15:27,159 autoreload File /home/karim/.local/lib/python3.10/site-packages/django/core/checks/security/base.py first seen with mtime 1741778994.0050335
DEBUG 2025-04-21 17:15:27,159 autoreload File /home/karim/CREM_Webapp/instrumentation/urls.py first seen with mtime 1742568234.015488
DEBUG 2025-04-21 17:15:27,159 autoreload File /usr/lib/python3.10/urllib/error.py first seen with mtime 1738681056.0
DEBUG 2025-04-21 17:15:27,159 autoreload File /home/karim/.local/lib/python3.10/site-packages/django/forms/fields.py first seen with mtime 1741778994.0380335
DEBUG 2025-04-21 17:15:27,159 autoreload File /home/karim/.local/lib/python3.10/site-packages/django/dispatch/dispatcher.py first seen with mtime 1741778994.0370336
DEBUG 2025-04-21 17:15:27,159 autoreload File /home/karim/.local/lib/python3.10/site-packages/django/db/models/signals.py first seen with mtime 1741778994.0320334
DEBUG 2025-04-21 17:15:27,159 autoreload File /home/karim/.local/lib/python3.10/site-packages/django/apps/config.py first seen with mtime 1741778993.4780326
DEBUG 2025-04-21 17:15:27,159 autoreload File /home/karim/.local/lib/python3.10/site-packages/django/contrib/staticfiles/apps.py first seen with mtime 1741778993.9990335
DEBUG 2025-04-21 17:15:27,159 autoreload File /home/karim/.local/lib/python3.10/site-packages/django/contrib/messages/storage/base.py first seen with mtime 1741778993.8800333
DEBUG 2025-04-21 17:15:27,159 autoreload File /usr/lib/python3.10/urllib/request.py first seen with mtime 1738681056.0
DEBUG 2025-04-21 17:15:27,159 autoreload File /home/karim/.local/lib/python3.10/site-packages/sqlparse/formatter.py first seen with mtime 1724687074.3767824
DEBUG 2025-04-21 17:15:27,159 autoreload File /home/karim/.local/lib/python3.10/site-packages/django/db/migrations/operations/fields.py first seen with mtime 1741778994.0280335
DEBUG 2025-04-21 17:15:27,159 autoreload File /usr/lib/python3.10/functools.py first seen with mtime 1738681056.0
DEBUG 2025-04-21 17:15:27,159 autoreload File /usr/lib/python3.10/warnings.py first seen with mtime 1738681056.0
DEBUG 2025-04-21 17:15:27,159 autoreload File /usr/lib/python3.10/hashlib.py first seen with mtime 1738681056.0
DEBUG 2025-04-21 17:15:27,159 autoreload File /usr/lib/python3.10/asyncio/unix_events.py first seen with mtime 1738681056.0
DEBUG 2025-04-21 17:15:27,159 autoreload File /usr/lib/python3.10/http/cookies.py first seen with mtime 1738681056.0
DEBUG 2025-04-21 17:15:27,159 autoreload File /usr/lib/python3.10/sysconfig.py first seen with mtime 1738681056.0
DEBUG 2025-04-21 17:15:27,159 autoreload File /home/karim/.local/lib/python3.10/site-packages/django/core/management/commands/__init__.py first seen with mtime 1741778994.0110335
DEBUG 2025-04-21 17:15:27,159 autoreload File /home/karim/.local/lib/python3.10/site-packages/django/db/backends/base/schema.py first seen with mtime 1741778994.0180335
DEBUG 2025-04-21 17:15:27,159 autoreload File /usr/lib/python3.10/calendar.py first seen with mtime 1738681056.0
DEBUG 2025-04-21 17:15:27,160 autoreload File /usr/lib/python3/dist-packages/colorama/ansitowin32.py first seen with mtime 1602564393.0
DEBUG 2025-04-21 17:15:27,160 autoreload File /home/karim/.local/lib/python3.10/site-packages/django/urls/conf.py first seen with mtime 1741778994.0580335
DEBUG 2025-04-21 17:15:27,160 autoreload File /home/karim/.local/lib/python3.10/site-packages/django/db/backends/utils.py first seen with mtime 1741778994.0170336
DEBUG 2025-04-21 17:15:27,160 autoreload File /usr/lib/python3.10/_compat_pickle.py first seen with mtime 1738681056.0
DEBUG 2025-04-21 17:15:27,160 autoreload File /usr/lib/python3.10/platform.py first seen with mtime 1738681056.0
DEBUG 2025-04-21 17:15:27,160 autoreload File /home/karim/.local/lib/python3.10/site-packages/django/db/backends/sqlite3/_functions.py first seen with mtime 1741778994.0240335
DEBUG 2025-04-21 17:15:27,160 autoreload File /home/karim/.local/lib/python3.10/site-packages/django/core/management/commands/runserver.py first seen with mtime 1741778994.0130334
DEBUG 2025-04-21 17:15:27,160 autoreload File /usr/lib/python3.10/tempfile.py first seen with mtime 1738681056.0
DEBUG 2025-04-21 17:15:27,160 autoreload File /home/karim/CREM_Webapp/contact/urls.py first seen with mtime 1744904312.5719054
DEBUG 2025-04-21 17:15:27,160 autoreload File /home/karim/.local/lib/python3.10/site-packages/django/core/checks/__init__.py first seen with mtime 1741778994.0040333
DEBUG 2025-04-21 17:15:27,160 autoreload File /home/karim/.local/lib/python3.10/site-packages/django/core/mail/utils.py first seen with mtime 1741778994.0090334
DEBUG 2025-04-21 17:15:27,160 autoreload File /home/karim/.local/lib/python3.10/site-packages/django/core/servers/__init__.py first seen with mtime 1741778994.0160334
DEBUG 2025-04-21 17:15:27,160 autoreload File /home/karim/.local/lib/python3.10/site-packages/django/db/models/functions/math.py first seen with mtime 1741778994.0350335
DEBUG 2025-04-21 17:15:27,160 autoreload File /usr/lib/python3.10/struct.py first seen with mtime 1738681056.0
DEBUG 2025-04-21 17:15:27,160 autoreload File /home/karim/CREM_Webapp/CREM_Webapp/__init__.py first seen with mtime 1742568234.0074878
DEBUG 2025-04-21 17:15:27,160 autoreload File /home/karim/.local/lib/python3.10/site-packages/django/db/models/sql/where.py first seen with mtime 1741778994.0370336
DEBUG 2025-04-21 17:15:27,160 autoreload File /usr/lib/python3/dist-packages/apport_python_hook.py first seen with mtime 1720612581.0
DEBUG 2025-04-21 17:15:27,160 autoreload File /usr/lib/python3.10/email/mime/nonmultipart.py first seen with mtime 1738681056.0
DEBUG 2025-04-21 17:15:27,160 autoreload File /home/karim/.local/lib/python3.10/site-packages/django/core/checks/security/csrf.py first seen with mtime 1741778994.0060334
DEBUG 2025-04-21 17:15:27,160 autoreload File /home/karim/.local/lib/python3.10/site-packages/django/contrib/admin/decorators.py first seen with mtime 1741778993.5590327
DEBUG 2025-04-21 17:15:27,160 autoreload File /home/karim/.local/lib/python3.10/site-packages/django/db/models/deletion.py first seen with mtime 1741778994.0300336
DEBUG 2025-04-21 17:15:27,160 autoreload File /home/karim/.local/lib/python3.10/site-packages/django/utils/asyncio.py first seen with mtime 1741778994.0590336
DEBUG 2025-04-21 17:15:27,160 autoreload File /usr/lib/python3.10/wsgiref/__init__.py first seen with mtime 1738681056.0
DEBUG 2025-04-21 17:15:27,160 autoreload File /home/karim/.local/lib/python3.10/site-packages/django/db/models/__init__.py first seen with mtime 1741778994.0290334
DEBUG 2025-04-21 17:15:27,161 autoreload File /home/karim/CREM_Webapp/templates/Contact_EN.html first seen with mtime 1742568238.3015459
DEBUG 2025-04-21 17:15:27,161 autoreload File /home/karim/CREM_Webapp/templates/Home_EN.html first seen with mtime 1742568238.302546
DEBUG 2025-04-21 17:15:27,161 autoreload File /home/karim/CREM_Webapp/templates/emails first seen with mtime 1742568238.302546
DEBUG 2025-04-21 17:15:27,161 autoreload File /home/karim/CREM_Webapp/templates/platforms first seen with mtime 1738425588.7848206
DEBUG 2025-04-21 17:15:27,161 autoreload File /home/karim/CREM_Webapp/templates/includes first seen with mtime 1742568238.303546
DEBUG 2025-04-21 17:15:27,161 autoreload File /home/karim/CREM_Webapp/templates/emails/contactform.html first seen with mtime 1742568238.302546
DEBUG 2025-04-21 17:15:27,161 autoreload File /home/karim/CREM_Webapp/templates/platforms/SAI first seen with mtime 1742568238.311546
DEBUG 2025-04-21 17:15:27,161 autoreload File /home/karim/CREM_Webapp/templates/platforms/ASMP first seen with mtime 1742568238.306546
DEBUG 2025-04-21 17:15:27,161 autoreload File /home/karim/CREM_Webapp/templates/platforms/RESEE first seen with mtime 1742568238.3105462
DEBUG 2025-04-21 17:15:27,161 autoreload File /home/karim/CREM_Webapp/templates/platforms/MSC first seen with mtime 1742568238.308546
DEBUG 2025-04-21 17:15:27,161 autoreload File /home/karim/CREM_Webapp/templates/platforms/PCE first seen with mtime 1742568238.309546
DEBUG 2025-04-21 17:15:27,161 autoreload File /home/karim/CREM_Webapp/templates/platforms/AIDE first seen with mtime 1742568238.3045459
DEBUG 2025-04-21 17:15:27,161 autoreload File /home/karim/CREM_Webapp/templates/platforms/BIO first seen with mtime 1742568238.3075461
DEBUG 2025-04-21 17:15:27,161 autoreload File /home/karim/CREM_Webapp/templates/platforms/SAI/services.html first seen with mtime 1742568238.311546
DEBUG 2025-04-21 17:15:27,161 autoreload File /home/karim/CREM_Webapp/templates/platforms/SAI/innovation.html first seen with mtime 1742568238.311546
DEBUG 2025-04-21 17:15:27,161 autoreload File /home/karim/CREM_Webapp/templates/platforms/SAI/infrastructure.html first seen with mtime 1742568238.311546
DEBUG 2025-04-21 17:15:27,161 autoreload File /home/karim/CREM_Webapp/templates/platforms/SAI/index.html first seen with mtime 1742568238.311546
DEBUG 2025-04-21 17:15:27,161 autoreload File /home/karim/CREM_Webapp/templates/platforms/ASMP/services.html first seen with mtime 1742568238.306546
DEBUG 2025-04-21 17:15:27,162 autoreload File /home/karim/CREM_Webapp/templates/platforms/ASMP/innovation.html first seen with mtime 1742568238.305546
DEBUG 2025-04-21 17:15:27,162 autoreload File /home/karim/CREM_Webapp/templates/platforms/ASMP/infrastructure.html first seen with mtime 1742568238.305546
DEBUG 2025-04-21 17:15:27,162 autoreload File /home/karim/CREM_Webapp/templates/platforms/ASMP/index.html first seen with mtime 1742568238.3045459
DEBUG 2025-04-21 17:15:27,162 autoreload File /home/karim/CREM_Webapp/templates/platforms/RESEE/services.html first seen with mtime 1742568238.3105462
DEBUG 2025-04-21 17:15:27,162 autoreload File /home/karim/CREM_Webapp/templates/platforms/RESEE/innovation.html first seen with mtime 1742568238.3105462
DEBUG 2025-04-21 17:15:27,162 autoreload File /home/karim/CREM_Webapp/templates/platforms/RESEE/infrastructure.html first seen with mtime 1742568238.3105462
DEBUG 2025-04-21 17:15:27,162 autoreload File /home/karim/CREM_Webapp/templates/platforms/RESEE/index.html first seen with mtime 1742568238.3105462
DEBUG 2025-04-21 17:15:27,162 autoreload File /home/karim/CREM_Webapp/templates/platforms/MSC/services.html first seen with mtime 1742568238.308546
DEBUG 2025-04-21 17:15:27,162 autoreload File /home/karim/CREM_Webapp/templates/platforms/MSC/innovation.html first seen with mtime 1742568238.308546
DEBUG 2025-04-21 17:15:27,162 autoreload File /home/karim/CREM_Webapp/templates/platforms/MSC/infrastructure.html first seen with mtime 1742568238.308546
DEBUG 2025-04-21 17:15:27,162 autoreload File /home/karim/CREM_Webapp/templates/platforms/MSC/index.html first seen with mtime 1742568238.3075461
DEBUG 2025-04-21 17:15:27,162 autoreload File /home/karim/CREM_Webapp/templates/platforms/PCE/services.html first seen with mtime 1742568238.309546
DEBUG 2025-04-21 17:15:27,162 autoreload File /home/karim/CREM_Webapp/templates/platforms/PCE/innovation.html first seen with mtime 1742568238.309546
DEBUG 2025-04-21 17:15:27,162 autoreload File /home/karim/CREM_Webapp/templates/platforms/PCE/infrastructure.html first seen with mtime 1742568238.308546
DEBUG 2025-04-21 17:15:27,162 autoreload File /home/karim/CREM_Webapp/templates/platforms/PCE/index.html first seen with mtime 1742568238.308546
DEBUG 2025-04-21 17:15:27,162 autoreload File /home/karim/CREM_Webapp/templates/platforms/AIDE/services.html first seen with mtime 1742568238.3045459
DEBUG 2025-04-21 17:15:27,162 autoreload File /home/karim/CREM_Webapp/templates/platforms/AIDE/innovation.html first seen with mtime 1742568238.3045459
DEBUG 2025-04-21 17:15:27,162 autoreload File /home/karim/CREM_Webapp/templates/platforms/AIDE/infrastructure.html first seen with mtime 1742568238.3045459
DEBUG 2025-04-21 17:15:27,162 autoreload File /home/karim/CREM_Webapp/templates/platforms/AIDE/index.html first seen with mtime 1742568238.303546
DEBUG 2025-04-21 17:15:27,163 autoreload File /home/karim/CREM_Webapp/templates/platforms/BIO/services.html first seen with mtime 1742568238.3075461
DEBUG 2025-04-21 17:15:27,163 autoreload File /home/karim/CREM_Webapp/templates/platforms/BIO/innovation.html first seen with mtime 1742568238.3075461
DEBUG 2025-04-21 17:15:27,163 autoreload File /home/karim/CREM_Webapp/templates/platforms/BIO/infrastructure.html first seen with mtime 1742568238.306546
DEBUG 2025-04-21 17:15:27,163 autoreload File /home/karim/CREM_Webapp/templates/platforms/BIO/index.html first seen with mtime 1742568238.306546
DEBUG 2025-04-21 17:15:27,163 autoreload File /home/karim/CREM_Webapp/templates/includes/index_header.html first seen with mtime 1742568238.303546
DEBUG 2025-04-21 17:15:27,163 autoreload File /home/karim/CREM_Webapp/templates/includes/header.html first seen with mtime 1745250884.1030674
DEBUG 2025-04-21 17:15:27,163 autoreload File /home/karim/CREM_Webapp/templates/includes/footer.html first seen with mtime 1742568238.302546
DEBUG 2025-04-21 17:15:27,163 autoreload File /home/karim/CREM_Webapp/templates/includes/contact_header.html first seen with mtime 1742568238.302546
DEBUG 2025-04-21 17:15:28,210 autoreload File /home/karim/.local/lib/python3.10/site-packages/django/contrib/admin/migrations/0002_logentry_remove_auto_add.py first seen with mtime 1741778993.635033
DEBUG 2025-04-21 17:15:28,210 autoreload File /home/karim/.local/lib/python3.10/site-packages/django/contrib/contenttypes/migrations/0001_initial.py first seen with mtime 1741778993.769033
DEBUG 2025-04-21 17:15:28,210 autoreload File /home/karim/.local/lib/python3.10/site-packages/django/contrib/auth/migrations/0006_require_contenttypes_0002.py first seen with mtime 1741778993.739033
DEBUG 2025-04-21 17:15:28,211 autoreload File /home/karim/.local/lib/python3.10/site-packages/django/contrib/sessions/backends/db.py first seen with mtime 1741778993.9410334
DEBUG 2025-04-21 17:15:28,211 autoreload File /home/karim/.local/lib/python3.10/site-packages/django/contrib/auth/migrations/0012_alter_user_first_name_max_length.py first seen with mtime 1741778993.739033
DEBUG 2025-04-21 17:15:28,211 autoreload File /home/karim/.local/lib/python3.10/site-packages/django/contrib/admin/migrations/0003_logentry_add_action_flag_choices.py first seen with mtime 1741778993.635033
DEBUG 2025-04-21 17:15:28,211 autoreload File /home/karim/.local/lib/python3.10/site-packages/django/db/migrations/graph.py first seen with mtime 1741778994.0260334
DEBUG 2025-04-21 17:15:28,211 autoreload File /home/karim/.local/lib/python3.10/site-packages/django/contrib/auth/migrations/0007_alter_validators_add_error_messages.py first seen with mtime 1741778993.739033
DEBUG 2025-04-21 17:15:28,211 autoreload File /home/karim/.local/lib/python3.10/site-packages/django/contrib/sessions/migrations/0001_initial.py first seen with mtime 1741778993.9690335
DEBUG 2025-04-21 17:15:28,211 autoreload File /home/karim/.local/lib/python3.10/site-packages/django/contrib/sessions/middleware.py first seen with mtime 1741778993.9400334
DEBUG 2025-04-21 17:15:28,211 autoreload File /home/karim/.local/lib/python3.10/site-packages/django/contrib/auth/migrations/0005_alter_user_last_login_null.py first seen with mtime 1741778993.739033
DEBUG 2025-04-21 17:15:28,212 autoreload File /home/karim/.local/lib/python3.10/site-packages/django/contrib/auth/migrations/0008_alter_user_username_max_length.py first seen with mtime 1741778993.739033
DEBUG 2025-04-21 17:15:28,212 autoreload File /home/karim/.local/lib/python3.10/site-packages/django/contrib/contenttypes/migrations/0002_remove_content_type_name.py first seen with mtime 1741778993.769033
DEBUG 2025-04-21 17:15:28,212 autoreload File /home/karim/.local/lib/python3.10/site-packages/django/contrib/auth/migrations/0001_initial.py first seen with mtime 1741778993.738033
DEBUG 2025-04-21 17:15:28,212 autoreload File /home/karim/.local/lib/python3.10/site-packages/django/contrib/messages/middleware.py first seen with mtime 1741778993.8800333
DEBUG 2025-04-21 17:15:28,212 autoreload File /home/karim/CREM_Webapp/front_app/migrations/__init__.py first seen with mtime 1742568234.011488
DEBUG 2025-04-21 17:15:28,212 autoreload File /home/karim/.local/lib/python3.10/site-packages/django/contrib/sessions/backends/base.py first seen with mtime 1741778993.9400334
DEBUG 2025-04-21 17:15:28,212 autoreload File /home/karim/.local/lib/python3.10/site-packages/django/contrib/admin/migrations/0001_initial.py first seen with mtime 1741778993.635033
DEBUG 2025-04-21 17:15:28,213 autoreload File /home/karim/.local/lib/python3.10/site-packages/django/contrib/auth/backends.py first seen with mtime 1741778993.700033
DEBUG 2025-04-21 17:15:28,213 autoreload File /home/karim/.local/lib/python3.10/site-packages/django/db/migrations/loader.py first seen with mtime 1741778994.0260334
DEBUG 2025-04-21 17:15:28,213 autoreload File /usr/lib/python3/dist-packages/PIL/_imaging.cpython-310-x86_64-linux-gnu.so first seen with mtime 1713182429.0
DEBUG 2025-04-21 17:15:28,213 autoreload File /usr/lib/python3.10/stringprep.py first seen with mtime 1738681056.0
DEBUG 2025-04-21 17:15:28,213 autoreload File /home/karim/.local/lib/python3.10/site-packages/django/contrib/auth/migrations/0011_update_proxy_permissions.py first seen with mtime 1741778993.739033
DEBUG 2025-04-21 17:15:28,214 autoreload File /home/karim/CREM_Webapp/CREM_Webapp/wsgi.py first seen with mtime 1742568234.0074878
DEBUG 2025-04-21 17:15:28,214 autoreload File /home/karim/.local/lib/python3.10/site-packages/django/db/migrations/executor.py first seen with mtime 1741778994.0260334
DEBUG 2025-04-21 17:15:28,214 autoreload File /home/karim/.local/lib/python3.10/site-packages/django/middleware/common.py first seen with mtime 1741778994.0510335
DEBUG 2025-04-21 17:15:28,214 autoreload File /home/karim/.local/lib/python3.10/site-packages/django/contrib/contenttypes/migrations/__init__.py first seen with mtime 1741778993.769033
DEBUG 2025-04-21 17:15:28,214 autoreload File /home/karim/.local/lib/python3.10/site-packages/django/middleware/clickjacking.py first seen with mtime 1741778994.0510335
DEBUG 2025-04-21 17:15:28,214 autoreload File /usr/lib/python3.10/encodings/idna.py first seen with mtime 1738681056.0
DEBUG 2025-04-21 17:15:28,214 autoreload File /home/karim/.local/lib/python3.10/site-packages/django/contrib/sessions/migrations/__init__.py first seen with mtime 1741778993.9690335
DEBUG 2025-04-21 17:15:28,215 autoreload File /home/karim/.local/lib/python3.10/site-packages/django/contrib/auth/migrations/0010_alter_group_name_max_length.py first seen with mtime 1741778993.739033
DEBUG 2025-04-21 17:15:28,215 autoreload File /home/karim/.local/lib/python3.10/site-packages/django/db/migrations/recorder.py first seen with mtime 1741778994.0270336
DEBUG 2025-04-21 17:15:28,215 autoreload File /home/karim/.local/lib/python3.10/site-packages/django/contrib/auth/migrations/0004_alter_user_username_opts.py first seen with mtime 1741778993.739033
DEBUG 2025-04-21 17:15:28,215 autoreload File /usr/lib/python3/dist-packages/PIL/_util.py first seen with mtime 1643848538.0
DEBUG 2025-04-21 17:15:28,215 autoreload File /home/karim/.local/lib/python3.10/site-packages/django/contrib/sessions/backends/__init__.py first seen with mtime 1741778993.9400334
DEBUG 2025-04-21 17:15:28,215 autoreload File /home/karim/.local/lib/python3.10/site-packages/django/contrib/auth/migrations/__init__.py first seen with mtime 1741778993.740033
DEBUG 2025-04-21 17:15:28,216 autoreload File /home/karim/.local/lib/python3.10/site-packages/django/contrib/sessions/exceptions.py first seen with mtime 1741778993.9400334
DEBUG 2025-04-21 17:15:28,216 autoreload File /home/karim/.local/lib/python3.10/site-packages/django/contrib/auth/migrations/0002_alter_permission_name_max_length.py first seen with mtime 1741778993.738033
DEBUG 2025-04-21 17:15:28,216 autoreload File /home/karim/.local/lib/python3.10/site-packages/django/contrib/admin/migrations/__init__.py first seen with mtime 1741778993.6360328
DEBUG 2025-04-21 17:15:28,216 autoreload File /home/karim/.local/lib/python3.10/site-packages/django/contrib/auth/migrations/0009_alter_user_last_name_max_length.py first seen with mtime 1741778993.739033
DEBUG 2025-04-21 17:15:28,216 autoreload File /home/karim/.local/lib/python3.10/site-packages/django/contrib/auth/migrations/0003_alter_user_email_max_length.py first seen with mtime 1741778993.738033
DEBUG 2025-04-21 17:15:28,216 autoreload File /home/karim/.local/lib/python3.10/site-packages/django/contrib/auth/middleware.py first seen with mtime 1741778993.702033
DEBUG 2025-04-21 17:15:28,217 autoreload File /home/karim/.local/lib/python3.10/site-packages/django/core/cache/backends/locmem.py first seen with mtime 1741778994.0030334
DEBUG 2025-04-21 17:15:28,217 autoreload File /home/karim/.local/lib/python3.10/site-packages/django/middleware/security.py first seen with mtime 1741778994.0510335
DEBUG 2025-04-21 17:15:28,217 autoreload File /home/karim/.local/lib/python3.10/site-packages/django/db/models/sql/compiler.py first seen with mtime 1741778994.0360334
DEBUG 2025-04-21 17:15:29,713 base Exception while resolving variable 'status' in template 'Home_EN.html'.
Traceback (most recent call last):
  File "/home/karim/.local/lib/python3.10/site-packages/django/utils/datastructures.py", line 84, in __getitem__
    list_ = super().__getitem__(key)
KeyError: 'status'

During handling of the above exception, another exception occurred:

Traceback (most recent call last):
  File "/home/karim/.local/lib/python3.10/site-packages/django/template/base.py", line 875, in _resolve_lookup
    current = current[bit]
  File "/home/karim/.local/lib/python3.10/site-packages/django/utils/datastructures.py", line 86, in __getitem__
    raise MultiValueDictKeyError(key)
django.utils.datastructures.MultiValueDictKeyError: 'status'

During handling of the above exception, another exception occurred:

Traceback (most recent call last):
  File "/home/karim/.local/lib/python3.10/site-packages/django/template/base.py", line 885, in _resolve_lookup
    current = getattr(current, bit)
AttributeError: 'QueryDict' object has no attribute 'status'

During handling of the above exception, another exception occurred:

Traceback (most recent call last):
  File "/home/karim/.local/lib/python3.10/site-packages/django/template/base.py", line 891, in _resolve_lookup
    current = current[int(bit)]
ValueError: invalid literal for int() with base 10: 'status'

During handling of the above exception, another exception occurred:

Traceback (most recent call last):
  File "/home/karim/.local/lib/python3.10/site-packages/django/template/base.py", line 898, in _resolve_lookup
    raise VariableDoesNotExist(
django.template.base.VariableDoesNotExist: Failed lookup for key [status] in <QueryDict: {}>
DEBUG 2025-04-21 17:15:29,714 base Exception while resolving variable 'status' in template 'Home_EN.html'.
Traceback (most recent call last):
  File "/home/karim/.local/lib/python3.10/site-packages/django/utils/datastructures.py", line 84, in __getitem__
    list_ = super().__getitem__(key)
KeyError: 'status'

During handling of the above exception, another exception occurred:

Traceback (most recent call last):
  File "/home/karim/.local/lib/python3.10/site-packages/django/template/base.py", line 875, in _resolve_lookup
    current = current[bit]
  File "/home/karim/.local/lib/python3.10/site-packages/django/utils/datastructures.py", line 86, in __getitem__
    raise MultiValueDictKeyError(key)
django.utils.datastructures.MultiValueDictKeyError: 'status'

During handling of the above exception, another exception occurred:

Traceback (most recent call last):
  File "/home/karim/.local/lib/python3.10/site-packages/django/template/base.py", line 885, in _resolve_lookup
    current = getattr(current, bit)
AttributeError: 'QueryDict' object has no attribute 'status'

During handling of the above exception, another exception occurred:

Traceback (most recent call last):
  File "/home/karim/.local/lib/python3.10/site-packages/django/template/base.py", line 891, in _resolve_lookup
    current = current[int(bit)]
ValueError: invalid literal for int() with base 10: 'status'

During handling of the above exception, another exception occurred:

Traceback (most recent call last):
  File "/home/karim/.local/lib/python3.10/site-packages/django/template/base.py", line 898, in _resolve_lookup
    raise VariableDoesNotExist(
django.template.base.VariableDoesNotExist: Failed lookup for key [status] in <QueryDict: {}>
INFO 2025-04-21 17:15:29,718 basehttp "GET / HTTP/1.1" 200 25613
DEBUG 2025-04-21 17:15:29,834 base Exception while resolving variable 'name' in template 'unknown'.
Traceback (most recent call last):
  File "/home/karim/.local/lib/python3.10/site-packages/django/core/handlers/exception.py", line 55, in inner
    response = get_response(request)
  File "/home/karim/.local/lib/python3.10/site-packages/django/core/handlers/base.py", line 181, in _get_response
    callback, callback_args, callback_kwargs = self.resolve_request(request)
  File "/home/karim/.local/lib/python3.10/site-packages/django/core/handlers/base.py", line 313, in resolve_request
    resolver_match = resolver.resolve(request.path_info)
  File "/home/karim/.local/lib/python3.10/site-packages/django/urls/resolvers.py", line 725, in resolve
    raise Resolver404({"tried": tried, "path": new_path})
django.urls.exceptions.Resolver404: {'tried': [[<URLResolver <URLPattern list> (admin:admin) 'admin/'>], [<URLResolver <module 'front_app.urls' from '/home/karim/CREM_Webapp/front_app/urls.py'> (None:None) ''>, <URLPattern '' [name='home']>], [<URLResolver <module 'front_app.urls' from '/home/karim/CREM_Webapp/front_app/urls.py'> (None:None) ''>, <URLPattern 'contact/' [name='contact']>], [<URLResolver <module 'front_app.urls' from '/home/karim/CREM_Webapp/front_app/urls.py'> (None:None) ''>, <URLPattern 'AIDE/infrastructure/' [name='AIDE_infrastructure']>], [<URLResolver <module 'front_app.urls' from '/home/karim/CREM_Webapp/front_app/urls.py'> (None:None) ''>, <URLPattern 'AIDE/services/' [name='AIDE_services']>], [<URLResolver <module 'front_app.urls' from '/home/karim/CREM_Webapp/front_app/urls.py'> (None:None) ''>, <URLPattern 'AIDE/index/' [name='AIDE_index']>], [<URLResolver <module 'front_app.urls' from '/home/karim/CREM_Webapp/front_app/urls.py'> (None:None) ''>, <URLPattern 'AIDE/innovation/' [name='AIDE_innovation']>], [<URLResolver <module 'front_app.urls' from '/home/karim/CREM_Webapp/front_app/urls.py'> (None:None) ''>, <URLPattern 'ASMP/infrastructure/' [name='ASMP_infrastructure']>], [<URLResolver <module 'front_app.urls' from '/home/karim/CREM_Webapp/front_app/urls.py'> (None:None) ''>, <URLPattern 'ASMP/services/' [name='ASMP_services']>], [<URLResolver <module 'front_app.urls' from '/home/karim/CREM_Webapp/front_app/urls.py'> (None:None) ''>, <URLPattern 'ASMP/index/' [name='ASMP_index']>], [<URLResolver <module 'front_app.urls' from '/home/karim/CREM_Webapp/front_app/urls.py'> (None:None) ''>, <URLPattern 'ASMP/innovation/' [name='ASMP_innovation']>], [<URLResolver <module 'front_app.urls' from '/home/karim/CREM_Webapp/front_app/urls.py'> (None:None) ''>, <URLPattern 'BIO/infrastructure/' [name='BIO_infrastructure']>], [<URLResolver <module 'front_app.urls' from '/home/karim/CREM_Webapp/front_app/urls.py'> (None:None) ''>, <URLPattern 'BIO/services/' [name='BIO_services']>], [<URLResolver <module 'front_app.urls' from '/home/karim/CREM_Webapp/front_app/urls.py'> (None:None) ''>, <URLPattern 'BIO/index/' [name='BIO_index']>], [<URLResolver <module 'front_app.urls' from '/home/karim/CREM_Webapp/front_app/urls.py'> (None:None) ''>, <URLPattern 'BIO/innovation/' [name='BIO_innovation']>], [<URLResolver <module 'front_app.urls' from '/home/karim/CREM_Webapp/front_app/urls.py'> (None:None) ''>, <URLPattern 'MSC/infrastructure/' [name='MSC_infrastructure']>], [<URLResolver <module 'front_app.urls' from '/home/karim/CREM_Webapp/front_app/urls.py'> (None:None) ''>, <URLPattern 'MSC/services/' [name='MSC_services']>], [<URLResolver <module 'front_app.urls' from '/home/karim/CREM_Webapp/front_app/urls.py'> (None:None) ''>, <URLPattern 'MSC/index/' [name='MSC_index']>], [<URLResolver <module 'front_app.urls' from '/home/karim/CREM_Webapp/front_app/urls.py'> (None:None) ''>, <URLPattern 'MSC/innovation/' [name='MSC_innovation']>], [<URLResolver <module 'front_app.urls' from '/home/karim/CREM_Webapp/front_app/urls.py'> (None:None) ''>, <URLPattern 'PCE/infrastructure/' [name='PCE_infrastructure']>], [<URLResolver <module 'front_app.urls' from '/home/karim/CREM_Webapp/front_app/urls.py'> (None:None) ''>, <URLPattern 'PCE/services/' [name='PCE_services']>], [<URLResolver <module 'front_app.urls' from '/home/karim/CREM_Webapp/front_app/urls.py'> (None:None) ''>, <URLPattern 'PCE/index/' [name='PCE_index']>], [<URLResolver <module 'front_app.urls' from '/home/karim/CREM_Webapp/front_app/urls.py'> (None:None) ''>, <URLPattern 'PCE/innovation/' [name='PCE_innovation']>], [<URLResolver <module 'front_app.urls' from '/home/karim/CREM_Webapp/front_app/urls.py'> (None:None) ''>, <URLPattern 'RESEE/infrastructure/' [name='RESEE_infrastructure']>], [<URLResolver <module 'front_app.urls' from '/home/karim/CREM_Webapp/front_app/urls.py'> (None:None) ''>, <URLPattern 'RESEE/services/' [name='RESEE_services']>], [<URLResolver <module 'front_app.urls' from '/home/karim/CREM_Webapp/front_app/urls.py'> (None:None) ''>, <URLPattern 'RESEE/index/' [name='RESEE_index']>], [<URLResolver <module 'front_app.urls' from '/home/karim/CREM_Webapp/front_app/urls.py'> (None:None) ''>, <URLPattern 'RESEE/innovation/' [name='RESEE_innovation']>], [<URLResolver <module 'front_app.urls' from '/home/karim/CREM_Webapp/front_app/urls.py'> (None:None) ''>, <URLPattern 'SAI/infrastructure/' [name='SAI_infrastructure']>], [<URLResolver <module 'front_app.urls' from '/home/karim/CREM_Webapp/front_app/urls.py'> (None:None) ''>, <URLPattern 'SAI/services/' [name='SAI_services']>], [<URLResolver <module 'front_app.urls' from '/home/karim/CREM_Webapp/front_app/urls.py'> (None:None) ''>, <URLPattern 'SAI/index/' [name='SAI_index']>], [<URLResolver <module 'front_app.urls' from '/home/karim/CREM_Webapp/front_app/urls.py'> (None:None) ''>, <URLPattern 'SAI/innovation/' [name='SAI_innovation']>], [<URLResolver <module 'instrumentation.urls' from '/home/karim/CREM_Webapp/instrumentation/urls.py'> (None:None) 'instrumentation/'>], [<URLResolver <module 'contact.urls' from '/home/karim/CREM_Webapp/contact/urls.py'> (None:None) 'contact/'>], [<URLPattern '^media/(?P<path>.*)$'>]], 'path': 'images/static-media/landing-video-bg.jpg'}

During handling of the above exception, another exception occurred:

Traceback (most recent call last):
  File "/home/karim/.local/lib/python3.10/site-packages/django/template/base.py", line 875, in _resolve_lookup
    current = current[bit]
TypeError: 'URLResolver' object is not subscriptable

During handling of the above exception, another exception occurred:

Traceback (most recent call last):
  File "/home/karim/.local/lib/python3.10/site-packages/django/template/base.py", line 885, in _resolve_lookup
    current = getattr(current, bit)
AttributeError: 'URLResolver' object has no attribute 'name'

During handling of the above exception, another exception occurred:

Traceback (most recent call last):
  File "/home/karim/.local/lib/python3.10/site-packages/django/template/base.py", line 891, in _resolve_lookup
    current = current[int(bit)]
ValueError: invalid literal for int() with base 10: 'name'

During handling of the above exception, another exception occurred:

Traceback (most recent call last):
  File "/home/karim/.local/lib/python3.10/site-packages/django/template/base.py", line 898, in _resolve_lookup
    raise VariableDoesNotExist(
django.template.base.VariableDoesNotExist: Failed lookup for key [name] in <URLResolver <URLPattern list> (admin:admin) 'admin/'>
DEBUG 2025-04-21 17:15:29,838 base Exception while resolving variable 'name' in template 'unknown'.
Traceback (most recent call last):
  File "/home/karim/.local/lib/python3.10/site-packages/django/core/handlers/exception.py", line 55, in inner
    response = get_response(request)
  File "/home/karim/.local/lib/python3.10/site-packages/django/core/handlers/base.py", line 181, in _get_response
    callback, callback_args, callback_kwargs = self.resolve_request(request)
  File "/home/karim/.local/lib/python3.10/site-packages/django/core/handlers/base.py", line 313, in resolve_request
    resolver_match = resolver.resolve(request.path_info)
  File "/home/karim/.local/lib/python3.10/site-packages/django/urls/resolvers.py", line 725, in resolve
    raise Resolver404({"tried": tried, "path": new_path})
django.urls.exceptions.Resolver404: {'tried': [[<URLResolver <URLPattern list> (admin:admin) 'admin/'>], [<URLResolver <module 'front_app.urls' from '/home/karim/CREM_Webapp/front_app/urls.py'> (None:None) ''>, <URLPattern '' [name='home']>], [<URLResolver <module 'front_app.urls' from '/home/karim/CREM_Webapp/front_app/urls.py'> (None:None) ''>, <URLPattern 'contact/' [name='contact']>], [<URLResolver <module 'front_app.urls' from '/home/karim/CREM_Webapp/front_app/urls.py'> (None:None) ''>, <URLPattern 'AIDE/infrastructure/' [name='AIDE_infrastructure']>], [<URLResolver <module 'front_app.urls' from '/home/karim/CREM_Webapp/front_app/urls.py'> (None:None) ''>, <URLPattern 'AIDE/services/' [name='AIDE_services']>], [<URLResolver <module 'front_app.urls' from '/home/karim/CREM_Webapp/front_app/urls.py'> (None:None) ''>, <URLPattern 'AIDE/index/' [name='AIDE_index']>], [<URLResolver <module 'front_app.urls' from '/home/karim/CREM_Webapp/front_app/urls.py'> (None:None) ''>, <URLPattern 'AIDE/innovation/' [name='AIDE_innovation']>], [<URLResolver <module 'front_app.urls' from '/home/karim/CREM_Webapp/front_app/urls.py'> (None:None) ''>, <URLPattern 'ASMP/infrastructure/' [name='ASMP_infrastructure']>], [<URLResolver <module 'front_app.urls' from '/home/karim/CREM_Webapp/front_app/urls.py'> (None:None) ''>, <URLPattern 'ASMP/services/' [name='ASMP_services']>], [<URLResolver <module 'front_app.urls' from '/home/karim/CREM_Webapp/front_app/urls.py'> (None:None) ''>, <URLPattern 'ASMP/index/' [name='ASMP_index']>], [<URLResolver <module 'front_app.urls' from '/home/karim/CREM_Webapp/front_app/urls.py'> (None:None) ''>, <URLPattern 'ASMP/innovation/' [name='ASMP_innovation']>], [<URLResolver <module 'front_app.urls' from '/home/karim/CREM_Webapp/front_app/urls.py'> (None:None) ''>, <URLPattern 'BIO/infrastructure/' [name='BIO_infrastructure']>], [<URLResolver <module 'front_app.urls' from '/home/karim/CREM_Webapp/front_app/urls.py'> (None:None) ''>, <URLPattern 'BIO/services/' [name='BIO_services']>], [<URLResolver <module 'front_app.urls' from '/home/karim/CREM_Webapp/front_app/urls.py'> (None:None) ''>, <URLPattern 'BIO/index/' [name='BIO_index']>], [<URLResolver <module 'front_app.urls' from '/home/karim/CREM_Webapp/front_app/urls.py'> (None:None) ''>, <URLPattern 'BIO/innovation/' [name='BIO_innovation']>], [<URLResolver <module 'front_app.urls' from '/home/karim/CREM_Webapp/front_app/urls.py'> (None:None) ''>, <URLPattern 'MSC/infrastructure/' [name='MSC_infrastructure']>], [<URLResolver <module 'front_app.urls' from '/home/karim/CREM_Webapp/front_app/urls.py'> (None:None) ''>, <URLPattern 'MSC/services/' [name='MSC_services']>], [<URLResolver <module 'front_app.urls' from '/home/karim/CREM_Webapp/front_app/urls.py'> (None:None) ''>, <URLPattern 'MSC/index/' [name='MSC_index']>], [<URLResolver <module 'front_app.urls' from '/home/karim/CREM_Webapp/front_app/urls.py'> (None:None) ''>, <URLPattern 'MSC/innovation/' [name='MSC_innovation']>], [<URLResolver <module 'front_app.urls' from '/home/karim/CREM_Webapp/front_app/urls.py'> (None:None) ''>, <URLPattern 'PCE/infrastructure/' [name='PCE_infrastructure']>], [<URLResolver <module 'front_app.urls' from '/home/karim/CREM_Webapp/front_app/urls.py'> (None:None) ''>, <URLPattern 'PCE/services/' [name='PCE_services']>], [<URLResolver <module 'front_app.urls' from '/home/karim/CREM_Webapp/front_app/urls.py'> (None:None) ''>, <URLPattern 'PCE/index/' [name='PCE_index']>], [<URLResolver <module 'front_app.urls' from '/home/karim/CREM_Webapp/front_app/urls.py'> (None:None) ''>, <URLPattern 'PCE/innovation/' [name='PCE_innovation']>], [<URLResolver <module 'front_app.urls' from '/home/karim/CREM_Webapp/front_app/urls.py'> (None:None) ''>, <URLPattern 'RESEE/infrastructure/' [name='RESEE_infrastructure']>], [<URLResolver <module 'front_app.urls' from '/home/karim/CREM_Webapp/front_app/urls.py'> (None:None) ''>, <URLPattern 'RESEE/services/' [name='RESEE_services']>], [<URLResolver <module 'front_app.urls' from '/home/karim/CREM_Webapp/front_app/urls.py'> (None:None) ''>, <URLPattern 'RESEE/index/' [name='RESEE_index']>], [<URLResolver <module 'front_app.urls' from '/home/karim/CREM_Webapp/front_app/urls.py'> (None:None) ''>, <URLPattern 'RESEE/innovation/' [name='RESEE_innovation']>], [<URLResolver <module 'front_app.urls' from '/home/karim/CREM_Webapp/front_app/urls.py'> (None:None) ''>, <URLPattern 'SAI/infrastructure/' [name='SAI_infrastructure']>], [<URLResolver <module 'front_app.urls' from '/home/karim/CREM_Webapp/front_app/urls.py'> (None:None) ''>, <URLPattern 'SAI/services/' [name='SAI_services']>], [<URLResolver <module 'front_app.urls' from '/home/karim/CREM_Webapp/front_app/urls.py'> (None:None) ''>, <URLPattern 'SAI/index/' [name='SAI_index']>], [<URLResolver <module 'front_app.urls' from '/home/karim/CREM_Webapp/front_app/urls.py'> (None:None) ''>, <URLPattern 'SAI/innovation/' [name='SAI_innovation']>], [<URLResolver <module 'instrumentation.urls' from '/home/karim/CREM_Webapp/instrumentation/urls.py'> (None:None) 'instrumentation/'>], [<URLResolver <module 'contact.urls' from '/home/karim/CREM_Webapp/contact/urls.py'> (None:None) 'contact/'>], [<URLPattern '^media/(?P<path>.*)$'>]], 'path': 'images/static-media/landing-video-bg.jpg'}

During handling of the above exception, another exception occurred:

Traceback (most recent call last):
  File "/home/karim/.local/lib/python3.10/site-packages/django/template/base.py", line 875, in _resolve_lookup
    current = current[bit]
TypeError: 'URLResolver' object is not subscriptable

During handling of the above exception, another exception occurred:

Traceback (most recent call last):
  File "/home/karim/.local/lib/python3.10/site-packages/django/template/base.py", line 885, in _resolve_lookup
    current = getattr(current, bit)
AttributeError: 'URLResolver' object has no attribute 'name'

During handling of the above exception, another exception occurred:

Traceback (most recent call last):
  File "/home/karim/.local/lib/python3.10/site-packages/django/template/base.py", line 891, in _resolve_lookup
    current = current[int(bit)]
ValueError: invalid literal for int() with base 10: 'name'

During handling of the above exception, another exception occurred:

Traceback (most recent call last):
  File "/home/karim/.local/lib/python3.10/site-packages/django/template/base.py", line 898, in _resolve_lookup
    raise VariableDoesNotExist(
django.template.base.VariableDoesNotExist: Failed lookup for key [name] in <URLResolver <module 'instrumentation.urls' from '/home/karim/CREM_Webapp/instrumentation/urls.py'> (None:None) 'instrumentation/'>
DEBUG 2025-04-21 17:15:29,839 base Exception while resolving variable 'name' in template 'unknown'.
Traceback (most recent call last):
  File "/home/karim/.local/lib/python3.10/site-packages/django/core/handlers/exception.py", line 55, in inner
    response = get_response(request)
  File "/home/karim/.local/lib/python3.10/site-packages/django/core/handlers/base.py", line 181, in _get_response
    callback, callback_args, callback_kwargs = self.resolve_request(request)
  File "/home/karim/.local/lib/python3.10/site-packages/django/core/handlers/base.py", line 313, in resolve_request
    resolver_match = resolver.resolve(request.path_info)
  File "/home/karim/.local/lib/python3.10/site-packages/django/urls/resolvers.py", line 725, in resolve
    raise Resolver404({"tried": tried, "path": new_path})
django.urls.exceptions.Resolver404: {'tried': [[<URLResolver <URLPattern list> (admin:admin) 'admin/'>], [<URLResolver <module 'front_app.urls' from '/home/karim/CREM_Webapp/front_app/urls.py'> (None:None) ''>, <URLPattern '' [name='home']>], [<URLResolver <module 'front_app.urls' from '/home/karim/CREM_Webapp/front_app/urls.py'> (None:None) ''>, <URLPattern 'contact/' [name='contact']>], [<URLResolver <module 'front_app.urls' from '/home/karim/CREM_Webapp/front_app/urls.py'> (None:None) ''>, <URLPattern 'AIDE/infrastructure/' [name='AIDE_infrastructure']>], [<URLResolver <module 'front_app.urls' from '/home/karim/CREM_Webapp/front_app/urls.py'> (None:None) ''>, <URLPattern 'AIDE/services/' [name='AIDE_services']>], [<URLResolver <module 'front_app.urls' from '/home/karim/CREM_Webapp/front_app/urls.py'> (None:None) ''>, <URLPattern 'AIDE/index/' [name='AIDE_index']>], [<URLResolver <module 'front_app.urls' from '/home/karim/CREM_Webapp/front_app/urls.py'> (None:None) ''>, <URLPattern 'AIDE/innovation/' [name='AIDE_innovation']>], [<URLResolver <module 'front_app.urls' from '/home/karim/CREM_Webapp/front_app/urls.py'> (None:None) ''>, <URLPattern 'ASMP/infrastructure/' [name='ASMP_infrastructure']>], [<URLResolver <module 'front_app.urls' from '/home/karim/CREM_Webapp/front_app/urls.py'> (None:None) ''>, <URLPattern 'ASMP/services/' [name='ASMP_services']>], [<URLResolver <module 'front_app.urls' from '/home/karim/CREM_Webapp/front_app/urls.py'> (None:None) ''>, <URLPattern 'ASMP/index/' [name='ASMP_index']>], [<URLResolver <module 'front_app.urls' from '/home/karim/CREM_Webapp/front_app/urls.py'> (None:None) ''>, <URLPattern 'ASMP/innovation/' [name='ASMP_innovation']>], [<URLResolver <module 'front_app.urls' from '/home/karim/CREM_Webapp/front_app/urls.py'> (None:None) ''>, <URLPattern 'BIO/infrastructure/' [name='BIO_infrastructure']>], [<URLResolver <module 'front_app.urls' from '/home/karim/CREM_Webapp/front_app/urls.py'> (None:None) ''>, <URLPattern 'BIO/services/' [name='BIO_services']>], [<URLResolver <module 'front_app.urls' from '/home/karim/CREM_Webapp/front_app/urls.py'> (None:None) ''>, <URLPattern 'BIO/index/' [name='BIO_index']>], [<URLResolver <module 'front_app.urls' from '/home/karim/CREM_Webapp/front_app/urls.py'> (None:None) ''>, <URLPattern 'BIO/innovation/' [name='BIO_innovation']>], [<URLResolver <module 'front_app.urls' from '/home/karim/CREM_Webapp/front_app/urls.py'> (None:None) ''>, <URLPattern 'MSC/infrastructure/' [name='MSC_infrastructure']>], [<URLResolver <module 'front_app.urls' from '/home/karim/CREM_Webapp/front_app/urls.py'> (None:None) ''>, <URLPattern 'MSC/services/' [name='MSC_services']>], [<URLResolver <module 'front_app.urls' from '/home/karim/CREM_Webapp/front_app/urls.py'> (None:None) ''>, <URLPattern 'MSC/index/' [name='MSC_index']>], [<URLResolver <module 'front_app.urls' from '/home/karim/CREM_Webapp/front_app/urls.py'> (None:None) ''>, <URLPattern 'MSC/innovation/' [name='MSC_innovation']>], [<URLResolver <module 'front_app.urls' from '/home/karim/CREM_Webapp/front_app/urls.py'> (None:None) ''>, <URLPattern 'PCE/infrastructure/' [name='PCE_infrastructure']>], [<URLResolver <module 'front_app.urls' from '/home/karim/CREM_Webapp/front_app/urls.py'> (None:None) ''>, <URLPattern 'PCE/services/' [name='PCE_services']>], [<URLResolver <module 'front_app.urls' from '/home/karim/CREM_Webapp/front_app/urls.py'> (None:None) ''>, <URLPattern 'PCE/index/' [name='PCE_index']>], [<URLResolver <module 'front_app.urls' from '/home/karim/CREM_Webapp/front_app/urls.py'> (None:None) ''>, <URLPattern 'PCE/innovation/' [name='PCE_innovation']>], [<URLResolver <module 'front_app.urls' from '/home/karim/CREM_Webapp/front_app/urls.py'> (None:None) ''>, <URLPattern 'RESEE/infrastructure/' [name='RESEE_infrastructure']>], [<URLResolver <module 'front_app.urls' from '/home/karim/CREM_Webapp/front_app/urls.py'> (None:None) ''>, <URLPattern 'RESEE/services/' [name='RESEE_services']>], [<URLResolver <module 'front_app.urls' from '/home/karim/CREM_Webapp/front_app/urls.py'> (None:None) ''>, <URLPattern 'RESEE/index/' [name='RESEE_index']>], [<URLResolver <module 'front_app.urls' from '/home/karim/CREM_Webapp/front_app/urls.py'> (None:None) ''>, <URLPattern 'RESEE/innovation/' [name='RESEE_innovation']>], [<URLResolver <module 'front_app.urls' from '/home/karim/CREM_Webapp/front_app/urls.py'> (None:None) ''>, <URLPattern 'SAI/infrastructure/' [name='SAI_infrastructure']>], [<URLResolver <module 'front_app.urls' from '/home/karim/CREM_Webapp/front_app/urls.py'> (None:None) ''>, <URLPattern 'SAI/services/' [name='SAI_services']>], [<URLResolver <module 'front_app.urls' from '/home/karim/CREM_Webapp/front_app/urls.py'> (None:None) ''>, <URLPattern 'SAI/index/' [name='SAI_index']>], [<URLResolver <module 'front_app.urls' from '/home/karim/CREM_Webapp/front_app/urls.py'> (None:None) ''>, <URLPattern 'SAI/innovation/' [name='SAI_innovation']>], [<URLResolver <module 'instrumentation.urls' from '/home/karim/CREM_Webapp/instrumentation/urls.py'> (None:None) 'instrumentation/'>], [<URLResolver <module 'contact.urls' from '/home/karim/CREM_Webapp/contact/urls.py'> (None:None) 'contact/'>], [<URLPattern '^media/(?P<path>.*)$'>]], 'path': 'images/static-media/landing-video-bg.jpg'}

During handling of the above exception, another exception occurred:

Traceback (most recent call last):
  File "/home/karim/.local/lib/python3.10/site-packages/django/template/base.py", line 875, in _resolve_lookup
    current = current[bit]
TypeError: 'URLResolver' object is not subscriptable

During handling of the above exception, another exception occurred:

Traceback (most recent call last):
  File "/home/karim/.local/lib/python3.10/site-packages/django/template/base.py", line 885, in _resolve_lookup
    current = getattr(current, bit)
AttributeError: 'URLResolver' object has no attribute 'name'

During handling of the above exception, another exception occurred:

Traceback (most recent call last):
  File "/home/karim/.local/lib/python3.10/site-packages/django/template/base.py", line 891, in _resolve_lookup
    current = current[int(bit)]
ValueError: invalid literal for int() with base 10: 'name'

During handling of the above exception, another exception occurred:

Traceback (most recent call last):
  File "/home/karim/.local/lib/python3.10/site-packages/django/template/base.py", line 898, in _resolve_lookup
    raise VariableDoesNotExist(
django.template.base.VariableDoesNotExist: Failed lookup for key [name] in <URLResolver <module 'contact.urls' from '/home/karim/CREM_Webapp/contact/urls.py'> (None:None) 'contact/'>
WARNING 2025-04-21 17:15:29,840 log Not Found: /images/static-media/landing-video-bg.jpg
WARNING 2025-04-21 17:15:29,840 basehttp "GET /images/static-media/landing-video-bg.jpg HTTP/1.1" 404 8053
INFO 2025-04-21 17:15:30,372 basehttp "GET /static/video/INTRO.mp4 HTTP/1.1" 200 21083247
DEBUG 2025-04-21 17:15:30,446 autoreload File /home/karim/.local/lib/python3.10/site-packages/django/contrib/staticfiles/storage.py first seen with mtime 1741778994.0000334
DEBUG 2025-04-21 17:15:30,448 autoreload File /home/karim/.local/lib/python3.10/site-packages/django/contrib/auth/context_processors.py first seen with mtime 1741778993.7010329
DEBUG 2025-04-21 17:15:30,449 autoreload File /home/karim/.local/lib/python3.10/site-packages/django/contrib/messages/storage/session.py first seen with mtime 1741778993.8810332
DEBUG 2025-04-21 17:15:30,452 autoreload File /home/karim/.local/lib/python3.10/site-packages/django/contrib/messages/context_processors.py first seen with mtime 1741778993.8790333
DEBUG 2025-04-21 17:15:30,453 autoreload File /home/karim/.local/lib/python3.10/site-packages/django/template/context_processors.py first seen with mtime 1741778994.0520334
DEBUG 2025-04-21 17:15:30,454 autoreload File /home/karim/.local/lib/python3.10/site-packages/django/contrib/sessions/serializers.py first seen with mtime 1741778993.9400334
DEBUG 2025-04-21 17:15:30,456 autoreload File /home/karim/.local/lib/python3.10/site-packages/django/contrib/messages/storage/cookie.py first seen with mtime 1741778993.8800333
DEBUG 2025-04-21 17:15:30,456 autoreload File /home/karim/.local/lib/python3.10/site-packages/django/contrib/messages/storage/fallback.py first seen with mtime 1741778993.8800333
